ISO-10303-21;
HEADER;
/* Generated by software containing ST-Developer
 * from STEP Tools, Inc. (www.steptools.com) 
 */

FILE_DESCRIPTION(
/* description */ (''),
/* implementation_level */ '2;1');

FILE_NAME(
/* name */ 'base.step',
/* time_stamp */ '2025-09-07T12:03:26+03:00',
/* author */ (''),
/* organization */ (''),
/* preprocessor_version */ 'ST-DEVELOPER v20.1',
/* originating_system */ 'Autodesk Translation Framework v14.10.0.0',
/* authorisation */ '');

FILE_SCHEMA (('AUTOMOTIVE_DESIGN { 1 0 10303 214 3 1 1 }'));
ENDSEC;

DATA;
#10=MECHANICAL_DESIGN_GEOMETRIC_PRESENTATION_REPRESENTATION('',(#13),#2554);
#11=SHAPE_REPRESENTATION_RELATIONSHIP('SRR','None',#2561,#12);
#12=ADVANCED_BREP_SHAPE_REPRESENTATION('',(#14),#2553);
#13=STYLED_ITEM('',(#2571),#14);
#14=MANIFOLD_SOLID_BREP('base',#803);
#15=CONICAL_SURFACE('',#907,10.55,0.785398163397448);
#16=FACE_BOUND('',#113,.T.);
#17=FACE_BOUND('',#115,.T.);
#18=B_SPLINE_SURFACE_WITH_KNOTS('',3,3,((#1796,#1797,#1798,#1799,#1800,
#1801,#1802,#1803,#1804,#1805,#1806,#1807,#1808,#1809,#1810,#1811,#1812,
#1813,#1814,#1815,#1816,#1817,#1818,#1819,#1820,#1821,#1822,#1823,#1824,
#1825,#1826,#1827,#1828,#1829,#1830,#1831,#1832),(#1833,#1834,#1835,#1836,
#1837,#1838,#1839,#1840,#1841,#1842,#1843,#1844,#1845,#1846,#1847,#1848,
#1849,#1850,#1851,#1852,#1853,#1854,#1855,#1856,#1857,#1858,#1859,#1860,
#1861,#1862,#1863,#1864,#1865,#1866,#1867,#1868,#1869),(#1870,#1871,#1872,
#1873,#1874,#1875,#1876,#1877,#1878,#1879,#1880,#1881,#1882,#1883,#1884,
#1885,#1886,#1887,#1888,#1889,#1890,#1891,#1892,#1893,#1894,#1895,#1896,
#1897,#1898,#1899,#1900,#1901,#1902,#1903,#1904,#1905,#1906),(#1907,#1908,
#1909,#1910,#1911,#1912,#1913,#1914,#1915,#1916,#1917,#1918,#1919,#1920,
#1921,#1922,#1923,#1924,#1925,#1926,#1927,#1928,#1929,#1930,#1931,#1932,
#1933,#1934,#1935,#1936,#1937,#1938,#1939,#1940,#1941,#1942,#1943)),
 .UNSPECIFIED.,.F.,.F.,.F.,(4,4),(4,1,1,1,1,1,1,1,1,1,1,1,1,1,1,1,1,1,1,
1,1,1,1,1,1,1,1,1,1,1,1,1,1,1,4),(0.,0.0500274008252811),(9.11839136276772,
9.5989039969369,10.0794166311061,10.5599292652753,11.0404418994445,11.5209545336136,
12.0014671677828,12.481979801952,12.9624924361212,13.4430050702904,13.9235177044596,
14.4040303386288,14.884542972798,15.3650556069671,15.8455682411363,16.3260808753055,
16.8065935094747,17.2871061436439,17.7676187778131,18.2481314119823,18.7286440461514,
19.2091566803206,19.6896693144898,20.170181948659,20.6506945828282,21.1312072169974,
21.6117198511666,22.0922324853357,22.5727451195049,23.0532577536741,23.5337703878433,
24.0142830220125,24.4947956561817,24.9753082903509,25.45582092452),
 .UNSPECIFIED.);
#19=B_SPLINE_SURFACE_WITH_KNOTS('',3,3,((#2220,#2221,#2222,#2223,#2224,
#2225,#2226,#2227,#2228,#2229,#2230,#2231,#2232,#2233,#2234,#2235,#2236,
#2237,#2238,#2239,#2240,#2241,#2242,#2243,#2244,#2245,#2246,#2247,#2248,
#2249,#2250,#2251,#2252,#2253,#2254,#2255,#2256),(#2257,#2258,#2259,#2260,
#2261,#2262,#2263,#2264,#2265,#2266,#2267,#2268,#2269,#2270,#2271,#2272,
#2273,#2274,#2275,#2276,#2277,#2278,#2279,#2280,#2281,#2282,#2283,#2284,
#2285,#2286,#2287,#2288,#2289,#2290,#2291,#2292,#2293),(#2294,#2295,#2296,
#2297,#2298,#2299,#2300,#2301,#2302,#2303,#2304,#2305,#2306,#2307,#2308,
#2309,#2310,#2311,#2312,#2313,#2314,#2315,#2316,#2317,#2318,#2319,#2320,
#2321,#2322,#2323,#2324,#2325,#2326,#2327,#2328,#2329,#2330),(#2331,#2332,
#2333,#2334,#2335,#2336,#2337,#2338,#2339,#2340,#2341,#2342,#2343,#2344,
#2345,#2346,#2347,#2348,#2349,#2350,#2351,#2352,#2353,#2354,#2355,#2356,
#2357,#2358,#2359,#2360,#2361,#2362,#2363,#2364,#2365,#2366,#2367)),
 .UNSPECIFIED.,.F.,.F.,.F.,(4,4),(4,1,1,1,1,1,1,1,1,1,1,1,1,1,1,1,1,1,1,
1,1,1,1,1,1,1,1,1,1,1,1,1,1,1,4),(0.,0.0500274008252811),(12.4527304287968,
12.933243062966,13.4137556971352,13.8942683313044,14.3747809654735,14.8552935996427,
15.3358062338119,15.8163188679811,16.2968315021503,16.7773441363195,17.2578567704887,
17.7383694046579,18.218882038827,18.6993946729962,19.1799073071654,19.6604199413346,
20.1409325755038,20.621445209673,21.1019578438422,21.5824704780113,22.0629831121805,
22.5434957463497,23.0240083805189,23.5045210146881,23.9850336488573,24.4655462830265,
24.9460589171956,25.4265715513648,25.907084185534,26.3875968197032,26.8681094538724,
27.3486220880416,27.8291347222108,28.30964735638,28.7901599905491),
 .UNSPECIFIED.);
#20=TOROIDAL_SURFACE('',#837,14.454,0.5);
#21=TOROIDAL_SURFACE('',#847,14.454,0.5);
#22=PLANE('',#828);
#23=PLANE('',#829);
#24=PLANE('',#830);
#25=PLANE('',#831);
#26=PLANE('',#832);
#27=PLANE('',#839);
#28=PLANE('',#840);
#29=PLANE('',#841);
#30=PLANE('',#842);
#31=PLANE('',#843);
#32=PLANE('',#849);
#33=PLANE('',#850);
#34=PLANE('',#853);
#35=PLANE('',#855);
#36=PLANE('',#885);
#37=PLANE('',#888);
#38=PLANE('',#891);
#39=PLANE('',#894);
#40=PLANE('',#897);
#41=PLANE('',#900);
#42=PLANE('',#903);
#43=PLANE('',#906);
#44=FACE_OUTER_BOUND('',#88,.T.);
#45=FACE_OUTER_BOUND('',#89,.T.);
#46=FACE_OUTER_BOUND('',#90,.T.);
#47=FACE_OUTER_BOUND('',#91,.T.);
#48=FACE_OUTER_BOUND('',#92,.T.);
#49=FACE_OUTER_BOUND('',#93,.T.);
#50=FACE_OUTER_BOUND('',#94,.T.);
#51=FACE_OUTER_BOUND('',#95,.T.);
#52=FACE_OUTER_BOUND('',#96,.T.);
#53=FACE_OUTER_BOUND('',#97,.T.);
#54=FACE_OUTER_BOUND('',#98,.T.);
#55=FACE_OUTER_BOUND('',#99,.T.);
#56=FACE_OUTER_BOUND('',#100,.T.);
#57=FACE_OUTER_BOUND('',#101,.T.);
#58=FACE_OUTER_BOUND('',#102,.T.);
#59=FACE_OUTER_BOUND('',#103,.T.);
#60=FACE_OUTER_BOUND('',#104,.T.);
#61=FACE_OUTER_BOUND('',#105,.T.);
#62=FACE_OUTER_BOUND('',#106,.T.);
#63=FACE_OUTER_BOUND('',#107,.T.);
#64=FACE_OUTER_BOUND('',#108,.T.);
#65=FACE_OUTER_BOUND('',#109,.T.);
#66=FACE_OUTER_BOUND('',#110,.T.);
#67=FACE_OUTER_BOUND('',#111,.T.);
#68=FACE_OUTER_BOUND('',#112,.T.);
#69=FACE_OUTER_BOUND('',#114,.T.);
#70=FACE_OUTER_BOUND('',#116,.T.);
#71=FACE_OUTER_BOUND('',#117,.T.);
#72=FACE_OUTER_BOUND('',#118,.T.);
#73=FACE_OUTER_BOUND('',#119,.T.);
#74=FACE_OUTER_BOUND('',#120,.T.);
#75=FACE_OUTER_BOUND('',#121,.T.);
#76=FACE_OUTER_BOUND('',#122,.T.);
#77=FACE_OUTER_BOUND('',#123,.T.);
#78=FACE_OUTER_BOUND('',#124,.T.);
#79=FACE_OUTER_BOUND('',#125,.T.);
#80=FACE_OUTER_BOUND('',#126,.T.);
#81=FACE_OUTER_BOUND('',#127,.T.);
#82=FACE_OUTER_BOUND('',#128,.T.);
#83=FACE_OUTER_BOUND('',#129,.T.);
#84=FACE_OUTER_BOUND('',#130,.T.);
#85=FACE_OUTER_BOUND('',#131,.T.);
#86=FACE_OUTER_BOUND('',#132,.T.);
#87=FACE_OUTER_BOUND('',#133,.T.);
#88=EDGE_LOOP('',(#498,#499,#500,#501,#502,#503));
#89=EDGE_LOOP('',(#504,#505,#506,#507));
#90=EDGE_LOOP('',(#508,#509,#510,#511,#512,#513,#514,#515));
#91=EDGE_LOOP('',(#516,#517,#518,#519));
#92=EDGE_LOOP('',(#520,#521,#522,#523));
#93=EDGE_LOOP('',(#524,#525,#526,#527));
#94=EDGE_LOOP('',(#528,#529,#530,#531,#532,#533));
#95=EDGE_LOOP('',(#534,#535,#536,#537));
#96=EDGE_LOOP('',(#538,#539,#540,#541,#542,#543));
#97=EDGE_LOOP('',(#544,#545,#546,#547));
#98=EDGE_LOOP('',(#548,#549,#550,#551,#552,#553,#554,#555));
#99=EDGE_LOOP('',(#556,#557,#558,#559));
#100=EDGE_LOOP('',(#560,#561,#562,#563,#564,#565));
#101=EDGE_LOOP('',(#566,#567,#568,#569));
#102=EDGE_LOOP('',(#570,#571,#572,#573));
#103=EDGE_LOOP('',(#574,#575,#576,#577,#578,#579));
#104=EDGE_LOOP('',(#580,#581,#582,#583,#584));
#105=EDGE_LOOP('',(#585,#586,#587,#588));
#106=EDGE_LOOP('',(#589,#590,#591,#592));
#107=EDGE_LOOP('',(#593,#594,#595));
#108=EDGE_LOOP('',(#596,#597,#598,#599,#600,#601,#602,#603,#604));
#109=EDGE_LOOP('',(#605,#606,#607,#608,#609));
#110=EDGE_LOOP('',(#610,#611,#612,#613));
#111=EDGE_LOOP('',(#614,#615,#616,#617,#618,#619,#620,#621,#622,#623,#624));
#112=EDGE_LOOP('',(#625,#626,#627,#628,#629,#630,#631,#632));
#113=EDGE_LOOP('',(#633));
#114=EDGE_LOOP('',(#634));
#115=EDGE_LOOP('',(#635,#636,#637,#638,#639,#640,#641,#642,#643,#644,#645,
#646,#647,#648,#649,#650,#651,#652,#653,#654,#655,#656,#657,#658));
#116=EDGE_LOOP('',(#659,#660,#661,#662,#663));
#117=EDGE_LOOP('',(#664,#665,#666,#667,#668,#669));
#118=EDGE_LOOP('',(#670));
#119=EDGE_LOOP('',(#671,#672,#673,#674,#675,#676));
#120=EDGE_LOOP('',(#677));
#121=EDGE_LOOP('',(#678,#679,#680,#681,#682,#683,#684));
#122=EDGE_LOOP('',(#685));
#123=EDGE_LOOP('',(#686,#687,#688,#689,#690,#691));
#124=EDGE_LOOP('',(#692));
#125=EDGE_LOOP('',(#693,#694,#695,#696,#697,#698));
#126=EDGE_LOOP('',(#699));
#127=EDGE_LOOP('',(#700,#701,#702,#703,#704,#705));
#128=EDGE_LOOP('',(#706));
#129=EDGE_LOOP('',(#707,#708,#709,#710,#711,#712));
#130=EDGE_LOOP('',(#713));
#131=EDGE_LOOP('',(#714,#715,#716,#717,#718,#719));
#132=EDGE_LOOP('',(#720));
#133=EDGE_LOOP('',(#721,#722,#723,#724,#725,#726,#727,#728,#729,#730,#731,
#732,#733,#734,#735,#736,#737,#738,#739,#740,#741));
#134=CIRCLE('',#818,14.52075);
#135=CIRCLE('',#819,14.52075);
#136=CIRCLE('',#820,14.52075);
#137=CIRCLE('',#823,14.954);
#138=CIRCLE('',#824,14.954);
#139=CIRCLE('',#825,14.954);
#140=CIRCLE('',#833,14.954);
#141=CIRCLE('',#835,14.954);
#142=CIRCLE('',#836,14.954);
#143=CIRCLE('',#838,14.454);
#144=CIRCLE('',#844,14.954);
#145=CIRCLE('',#846,14.954);
#146=CIRCLE('',#848,14.454);
#147=CIRCLE('',#851,14.52075);
#148=CIRCLE('',#854,9.85);
#149=CIRCLE('',#856,10.55);
#150=CIRCLE('',#857,2.1);
#151=CIRCLE('',#858,2.1);
#152=CIRCLE('',#859,10.55);
#153=CIRCLE('',#860,2.1);
#154=CIRCLE('',#861,2.1);
#155=CIRCLE('',#862,10.55);
#156=CIRCLE('',#863,2.1);
#157=CIRCLE('',#864,2.1);
#158=CIRCLE('',#865,10.55);
#159=CIRCLE('',#866,2.1);
#160=CIRCLE('',#867,2.1);
#161=CIRCLE('',#868,10.55);
#162=CIRCLE('',#869,2.1);
#163=CIRCLE('',#870,2.1);
#164=CIRCLE('',#871,10.55);
#165=CIRCLE('',#872,2.05);
#166=CIRCLE('',#873,2.05);
#167=CIRCLE('',#874,10.55);
#168=CIRCLE('',#875,2.1);
#169=CIRCLE('',#876,2.1);
#170=CIRCLE('',#877,10.55);
#171=CIRCLE('',#878,2.1);
#172=CIRCLE('',#879,2.1);
#173=CIRCLE('',#881,9.85);
#174=CIRCLE('',#882,9.85);
#175=CIRCLE('',#884,2.05);
#176=CIRCLE('',#887,2.1);
#177=CIRCLE('',#890,2.1);
#178=CIRCLE('',#893,2.1);
#179=CIRCLE('',#896,2.1);
#180=CIRCLE('',#899,2.1);
#181=CIRCLE('',#902,2.1);
#182=CIRCLE('',#905,2.1);
#183=B_SPLINE_CURVE_WITH_KNOTS('',3,(#1138,#1139,#1140,#1141,#1142,#1143,
#1144,#1145,#1146,#1147,#1148,#1149,#1150,#1151),.UNSPECIFIED.,.F.,.F.,
(4,1,1,1,1,1,1,1,1,1,1,4),(21.9911485751286,22.0629831121805,22.5434957463497,
23.0240083805189,23.5045210146881,23.9850336488573,24.4655462830265,24.9460589171956,
25.4265715513648,25.907084185534,26.3875968197032,26.6946171250705),
 .UNSPECIFIED.);
#184=B_SPLINE_CURVE_WITH_KNOTS('',3,(#1158,#1159,#1160,#1161,#1162,#1163,
#1164,#1165,#1166,#1167,#1168),.UNSPECIFIED.,.F.,.F.,(4,1,1,1,1,1,1,1,4),
(21.9911485751286,22.0922324853357,22.5727451195049,23.0532577536741,23.5337703878433,
24.0142830220125,24.4947956561817,24.9753082903509,25.45582092452),
 .UNSPECIFIED.);
#185=B_SPLINE_CURVE_WITH_KNOTS('',3,(#1173,#1174,#1175,#1176,#1177,#1178,
#1179,#1180,#1181,#1182,#1183,#1184,#1185,#1186,#1187,#1188,#1189),
 .UNSPECIFIED.,.F.,.F.,(4,1,1,1,1,1,1,1,1,1,1,1,1,1,4),(15.707963267949,
15.8163188679811,16.2968315021503,16.7773441363195,17.2578567704887,17.7383694046579,
18.218882038827,18.6993946729962,19.1799073071654,19.6604199413346,20.1409325755038,
20.621445209673,21.1019578438422,21.5824704780113,21.9911485751286),
 .UNSPECIFIED.);
#186=B_SPLINE_CURVE_WITH_KNOTS('',3,(#1190,#1191,#1192,#1193,#1194,#1195,
#1196,#1197,#1198,#1199,#1200,#1201,#1202,#1203,#1204,#1205,#1206),
 .UNSPECIFIED.,.F.,.F.,(4,1,1,1,1,1,1,1,1,1,1,1,1,1,4),(15.707963267949,
15.8455682411363,16.3260808753055,16.8065935094747,17.2871061436439,17.7676187778131,
18.2481314119823,18.7286440461514,19.2091566803206,19.6896693144898,20.170181948659,
20.6506945828282,21.1312072169974,21.6117198511666,21.9911485751286),
 .UNSPECIFIED.);
#187=B_SPLINE_CURVE_WITH_KNOTS('',3,(#1212,#1213,#1214,#1215,#1216,#1217,
#1218,#1219,#1220,#1221),.UNSPECIFIED.,.F.,.F.,(4,3,3,4),(-3.25523283915216,
-2.88307580501512,-2.40256317084593,-2.09554286547862),.UNSPECIFIED.);
#188=B_SPLINE_CURVE_WITH_KNOTS('',3,(#1229,#1230,#1231,#1232),
 .UNSPECIFIED.,.F.,.F.,(4,4),(0.,0.30638659800166),.UNSPECIFIED.);
#189=B_SPLINE_CURVE_WITH_KNOTS('',3,(#1237,#1238,#1239,#1240,#1241,#1242,
#1243,#1244,#1245,#1246,#1247,#1248,#1249,#1250,#1251,#1252,#1253,#1254,
#1255,#1256,#1257,#1258,#1259,#1260,#1261,#1262,#1263,#1264,#1265,#1266,
#1267,#1268,#1269,#1270,#1271,#1272,#1273,#1274,#1275,#1276,#1277,#1278,
#1279),.UNSPECIFIED.,.F.,.F.,(4,3,3,3,3,3,3,3,3,3,3,3,3,3,4),(-9.53841814633175,
-9.12974004921455,-8.64922741504536,-8.16871478087617,-7.68820214670699,
-7.2076895125378,-6.72717687836861,-6.24666424419943,-5.76615161003024,
-5.28563897586105,-4.80512634169186,-4.32461370752268,-3.84410107335349,
-3.3635884391843,-3.25523283915216),.UNSPECIFIED.);
#190=B_SPLINE_CURVE_WITH_KNOTS('',3,(#1280,#1281,#1282,#1283,#1284,#1285,
#1286,#1287,#1288,#1289,#1290,#1291,#1292,#1293,#1294,#1295,#1296,#1297,
#1298,#1299,#1300,#1301,#1302,#1303,#1304,#1305,#1306,#1307,#1308,#1309,
#1310,#1311,#1312,#1313,#1314,#1315,#1316,#1317,#1318,#1319,#1320,#1321,
#1322),.UNSPECIFIED.,.F.,.F.,(4,3,3,3,3,3,3,3,3,3,3,3,3,3,4),(0.30638659800166,
0.480512634169188,0.961025268338376,1.44153790250756,1.92205053667675,2.40256317084593,
2.88307580501512,3.3635884391843,3.84410107335349,4.32461370752268,4.80512634169186,
5.28563897586105,5.76615161003024,6.24666424419942,6.58957190518124),
 .UNSPECIFIED.);
#191=B_SPLINE_CURVE_WITH_KNOTS('',3,(#1327,#1328,#1329,#1330,#1331,#1332,
#1333,#1334,#1335,#1336,#1337,#1338,#1339,#1340,#1341,#1342,#1343,#1344,
#1345,#1346,#1347,#1348,#1349,#1350,#1351,#1352,#1353,#1354,#1355,#1356,
#1357,#1358,#1359,#1360,#1361,#1362,#1363,#1364,#1365,#1366,#1367,#1368,
#1369),.UNSPECIFIED.,.F.,.F.,(4,3,3,3,3,3,3,3,3,3,3,3,3,3,4),(-15.8216034535113,
-15.376404293414,-14.8958916592448,-14.4153790250756,-13.9348663909064,
-13.4543537567372,-12.973841122568,-12.4933284883989,-12.0128158542297,
-11.5323032200605,-11.0517905858913,-10.5712779517221,-10.0907653175529,
-9.61025268338373,-9.53841814633175),.UNSPECIFIED.);
#192=B_SPLINE_CURVE_WITH_KNOTS('',3,(#1370,#1371,#1372,#1373,#1374,#1375,
#1376,#1377,#1378,#1379,#1380,#1381,#1382,#1383,#1384,#1385,#1386,#1387,
#1388,#1389,#1390,#1391,#1392,#1393,#1394,#1395,#1396,#1397,#1398,#1399,
#1400,#1401,#1402,#1403,#1404,#1405,#1406,#1407,#1408,#1409,#1410,#1411,
#1412),.UNSPECIFIED.,.F.,.F.,(4,3,3,3,3,3,3,3,3,3,3,3,3,3,4),(6.58957190518124,
6.72717687836861,7.20768951253779,7.68820214670698,8.16871478087617,8.64922741504535,
9.12974004921454,9.61025268338373,10.0907653175529,10.5712779517221,11.0517905858913,
11.5323032200605,12.0128158542297,12.4933284883988,12.8727572123608),
 .UNSPECIFIED.);
#193=B_SPLINE_CURVE_WITH_KNOTS('',3,(#1428,#1429,#1430,#1431,#1432,#1433,
#1434,#1435,#1436,#1437),.UNSPECIFIED.,.F.,.F.,(4,2,2,2,4),(0.,0.0185086567631345,
0.0370226051258436,0.0555431901874237,0.0740696651547806),.UNSPECIFIED.);
#194=B_SPLINE_CURVE_WITH_KNOTS('',3,(#1447,#1448,#1449,#1450,#1451,#1452,
#1453,#1454,#1455,#1456),.UNSPECIFIED.,.F.,.F.,(4,2,2,2,4),(-0.0740696762140615,
-0.0555431938297876,-0.0370226043766667,-0.0185086550303092,0.),
 .UNSPECIFIED.);
#195=B_SPLINE_CURVE_WITH_KNOTS('',3,(#1462,#1463,#1464,#1465,#1466,#1467,
#1468,#1469,#1470,#1471,#1472,#1473,#1474,#1475,#1476,#1477,#1478,#1479,
#1480,#1481,#1482,#1483,#1484,#1485,#1486,#1487,#1488,#1489,#1490,#1491,
#1492,#1493,#1494,#1495,#1496,#1497,#1498,#1499,#1500,#1501,#1502,#1503,
#1504,#1505,#1506,#1507,#1508,#1509,#1510,#1511,#1512,#1513,#1514,#1515,
#1516,#1517,#1518,#1519,#1520,#1521,#1522,#1523,#1524,#1525,#1526,#1527,
#1528,#1529,#1530,#1531,#1532,#1533,#1534,#1535,#1536,#1537,#1538,#1539,
#1540,#1541,#1542,#1543,#1544,#1545,#1546,#1547,#1548,#1549,#1550,#1551,
#1552,#1553,#1554,#1555,#1556,#1557,#1558,#1559,#1560,#1561,#1562,#1563,
#1564,#1565,#1566,#1567,#1568,#1569,#1570,#1571,#1572,#1573,#1574,#1575,
#1576,#1577,#1578,#1579,#1580,#1581,#1582,#1583,#1584,#1585),
 .UNSPECIFIED.,.F.,.F.,(4,3,3,3,3,3,3,3,3,3,3,3,3,3,3,3,3,3,3,3,3,3,3,3,
3,3,3,3,3,3,3,3,3,3,3,3,3,3,3,3,3,4),(-3.09608935408253,-2.99486995702004,
-2.89407128213883,-2.8366408729463,-2.74722322873793,-2.70810300939676,
-2.69564821064488,-2.6835638146658,-2.5830431695026,-2.48205527498916,-2.38154143162372,
-2.31648100353762,-2.29522138916753,-2.28514309055551,-2.18443538507126,
-2.12129971927931,-2.02087427989606,-1.92004842475088,-1.81944492786329,
-1.71692913490856,-1.70722206776099,-1.60702954778125,-1.50678872143713,
-1.40938175604439,-1.3089982984944,-1.20882970612747,-1.14549975876354,
-1.1335632028349,-1.03429803833369,-0.934285613497212,-0.834450165980767,
-0.735622524958922,-0.702190127215977,-0.61441636131398,-0.575011252064668,
-0.56192263183769,-0.463427534648613,-0.364070551179418,-0.264519150813178,
-0.165470034453427,-0.0679440419452301,0.),.UNSPECIFIED.);
#196=B_SPLINE_CURVE_WITH_KNOTS('',3,(#1587,#1588,#1589,#1590,#1591,#1592,
#1593,#1594,#1595,#1596,#1597,#1598,#1599),.UNSPECIFIED.,.F.,.F.,(4,3,3,
3,4),(12.8727572123608,12.973841122568,13.4543537567372,13.9348663909064,
14.2418866962737),.UNSPECIFIED.);
#197=B_SPLINE_CURVE_WITH_KNOTS('',3,(#1606,#1607,#1608,#1609,#1610,#1611,
#1612),.UNSPECIFIED.,.F.,.F.,(4,3,4),(-16.3374295617523,-15.8569169275832,
-15.8216034535113),.UNSPECIFIED.);
#198=B_SPLINE_CURVE_WITH_KNOTS('',3,(#1616,#1617,#1618,#1619,#1620,#1621,
#1622,#1623,#1624,#1625),.UNSPECIFIED.,.F.,.F.,(4,2,2,2,4),(-0.0740696651547806,
-0.0555431901874238,-0.0370226051258437,-0.0185086567631345,0.),
 .UNSPECIFIED.);
#199=B_SPLINE_CURVE_WITH_KNOTS('',3,(#1636,#1637,#1638,#1639),
 .UNSPECIFIED.,.F.,.F.,(4,4),(-0.234674928798861,-0.13423816449747),
 .UNSPECIFIED.);
#200=B_SPLINE_CURVE_WITH_KNOTS('',3,(#1651,#1652,#1653,#1654,#1655,#1656,
#1657,#1658,#1659,#1660),.UNSPECIFIED.,.F.,.F.,(4,2,2,2,4),(0.,0.0185086550303092,
0.0370226043766667,0.0555431938297876,0.0740696762140615),.UNSPECIFIED.);
#201=B_SPLINE_CURVE_WITH_KNOTS('',3,(#1665,#1666,#1667,#1668,#1669,#1670,
#1671,#1672,#1673,#1674,#1675,#1676,#1677,#1678,#1679,#1680,#1681,#1682,
#1683,#1684,#1685,#1686,#1687,#1688,#1689,#1690,#1691,#1692,#1693,#1694,
#1695,#1696,#1697,#1698,#1699,#1700,#1701,#1702,#1703,#1704,#1705,#1706,
#1707,#1708,#1709,#1710,#1711,#1712,#1713,#1714,#1715,#1716,#1717,#1718,
#1719,#1720,#1721,#1722,#1723,#1724,#1725,#1726,#1727,#1728,#1729,#1730,
#1731,#1732,#1733,#1734,#1735,#1736,#1737,#1738,#1739,#1740,#1741,#1742,
#1743,#1744,#1745,#1746,#1747,#1748,#1749,#1750,#1751,#1752,#1753,#1754,
#1755,#1756,#1757,#1758,#1759,#1760,#1761,#1762,#1763,#1764,#1765,#1766,
#1767,#1768,#1769,#1770,#1771,#1772,#1773,#1774,#1775,#1776,#1777,#1778,
#1779,#1780,#1781,#1782),.UNSPECIFIED.,.F.,.F.,(4,3,3,3,3,3,3,3,3,3,3,3,
3,3,3,3,3,3,3,3,3,3,3,3,3,3,3,3,3,3,3,3,3,3,3,3,3,3,3,4),(-3.09799392057289,
-2.9986374715734,-2.89942750812429,-2.84517882421331,-2.75725292868458,
-2.71878534939076,-2.70569163913074,-2.69421609807434,-2.59522826493797,
-2.49559133972097,-2.39612320863973,-2.33253532147566,-2.31190139847421,
-2.30121827483554,-2.20111074821282,-2.14177165998346,-2.04220356251273,
-1.94204977940946,-1.84190896190973,-1.73953288611756,-1.72896383369263,
-1.62871217307268,-1.52812531485898,-1.43240465874106,-1.33190759241838,
-1.23141305628113,-1.16728453915233,-1.15512520474862,-1.05517487549777,
-0.954182380066084,-0.853184228939835,-0.752982403546585,-0.71838491925073,
-0.617481628686772,-0.592267666925139,-0.581870142924741,-0.481837563190453,
-0.380929960737545,-0.279460219281432,-0.234674928798861),.UNSPECIFIED.);
#202=B_SPLINE_CURVE_WITH_KNOTS('',3,(#1789,#1790,#1791,#1792,#1793,#1794,
#1795),.UNSPECIFIED.,.F.,.F.,(4,3,4),(-0.13423816449747,-0.0347692224749393,
0.),.UNSPECIFIED.);
#203=B_SPLINE_CURVE_WITH_KNOTS('',3,(#1945,#1946,#1947,#1948,#1949,#1950,
#1951,#1952,#1953,#1954,#1955,#1956,#1957,#1958,#1959,#1960,#1961,#1962,
#1963,#1964,#1965,#1966,#1967,#1968,#1969,#1970,#1971,#1972,#1973,#1974,
#1975,#1976,#1977,#1978,#1979,#1980,#1981,#1982,#1983,#1984,#1985,#1986,
#1987,#1988,#1989,#1990,#1991,#1992,#1993,#1994,#1995,#1996,#1997,#1998,
#1999,#2000,#2001,#2002,#2003,#2004,#2005,#2006,#2007,#2008,#2009,#2010,
#2011,#2012,#2013,#2014,#2015,#2016,#2017,#2018,#2019,#2020,#2021,#2022,
#2023,#2024,#2025,#2026,#2027,#2028,#2029,#2030,#2031,#2032,#2033,#2034,
#2035,#2036,#2037,#2038,#2039,#2040,#2041,#2042,#2043,#2044,#2045,#2046,
#2047,#2048,#2049,#2050,#2051,#2052,#2053,#2054,#2055,#2056,#2057,#2058,
#2059,#2060,#2061,#2062,#2063,#2064,#2065,#2066,#2067,#2068),
 .UNSPECIFIED.,.F.,.F.,(4,3,3,3,3,3,3,3,3,3,3,3,3,3,3,3,3,3,3,3,3,3,3,3,
3,3,3,3,3,3,3,3,3,3,3,3,3,3,3,3,3,4),(-3.0979939205729,-2.99863747161408,
-2.89942750915306,-2.84517882421333,-2.75725292868459,-2.71878534939077,
-2.70569163920625,-2.69421609815423,-2.59522826625371,-2.49559134119905,
-2.39612320975079,-2.33253532230896,-2.3119013985805,-2.30121827488211,
-2.20111074819567,-2.14177165998345,-2.04220356242149,-1.94204977909287,
-1.84190895991791,-1.7395328846237,-1.72896383336809,-1.62871217272779,
-1.52812531275455,-1.43240465874107,-1.33190759072177,-1.23141305820994,
-1.16728454084003,-1.15512520532555,-1.05517487066319,-0.954182374885813,
-0.853184228365113,-0.752982415955515,-0.718384919250723,-0.628586804344383,
-0.587624712507193,-0.575482740663116,-0.475568411831278,-0.374625374522343,
-0.273169289952242,-0.172049862550266,-0.0722893830390247,0.),
 .UNSPECIFIED.);
#204=B_SPLINE_CURVE_WITH_KNOTS('',3,(#2069,#2070,#2071,#2072,#2073,#2074,
#2075,#2076,#2077,#2078,#2079,#2080,#2081),.UNSPECIFIED.,.F.,.F.,(4,1,1,
1,1,1,1,1,1,1,4),(11.2139342282463,11.5209545336136,12.0014671677828,12.481979801952,
12.9624924361212,13.4430050702904,13.9235177044596,14.4040303386288,14.884542972798,
15.3650556069671,15.707963267949),.UNSPECIFIED.);
#205=B_SPLINE_CURVE_WITH_KNOTS('',3,(#2084,#2085,#2086,#2087,#2088,#2089,
#2090,#2091,#2092,#2093,#2094,#2095,#2096,#2097,#2098,#2099,#2100,#2101,
#2102,#2103,#2104,#2105,#2106,#2107,#2108,#2109,#2110,#2111,#2112,#2113,
#2114,#2115,#2116,#2117,#2118,#2119,#2120,#2121,#2122,#2123,#2124,#2125,
#2126,#2127,#2128,#2129,#2130,#2131,#2132,#2133,#2134,#2135,#2136,#2137,
#2138,#2139,#2140,#2141,#2142,#2143,#2144,#2145,#2146,#2147,#2148,#2149,
#2150,#2151,#2152,#2153,#2154,#2155,#2156,#2157,#2158,#2159,#2160,#2161,
#2162,#2163,#2164,#2165,#2166,#2167,#2168,#2169,#2170,#2171,#2172,#2173,
#2174,#2175,#2176,#2177,#2178,#2179,#2180,#2181,#2182,#2183,#2184,#2185,
#2186,#2187,#2188,#2189,#2190,#2191,#2192,#2193,#2194,#2195,#2196,#2197,
#2198,#2199,#2200,#2201,#2202,#2203,#2204,#2205,#2206,#2207),
 .UNSPECIFIED.,.F.,.F.,(4,3,3,3,3,3,3,3,3,3,3,3,3,3,3,3,3,3,3,3,3,3,3,3,
3,3,3,3,3,3,3,3,3,3,3,3,3,3,3,3,3,4),(-3.09608935408253,-2.99486995667251,
-2.89407128071554,-2.83664087294629,-2.74722322873792,-2.70810300939675,
-2.69564821076465,-2.68356381483921,-2.58304316894911,-2.48205527449474,
-2.38154143119662,-2.31648100321729,-2.29522139220532,-2.28514309583596,
-2.18443539054207,-2.12129971927931,-2.02087427973696,-1.92004842529207,
-1.81944493124664,-1.71692913744607,-1.7072220714954,-1.6070295517396,-1.50678872828836,
-1.40938175604438,-1.30899829840207,-1.2088296997682,-1.14549975319918,
-1.13356320122253,-1.03429804161193,-0.934285615010657,-0.834450160229623,
-0.735622503543167,-0.702190127215983,-0.614416361313985,-0.575011252344274,
-0.56192263187208,-0.463427520552547,-0.364070529616486,-0.264519135238994,
-0.165470032557893,-0.0679440635454764,0.),.UNSPECIFIED.);
#206=B_SPLINE_CURVE_WITH_KNOTS('',3,(#2210,#2211,#2212,#2213,#2214,#2215,
#2216,#2217,#2218,#2219),.UNSPECIFIED.,.F.,.F.,(4,1,1,1,1,1,1,4),(12.4527304287968,
12.933243062966,13.4137556971352,13.8942683313044,14.3747809654735,14.8552935996427,
15.3358062338119,15.707963267949),.UNSPECIFIED.);
#207=B_SPLINE_CURVE_WITH_KNOTS('',3,(#2430,#2431,#2432,#2433,#2434,#2435,
#2436,#2437,#2438,#2439),.UNSPECIFIED.,.F.,.F.,(4,2,2,2,4),(1.07930645559749,
1.0998822830654,1.16743060422974,1.23497892539408,1.25555475278475),
 .UNSPECIFIED.);
#208=B_SPLINE_CURVE_WITH_KNOTS('',3,(#2445,#2446,#2447,#2448,#2449,#2450,
#2451,#2452,#2453,#2454),.UNSPECIFIED.,.F.,.F.,(4,2,2,2,4),(-1.29628722522428,
-1.26589532703942,-1.19691996352541,-1.1279446000114,-1.09755270180054),
 .UNSPECIFIED.);
#209=B_SPLINE_CURVE_WITH_KNOTS('',3,(#2461,#2462,#2463,#2464,#2465,#2466),
 .UNSPECIFIED.,.F.,.F.,(4,2,4),(1.0975527018452,1.12794460001087,1.19691996352497),
 .UNSPECIFIED.);
#210=B_SPLINE_CURVE_WITH_KNOTS('',3,(#2467,#2468,#2469,#2470,#2471,#2472),
 .UNSPECIFIED.,.F.,.F.,(4,2,4),(1.19691996352497,1.26589532703908,1.29628722520475),
 .UNSPECIFIED.);
#211=B_SPLINE_CURVE_WITH_KNOTS('',3,(#2478,#2479,#2480,#2481,#2482,#2483,
#2484,#2485,#2486,#2487),.UNSPECIFIED.,.F.,.F.,(4,2,2,2,4),(1.09755270180054,
1.1279446000114,1.19691996352541,1.26589532703942,1.29628722525028),
 .UNSPECIFIED.);
#212=B_SPLINE_CURVE_WITH_KNOTS('',3,(#2493,#2494,#2495,#2496,#2497,#2498,
#2499,#2500,#2501,#2502),.UNSPECIFIED.,.F.,.F.,(4,2,2,2,4),(-1.29628722520475,
-1.26589532703908,-1.19691996352497,-1.12794460001087,-1.0975527018452),
 .UNSPECIFIED.);
#213=B_SPLINE_CURVE_WITH_KNOTS('',3,(#2508,#2509,#2510,#2511,#2512,#2513,
#2514,#2515,#2516,#2517),.UNSPECIFIED.,.F.,.F.,(4,2,2,2,4),(-1.29628722525028,
-1.26589532703942,-1.19691996352541,-1.1279446000114,-1.09755270182654),
 .UNSPECIFIED.);
#214=B_SPLINE_CURVE_WITH_KNOTS('',3,(#2523,#2524,#2525,#2526,#2527,#2528,
#2529,#2530,#2531,#2532),.UNSPECIFIED.,.F.,.F.,(4,2,2,2,4),(1.09755270184519,
1.12794460001087,1.19691996352497,1.26589532703908,1.29628722520476),
 .UNSPECIFIED.);
#215=B_SPLINE_CURVE_WITH_KNOTS('',3,(#2538,#2539,#2540,#2541,#2542,#2543,
#2544,#2545,#2546,#2547),.UNSPECIFIED.,.F.,.F.,(4,2,2,2,4),(-1.29628722522428,
-1.26589532703942,-1.19691996352541,-1.1279446000114,-1.09755270182654),
 .UNSPECIFIED.);
#216=LINE('',#1136,#256);
#217=LINE('',#1172,#257);
#218=LINE('',#1210,#258);
#219=LINE('',#1225,#259);
#220=LINE('',#1236,#260);
#221=LINE('',#1326,#261);
#222=LINE('',#1415,#262);
#223=LINE('',#1417,#263);
#224=LINE('',#1418,#264);
#225=LINE('',#1422,#265);
#226=LINE('',#1423,#266);
#227=LINE('',#1425,#267);
#228=LINE('',#1427,#268);
#229=LINE('',#1440,#269);
#230=LINE('',#1441,#270);
#231=LINE('',#1445,#271);
#232=LINE('',#1457,#272);
#233=LINE('',#1458,#273);
#234=LINE('',#1603,#274);
#235=LINE('',#1628,#275);
#236=LINE('',#1630,#276);
#237=LINE('',#1632,#277);
#238=LINE('',#1633,#278);
#239=LINE('',#1641,#279);
#240=LINE('',#1642,#280);
#241=LINE('',#1645,#281);
#242=LINE('',#1646,#282);
#243=LINE('',#1649,#283);
#244=LINE('',#1662,#284);
#245=LINE('',#1663,#285);
#246=LINE('',#2425,#286);
#247=LINE('',#2429,#287);
#248=LINE('',#2444,#288);
#249=LINE('',#2459,#289);
#250=LINE('',#2477,#290);
#251=LINE('',#2492,#291);
#252=LINE('',#2507,#292);
#253=LINE('',#2522,#293);
#254=LINE('',#2537,#294);
#255=LINE('',#2550,#295);
#256=VECTOR('',#912,14.52075);
#257=VECTOR('',#921,14.52075);
#258=VECTOR('',#924,15.);
#259=VECTOR('',#927,15.);
#260=VECTOR('',#934,15.);
#261=VECTOR('',#937,15.);
#262=VECTOR('',#940,10.);
#263=VECTOR('',#941,10.);
#264=VECTOR('',#942,10.);
#265=VECTOR('',#945,10.);
#266=VECTOR('',#946,10.);
#267=VECTOR('',#947,10.);
#268=VECTOR('',#948,10.);
#269=VECTOR('',#951,10.);
#270=VECTOR('',#952,10.);
#271=VECTOR('',#955,10.);
#272=VECTOR('',#956,10.);
#273=VECTOR('',#957,10.);
#274=VECTOR('',#966,10.);
#275=VECTOR('',#975,10.);
#276=VECTOR('',#976,10.);
#277=VECTOR('',#977,10.);
#278=VECTOR('',#978,10.);
#279=VECTOR('',#981,10.);
#280=VECTOR('',#982,10.);
#281=VECTOR('',#985,10.);
#282=VECTOR('',#986,10.);
#283=VECTOR('',#989,10.);
#284=VECTOR('',#990,10.);
#285=VECTOR('',#991,10.);
#286=VECTOR('',#1072,9.85);
#287=VECTOR('',#1077,2.05);
#288=VECTOR('',#1084,2.1);
#289=VECTOR('',#1091,2.1);
#290=VECTOR('',#1098,2.1);
#291=VECTOR('',#1105,2.1);
#292=VECTOR('',#1112,2.1);
#293=VECTOR('',#1119,2.1);
#294=VECTOR('',#1126,2.1);
#295=VECTOR('',#1131,10.55);
#296=VERTEX_POINT('',#1134);
#297=VERTEX_POINT('',#1135);
#298=VERTEX_POINT('',#1137);
#299=VERTEX_POINT('',#1152);
#300=VERTEX_POINT('',#1154);
#301=VERTEX_POINT('',#1156);
#302=VERTEX_POINT('',#1170);
#303=VERTEX_POINT('',#1171);
#304=VERTEX_POINT('',#1208);
#305=VERTEX_POINT('',#1209);
#306=VERTEX_POINT('',#1211);
#307=VERTEX_POINT('',#1222);
#308=VERTEX_POINT('',#1224);
#309=VERTEX_POINT('',#1227);
#310=VERTEX_POINT('',#1234);
#311=VERTEX_POINT('',#1235);
#312=VERTEX_POINT('',#1324);
#313=VERTEX_POINT('',#1325);
#314=VERTEX_POINT('',#1414);
#315=VERTEX_POINT('',#1416);
#316=VERTEX_POINT('',#1420);
#317=VERTEX_POINT('',#1421);
#318=VERTEX_POINT('',#1424);
#319=VERTEX_POINT('',#1426);
#320=VERTEX_POINT('',#1439);
#321=VERTEX_POINT('',#1443);
#322=VERTEX_POINT('',#1444);
#323=VERTEX_POINT('',#1446);
#324=VERTEX_POINT('',#1460);
#325=VERTEX_POINT('',#1600);
#326=VERTEX_POINT('',#1602);
#327=VERTEX_POINT('',#1604);
#328=VERTEX_POINT('',#1614);
#329=VERTEX_POINT('',#1627);
#330=VERTEX_POINT('',#1629);
#331=VERTEX_POINT('',#1631);
#332=VERTEX_POINT('',#1635);
#333=VERTEX_POINT('',#1640);
#334=VERTEX_POINT('',#1644);
#335=VERTEX_POINT('',#1648);
#336=VERTEX_POINT('',#1650);
#337=VERTEX_POINT('',#1661);
#338=VERTEX_POINT('',#1944);
#339=VERTEX_POINT('',#2083);
#340=VERTEX_POINT('',#2369);
#341=VERTEX_POINT('',#2372);
#342=VERTEX_POINT('',#2373);
#343=VERTEX_POINT('',#2375);
#344=VERTEX_POINT('',#2377);
#345=VERTEX_POINT('',#2379);
#346=VERTEX_POINT('',#2381);
#347=VERTEX_POINT('',#2383);
#348=VERTEX_POINT('',#2385);
#349=VERTEX_POINT('',#2387);
#350=VERTEX_POINT('',#2389);
#351=VERTEX_POINT('',#2391);
#352=VERTEX_POINT('',#2393);
#353=VERTEX_POINT('',#2395);
#354=VERTEX_POINT('',#2397);
#355=VERTEX_POINT('',#2399);
#356=VERTEX_POINT('',#2401);
#357=VERTEX_POINT('',#2403);
#358=VERTEX_POINT('',#2405);
#359=VERTEX_POINT('',#2407);
#360=VERTEX_POINT('',#2409);
#361=VERTEX_POINT('',#2411);
#362=VERTEX_POINT('',#2413);
#363=VERTEX_POINT('',#2415);
#364=VERTEX_POINT('',#2417);
#365=VERTEX_POINT('',#2421);
#366=VERTEX_POINT('',#2422);
#367=VERTEX_POINT('',#2427);
#368=VERTEX_POINT('',#2442);
#369=VERTEX_POINT('',#2457);
#370=VERTEX_POINT('',#2460);
#371=VERTEX_POINT('',#2475);
#372=VERTEX_POINT('',#2490);
#373=VERTEX_POINT('',#2505);
#374=VERTEX_POINT('',#2520);
#375=VERTEX_POINT('',#2535);
#376=EDGE_CURVE('',#296,#297,#216,.T.);
#377=EDGE_CURVE('',#296,#298,#183,.T.);
#378=EDGE_CURVE('',#299,#298,#134,.T.);
#379=EDGE_CURVE('',#300,#299,#135,.T.);
#380=EDGE_CURVE('',#301,#300,#136,.T.);
#381=EDGE_CURVE('',#297,#301,#184,.T.);
#382=EDGE_CURVE('',#302,#303,#217,.T.);
#383=EDGE_CURVE('',#302,#296,#185,.T.);
#384=EDGE_CURVE('',#303,#297,#186,.T.);
#385=EDGE_CURVE('',#304,#305,#218,.T.);
#386=EDGE_CURVE('',#304,#306,#187,.T.);
#387=EDGE_CURVE('',#306,#307,#137,.T.);
#388=EDGE_CURVE('',#307,#308,#219,.T.);
#389=EDGE_CURVE('',#308,#308,#138,.F.);
#390=EDGE_CURVE('',#307,#309,#139,.T.);
#391=EDGE_CURVE('',#309,#305,#188,.T.);
#392=EDGE_CURVE('',#310,#311,#220,.T.);
#393=EDGE_CURVE('',#310,#304,#189,.T.);
#394=EDGE_CURVE('',#305,#311,#190,.T.);
#395=EDGE_CURVE('',#312,#313,#221,.T.);
#396=EDGE_CURVE('',#312,#310,#191,.T.);
#397=EDGE_CURVE('',#311,#313,#192,.T.);
#398=EDGE_CURVE('',#314,#299,#222,.T.);
#399=EDGE_CURVE('',#315,#314,#223,.T.);
#400=EDGE_CURVE('',#300,#315,#224,.T.);
#401=EDGE_CURVE('',#316,#317,#225,.T.);
#402=EDGE_CURVE('',#300,#316,#226,.T.);
#403=EDGE_CURVE('',#315,#318,#227,.T.);
#404=EDGE_CURVE('',#319,#318,#228,.T.);
#405=EDGE_CURVE('',#317,#319,#193,.T.);
#406=EDGE_CURVE('',#318,#320,#229,.T.);
#407=EDGE_CURVE('',#314,#320,#230,.T.);
#408=EDGE_CURVE('',#321,#322,#231,.T.);
#409=EDGE_CURVE('',#323,#321,#194,.T.);
#410=EDGE_CURVE('',#320,#323,#232,.T.);
#411=EDGE_CURVE('',#322,#299,#233,.T.);
#412=EDGE_CURVE('',#324,#316,#140,.T.);
#413=EDGE_CURVE('',#324,#301,#195,.T.);
#414=EDGE_CURVE('',#313,#324,#196,.T.);
#415=EDGE_CURVE('',#325,#317,#141,.T.);
#416=EDGE_CURVE('',#325,#326,#234,.T.);
#417=EDGE_CURVE('',#326,#327,#142,.T.);
#418=EDGE_CURVE('',#327,#312,#197,.T.);
#419=EDGE_CURVE('',#319,#328,#143,.T.);
#420=EDGE_CURVE('',#328,#325,#198,.T.);
#421=EDGE_CURVE('',#329,#328,#235,.T.);
#422=EDGE_CURVE('',#330,#329,#236,.T.);
#423=EDGE_CURVE('',#330,#331,#237,.T.);
#424=EDGE_CURVE('',#326,#331,#238,.T.);
#425=EDGE_CURVE('',#332,#331,#199,.T.);
#426=EDGE_CURVE('',#333,#330,#239,.T.);
#427=EDGE_CURVE('',#332,#333,#240,.T.);
#428=EDGE_CURVE('',#334,#329,#241,.T.);
#429=EDGE_CURVE('',#333,#334,#242,.T.);
#430=EDGE_CURVE('',#335,#334,#243,.T.);
#431=EDGE_CURVE('',#336,#335,#200,.T.);
#432=EDGE_CURVE('',#337,#336,#244,.T.);
#433=EDGE_CURVE('',#332,#337,#245,.T.);
#434=EDGE_CURVE('',#298,#332,#201,.T.);
#435=EDGE_CURVE('',#322,#337,#144,.T.);
#436=EDGE_CURVE('',#321,#336,#145,.T.);
#437=EDGE_CURVE('',#335,#323,#146,.T.);
#438=EDGE_CURVE('',#331,#327,#202,.T.);
#439=EDGE_CURVE('',#338,#309,#203,.T.);
#440=EDGE_CURVE('',#338,#303,#204,.T.);
#441=EDGE_CURVE('',#306,#339,#205,.T.);
#442=EDGE_CURVE('',#339,#338,#147,.T.);
#443=EDGE_CURVE('',#339,#302,#206,.T.);
#444=EDGE_CURVE('',#340,#340,#148,.T.);
#445=EDGE_CURVE('',#341,#342,#149,.T.);
#446=EDGE_CURVE('',#342,#343,#150,.T.);
#447=EDGE_CURVE('',#343,#344,#151,.T.);
#448=EDGE_CURVE('',#344,#345,#152,.T.);
#449=EDGE_CURVE('',#345,#346,#153,.T.);
#450=EDGE_CURVE('',#346,#347,#154,.T.);
#451=EDGE_CURVE('',#347,#348,#155,.T.);
#452=EDGE_CURVE('',#348,#349,#156,.T.);
#453=EDGE_CURVE('',#349,#350,#157,.T.);
#454=EDGE_CURVE('',#350,#351,#158,.T.);
#455=EDGE_CURVE('',#351,#352,#159,.T.);
#456=EDGE_CURVE('',#352,#353,#160,.T.);
#457=EDGE_CURVE('',#353,#354,#161,.T.);
#458=EDGE_CURVE('',#354,#355,#162,.T.);
#459=EDGE_CURVE('',#355,#356,#163,.T.);
#460=EDGE_CURVE('',#356,#357,#164,.T.);
#461=EDGE_CURVE('',#357,#358,#165,.T.);
#462=EDGE_CURVE('',#358,#359,#166,.T.);
#463=EDGE_CURVE('',#359,#360,#167,.T.);
#464=EDGE_CURVE('',#360,#361,#168,.T.);
#465=EDGE_CURVE('',#361,#362,#169,.T.);
#466=EDGE_CURVE('',#362,#363,#170,.T.);
#467=EDGE_CURVE('',#363,#364,#171,.T.);
#468=EDGE_CURVE('',#364,#341,#172,.T.);
#469=EDGE_CURVE('',#365,#366,#173,.T.);
#470=EDGE_CURVE('',#366,#365,#174,.T.);
#471=EDGE_CURVE('',#365,#340,#246,.T.);
#472=EDGE_CURVE('',#367,#367,#175,.T.);
#473=EDGE_CURVE('',#367,#358,#247,.T.);
#474=EDGE_CURVE('',#357,#359,#207,.T.);
#475=EDGE_CURVE('',#368,#368,#176,.T.);
#476=EDGE_CURVE('',#368,#361,#248,.T.);
#477=EDGE_CURVE('',#362,#360,#208,.T.);
#478=EDGE_CURVE('',#369,#369,#177,.T.);
#479=EDGE_CURVE('',#369,#364,#249,.T.);
#480=EDGE_CURVE('',#363,#370,#209,.T.);
#481=EDGE_CURVE('',#370,#341,#210,.T.);
#482=EDGE_CURVE('',#371,#371,#178,.T.);
#483=EDGE_CURVE('',#371,#343,#250,.T.);
#484=EDGE_CURVE('',#342,#344,#211,.T.);
#485=EDGE_CURVE('',#372,#372,#179,.T.);
#486=EDGE_CURVE('',#372,#346,#251,.T.);
#487=EDGE_CURVE('',#347,#345,#212,.T.);
#488=EDGE_CURVE('',#373,#373,#180,.T.);
#489=EDGE_CURVE('',#373,#349,#252,.T.);
#490=EDGE_CURVE('',#350,#348,#213,.T.);
#491=EDGE_CURVE('',#374,#374,#181,.T.);
#492=EDGE_CURVE('',#374,#352,#253,.T.);
#493=EDGE_CURVE('',#353,#351,#214,.F.);
#494=EDGE_CURVE('',#375,#375,#182,.T.);
#495=EDGE_CURVE('',#375,#355,#254,.T.);
#496=EDGE_CURVE('',#356,#354,#215,.T.);
#497=EDGE_CURVE('',#366,#370,#255,.T.);
#498=ORIENTED_EDGE('',*,*,#376,.F.);
#499=ORIENTED_EDGE('',*,*,#377,.T.);
#500=ORIENTED_EDGE('',*,*,#378,.F.);
#501=ORIENTED_EDGE('',*,*,#379,.F.);
#502=ORIENTED_EDGE('',*,*,#380,.F.);
#503=ORIENTED_EDGE('',*,*,#381,.F.);
#504=ORIENTED_EDGE('',*,*,#382,.F.);
#505=ORIENTED_EDGE('',*,*,#383,.T.);
#506=ORIENTED_EDGE('',*,*,#376,.T.);
#507=ORIENTED_EDGE('',*,*,#384,.F.);
#508=ORIENTED_EDGE('',*,*,#385,.F.);
#509=ORIENTED_EDGE('',*,*,#386,.T.);
#510=ORIENTED_EDGE('',*,*,#387,.T.);
#511=ORIENTED_EDGE('',*,*,#388,.T.);
#512=ORIENTED_EDGE('',*,*,#389,.F.);
#513=ORIENTED_EDGE('',*,*,#388,.F.);
#514=ORIENTED_EDGE('',*,*,#390,.T.);
#515=ORIENTED_EDGE('',*,*,#391,.T.);
#516=ORIENTED_EDGE('',*,*,#392,.F.);
#517=ORIENTED_EDGE('',*,*,#393,.T.);
#518=ORIENTED_EDGE('',*,*,#385,.T.);
#519=ORIENTED_EDGE('',*,*,#394,.T.);
#520=ORIENTED_EDGE('',*,*,#395,.F.);
#521=ORIENTED_EDGE('',*,*,#396,.T.);
#522=ORIENTED_EDGE('',*,*,#392,.T.);
#523=ORIENTED_EDGE('',*,*,#397,.T.);
#524=ORIENTED_EDGE('',*,*,#379,.T.);
#525=ORIENTED_EDGE('',*,*,#398,.F.);
#526=ORIENTED_EDGE('',*,*,#399,.F.);
#527=ORIENTED_EDGE('',*,*,#400,.F.);
#528=ORIENTED_EDGE('',*,*,#401,.F.);
#529=ORIENTED_EDGE('',*,*,#402,.F.);
#530=ORIENTED_EDGE('',*,*,#400,.T.);
#531=ORIENTED_EDGE('',*,*,#403,.T.);
#532=ORIENTED_EDGE('',*,*,#404,.F.);
#533=ORIENTED_EDGE('',*,*,#405,.F.);
#534=ORIENTED_EDGE('',*,*,#406,.F.);
#535=ORIENTED_EDGE('',*,*,#403,.F.);
#536=ORIENTED_EDGE('',*,*,#399,.T.);
#537=ORIENTED_EDGE('',*,*,#407,.T.);
#538=ORIENTED_EDGE('',*,*,#408,.F.);
#539=ORIENTED_EDGE('',*,*,#409,.F.);
#540=ORIENTED_EDGE('',*,*,#410,.F.);
#541=ORIENTED_EDGE('',*,*,#407,.F.);
#542=ORIENTED_EDGE('',*,*,#398,.T.);
#543=ORIENTED_EDGE('',*,*,#411,.F.);
#544=ORIENTED_EDGE('',*,*,#402,.T.);
#545=ORIENTED_EDGE('',*,*,#412,.F.);
#546=ORIENTED_EDGE('',*,*,#413,.T.);
#547=ORIENTED_EDGE('',*,*,#380,.T.);
#548=ORIENTED_EDGE('',*,*,#395,.T.);
#549=ORIENTED_EDGE('',*,*,#414,.T.);
#550=ORIENTED_EDGE('',*,*,#412,.T.);
#551=ORIENTED_EDGE('',*,*,#401,.T.);
#552=ORIENTED_EDGE('',*,*,#415,.F.);
#553=ORIENTED_EDGE('',*,*,#416,.T.);
#554=ORIENTED_EDGE('',*,*,#417,.T.);
#555=ORIENTED_EDGE('',*,*,#418,.T.);
#556=ORIENTED_EDGE('',*,*,#405,.T.);
#557=ORIENTED_EDGE('',*,*,#419,.T.);
#558=ORIENTED_EDGE('',*,*,#420,.T.);
#559=ORIENTED_EDGE('',*,*,#415,.T.);
#560=ORIENTED_EDGE('',*,*,#421,.F.);
#561=ORIENTED_EDGE('',*,*,#422,.F.);
#562=ORIENTED_EDGE('',*,*,#423,.T.);
#563=ORIENTED_EDGE('',*,*,#424,.F.);
#564=ORIENTED_EDGE('',*,*,#416,.F.);
#565=ORIENTED_EDGE('',*,*,#420,.F.);
#566=ORIENTED_EDGE('',*,*,#425,.T.);
#567=ORIENTED_EDGE('',*,*,#423,.F.);
#568=ORIENTED_EDGE('',*,*,#426,.F.);
#569=ORIENTED_EDGE('',*,*,#427,.F.);
#570=ORIENTED_EDGE('',*,*,#428,.F.);
#571=ORIENTED_EDGE('',*,*,#429,.F.);
#572=ORIENTED_EDGE('',*,*,#426,.T.);
#573=ORIENTED_EDGE('',*,*,#422,.T.);
#574=ORIENTED_EDGE('',*,*,#430,.F.);
#575=ORIENTED_EDGE('',*,*,#431,.F.);
#576=ORIENTED_EDGE('',*,*,#432,.F.);
#577=ORIENTED_EDGE('',*,*,#433,.F.);
#578=ORIENTED_EDGE('',*,*,#427,.T.);
#579=ORIENTED_EDGE('',*,*,#429,.T.);
#580=ORIENTED_EDGE('',*,*,#411,.T.);
#581=ORIENTED_EDGE('',*,*,#378,.T.);
#582=ORIENTED_EDGE('',*,*,#434,.T.);
#583=ORIENTED_EDGE('',*,*,#433,.T.);
#584=ORIENTED_EDGE('',*,*,#435,.F.);
#585=ORIENTED_EDGE('',*,*,#408,.T.);
#586=ORIENTED_EDGE('',*,*,#435,.T.);
#587=ORIENTED_EDGE('',*,*,#432,.T.);
#588=ORIENTED_EDGE('',*,*,#436,.F.);
#589=ORIENTED_EDGE('',*,*,#409,.T.);
#590=ORIENTED_EDGE('',*,*,#436,.T.);
#591=ORIENTED_EDGE('',*,*,#431,.T.);
#592=ORIENTED_EDGE('',*,*,#437,.T.);
#593=ORIENTED_EDGE('',*,*,#424,.T.);
#594=ORIENTED_EDGE('',*,*,#438,.T.);
#595=ORIENTED_EDGE('',*,*,#417,.F.);
#596=ORIENTED_EDGE('',*,*,#413,.F.);
#597=ORIENTED_EDGE('',*,*,#414,.F.);
#598=ORIENTED_EDGE('',*,*,#397,.F.);
#599=ORIENTED_EDGE('',*,*,#394,.F.);
#600=ORIENTED_EDGE('',*,*,#391,.F.);
#601=ORIENTED_EDGE('',*,*,#439,.F.);
#602=ORIENTED_EDGE('',*,*,#440,.T.);
#603=ORIENTED_EDGE('',*,*,#384,.T.);
#604=ORIENTED_EDGE('',*,*,#381,.T.);
#605=ORIENTED_EDGE('',*,*,#387,.F.);
#606=ORIENTED_EDGE('',*,*,#441,.T.);
#607=ORIENTED_EDGE('',*,*,#442,.T.);
#608=ORIENTED_EDGE('',*,*,#439,.T.);
#609=ORIENTED_EDGE('',*,*,#390,.F.);
#610=ORIENTED_EDGE('',*,*,#382,.T.);
#611=ORIENTED_EDGE('',*,*,#440,.F.);
#612=ORIENTED_EDGE('',*,*,#442,.F.);
#613=ORIENTED_EDGE('',*,*,#443,.T.);
#614=ORIENTED_EDGE('',*,*,#434,.F.);
#615=ORIENTED_EDGE('',*,*,#377,.F.);
#616=ORIENTED_EDGE('',*,*,#383,.F.);
#617=ORIENTED_EDGE('',*,*,#443,.F.);
#618=ORIENTED_EDGE('',*,*,#441,.F.);
#619=ORIENTED_EDGE('',*,*,#386,.F.);
#620=ORIENTED_EDGE('',*,*,#393,.F.);
#621=ORIENTED_EDGE('',*,*,#396,.F.);
#622=ORIENTED_EDGE('',*,*,#418,.F.);
#623=ORIENTED_EDGE('',*,*,#438,.F.);
#624=ORIENTED_EDGE('',*,*,#425,.F.);
#625=ORIENTED_EDGE('',*,*,#410,.T.);
#626=ORIENTED_EDGE('',*,*,#437,.F.);
#627=ORIENTED_EDGE('',*,*,#430,.T.);
#628=ORIENTED_EDGE('',*,*,#428,.T.);
#629=ORIENTED_EDGE('',*,*,#421,.T.);
#630=ORIENTED_EDGE('',*,*,#419,.F.);
#631=ORIENTED_EDGE('',*,*,#404,.T.);
#632=ORIENTED_EDGE('',*,*,#406,.T.);
#633=ORIENTED_EDGE('',*,*,#444,.T.);
#634=ORIENTED_EDGE('',*,*,#389,.T.);
#635=ORIENTED_EDGE('',*,*,#445,.T.);
#636=ORIENTED_EDGE('',*,*,#446,.T.);
#637=ORIENTED_EDGE('',*,*,#447,.T.);
#638=ORIENTED_EDGE('',*,*,#448,.T.);
#639=ORIENTED_EDGE('',*,*,#449,.T.);
#640=ORIENTED_EDGE('',*,*,#450,.T.);
#641=ORIENTED_EDGE('',*,*,#451,.T.);
#642=ORIENTED_EDGE('',*,*,#452,.T.);
#643=ORIENTED_EDGE('',*,*,#453,.T.);
#644=ORIENTED_EDGE('',*,*,#454,.T.);
#645=ORIENTED_EDGE('',*,*,#455,.T.);
#646=ORIENTED_EDGE('',*,*,#456,.T.);
#647=ORIENTED_EDGE('',*,*,#457,.T.);
#648=ORIENTED_EDGE('',*,*,#458,.T.);
#649=ORIENTED_EDGE('',*,*,#459,.T.);
#650=ORIENTED_EDGE('',*,*,#460,.T.);
#651=ORIENTED_EDGE('',*,*,#461,.T.);
#652=ORIENTED_EDGE('',*,*,#462,.T.);
#653=ORIENTED_EDGE('',*,*,#463,.T.);
#654=ORIENTED_EDGE('',*,*,#464,.T.);
#655=ORIENTED_EDGE('',*,*,#465,.T.);
#656=ORIENTED_EDGE('',*,*,#466,.T.);
#657=ORIENTED_EDGE('',*,*,#467,.T.);
#658=ORIENTED_EDGE('',*,*,#468,.T.);
#659=ORIENTED_EDGE('',*,*,#469,.T.);
#660=ORIENTED_EDGE('',*,*,#470,.T.);
#661=ORIENTED_EDGE('',*,*,#471,.T.);
#662=ORIENTED_EDGE('',*,*,#444,.F.);
#663=ORIENTED_EDGE('',*,*,#471,.F.);
#664=ORIENTED_EDGE('',*,*,#472,.T.);
#665=ORIENTED_EDGE('',*,*,#473,.T.);
#666=ORIENTED_EDGE('',*,*,#461,.F.);
#667=ORIENTED_EDGE('',*,*,#474,.T.);
#668=ORIENTED_EDGE('',*,*,#462,.F.);
#669=ORIENTED_EDGE('',*,*,#473,.F.);
#670=ORIENTED_EDGE('',*,*,#472,.F.);
#671=ORIENTED_EDGE('',*,*,#475,.T.);
#672=ORIENTED_EDGE('',*,*,#476,.T.);
#673=ORIENTED_EDGE('',*,*,#464,.F.);
#674=ORIENTED_EDGE('',*,*,#477,.F.);
#675=ORIENTED_EDGE('',*,*,#465,.F.);
#676=ORIENTED_EDGE('',*,*,#476,.F.);
#677=ORIENTED_EDGE('',*,*,#475,.F.);
#678=ORIENTED_EDGE('',*,*,#478,.T.);
#679=ORIENTED_EDGE('',*,*,#479,.T.);
#680=ORIENTED_EDGE('',*,*,#467,.F.);
#681=ORIENTED_EDGE('',*,*,#480,.T.);
#682=ORIENTED_EDGE('',*,*,#481,.T.);
#683=ORIENTED_EDGE('',*,*,#468,.F.);
#684=ORIENTED_EDGE('',*,*,#479,.F.);
#685=ORIENTED_EDGE('',*,*,#478,.F.);
#686=ORIENTED_EDGE('',*,*,#482,.T.);
#687=ORIENTED_EDGE('',*,*,#483,.T.);
#688=ORIENTED_EDGE('',*,*,#446,.F.);
#689=ORIENTED_EDGE('',*,*,#484,.T.);
#690=ORIENTED_EDGE('',*,*,#447,.F.);
#691=ORIENTED_EDGE('',*,*,#483,.F.);
#692=ORIENTED_EDGE('',*,*,#482,.F.);
#693=ORIENTED_EDGE('',*,*,#485,.T.);
#694=ORIENTED_EDGE('',*,*,#486,.T.);
#695=ORIENTED_EDGE('',*,*,#449,.F.);
#696=ORIENTED_EDGE('',*,*,#487,.F.);
#697=ORIENTED_EDGE('',*,*,#450,.F.);
#698=ORIENTED_EDGE('',*,*,#486,.F.);
#699=ORIENTED_EDGE('',*,*,#485,.F.);
#700=ORIENTED_EDGE('',*,*,#488,.T.);
#701=ORIENTED_EDGE('',*,*,#489,.T.);
#702=ORIENTED_EDGE('',*,*,#452,.F.);
#703=ORIENTED_EDGE('',*,*,#490,.F.);
#704=ORIENTED_EDGE('',*,*,#453,.F.);
#705=ORIENTED_EDGE('',*,*,#489,.F.);
#706=ORIENTED_EDGE('',*,*,#488,.F.);
#707=ORIENTED_EDGE('',*,*,#491,.T.);
#708=ORIENTED_EDGE('',*,*,#492,.T.);
#709=ORIENTED_EDGE('',*,*,#455,.F.);
#710=ORIENTED_EDGE('',*,*,#493,.F.);
#711=ORIENTED_EDGE('',*,*,#456,.F.);
#712=ORIENTED_EDGE('',*,*,#492,.F.);
#713=ORIENTED_EDGE('',*,*,#491,.F.);
#714=ORIENTED_EDGE('',*,*,#494,.T.);
#715=ORIENTED_EDGE('',*,*,#495,.T.);
#716=ORIENTED_EDGE('',*,*,#458,.F.);
#717=ORIENTED_EDGE('',*,*,#496,.F.);
#718=ORIENTED_EDGE('',*,*,#459,.F.);
#719=ORIENTED_EDGE('',*,*,#495,.F.);
#720=ORIENTED_EDGE('',*,*,#494,.F.);
#721=ORIENTED_EDGE('',*,*,#469,.F.);
#722=ORIENTED_EDGE('',*,*,#470,.F.);
#723=ORIENTED_EDGE('',*,*,#497,.T.);
#724=ORIENTED_EDGE('',*,*,#480,.F.);
#725=ORIENTED_EDGE('',*,*,#466,.F.);
#726=ORIENTED_EDGE('',*,*,#477,.T.);
#727=ORIENTED_EDGE('',*,*,#463,.F.);
#728=ORIENTED_EDGE('',*,*,#474,.F.);
#729=ORIENTED_EDGE('',*,*,#460,.F.);
#730=ORIENTED_EDGE('',*,*,#496,.T.);
#731=ORIENTED_EDGE('',*,*,#457,.F.);
#732=ORIENTED_EDGE('',*,*,#493,.T.);
#733=ORIENTED_EDGE('',*,*,#454,.F.);
#734=ORIENTED_EDGE('',*,*,#490,.T.);
#735=ORIENTED_EDGE('',*,*,#451,.F.);
#736=ORIENTED_EDGE('',*,*,#487,.T.);
#737=ORIENTED_EDGE('',*,*,#448,.F.);
#738=ORIENTED_EDGE('',*,*,#484,.F.);
#739=ORIENTED_EDGE('',*,*,#445,.F.);
#740=ORIENTED_EDGE('',*,*,#481,.F.);
#741=ORIENTED_EDGE('',*,*,#497,.F.);
#742=CYLINDRICAL_SURFACE('',#817,14.52075);
#743=CYLINDRICAL_SURFACE('',#821,14.52075);
#744=CYLINDRICAL_SURFACE('',#822,14.954);
#745=CYLINDRICAL_SURFACE('',#826,14.954);
#746=CYLINDRICAL_SURFACE('',#827,14.954);
#747=CYLINDRICAL_SURFACE('',#834,14.954);
#748=CYLINDRICAL_SURFACE('',#845,14.954);
#749=CYLINDRICAL_SURFACE('',#852,14.52075);
#750=CYLINDRICAL_SURFACE('',#880,9.85);
#751=CYLINDRICAL_SURFACE('',#883,2.05);
#752=CYLINDRICAL_SURFACE('',#886,2.1);
#753=CYLINDRICAL_SURFACE('',#889,2.1);
#754=CYLINDRICAL_SURFACE('',#892,2.1);
#755=CYLINDRICAL_SURFACE('',#895,2.1);
#756=CYLINDRICAL_SURFACE('',#898,2.1);
#757=CYLINDRICAL_SURFACE('',#901,2.1);
#758=CYLINDRICAL_SURFACE('',#904,2.1);
#759=ADVANCED_FACE('',(#44),#742,.T.);
#760=ADVANCED_FACE('',(#45),#743,.T.);
#761=ADVANCED_FACE('',(#46),#744,.T.);
#762=ADVANCED_FACE('',(#47),#745,.T.);
#763=ADVANCED_FACE('',(#48),#746,.T.);
#764=ADVANCED_FACE('',(#49),#22,.F.);
#765=ADVANCED_FACE('',(#50),#23,.T.);
#766=ADVANCED_FACE('',(#51),#24,.T.);
#767=ADVANCED_FACE('',(#52),#25,.T.);
#768=ADVANCED_FACE('',(#53),#26,.T.);
#769=ADVANCED_FACE('',(#54),#747,.T.);
#770=ADVANCED_FACE('',(#55),#20,.T.);
#771=ADVANCED_FACE('',(#56),#27,.T.);
#772=ADVANCED_FACE('',(#57),#28,.F.);
#773=ADVANCED_FACE('',(#58),#29,.T.);
#774=ADVANCED_FACE('',(#59),#30,.T.);
#775=ADVANCED_FACE('',(#60),#31,.T.);
#776=ADVANCED_FACE('',(#61),#748,.T.);
#777=ADVANCED_FACE('',(#62),#21,.T.);
#778=ADVANCED_FACE('',(#63),#32,.T.);
#779=ADVANCED_FACE('',(#64),#18,.F.);
#780=ADVANCED_FACE('',(#65),#33,.F.);
#781=ADVANCED_FACE('',(#66),#749,.T.);
#782=ADVANCED_FACE('',(#67),#19,.F.);
#783=ADVANCED_FACE('',(#68,#16),#34,.F.);
#784=ADVANCED_FACE('',(#69,#17),#35,.T.);
#785=ADVANCED_FACE('',(#70),#750,.F.);
#786=ADVANCED_FACE('',(#71),#751,.F.);
#787=ADVANCED_FACE('',(#72),#36,.F.);
#788=ADVANCED_FACE('',(#73),#752,.F.);
#789=ADVANCED_FACE('',(#74),#37,.F.);
#790=ADVANCED_FACE('',(#75),#753,.F.);
#791=ADVANCED_FACE('',(#76),#38,.F.);
#792=ADVANCED_FACE('',(#77),#754,.F.);
#793=ADVANCED_FACE('',(#78),#39,.F.);
#794=ADVANCED_FACE('',(#79),#755,.F.);
#795=ADVANCED_FACE('',(#80),#40,.F.);
#796=ADVANCED_FACE('',(#81),#756,.F.);
#797=ADVANCED_FACE('',(#82),#41,.F.);
#798=ADVANCED_FACE('',(#83),#757,.F.);
#799=ADVANCED_FACE('',(#84),#42,.F.);
#800=ADVANCED_FACE('',(#85),#758,.F.);
#801=ADVANCED_FACE('',(#86),#43,.F.);
#802=ADVANCED_FACE('',(#87),#15,.F.);
#803=CLOSED_SHELL('',(#759,#760,#761,#762,#763,#764,#765,#766,#767,#768,
#769,#770,#771,#772,#773,#774,#775,#776,#777,#778,#779,#780,#781,#782,#783,
#784,#785,#786,#787,#788,#789,#790,#791,#792,#793,#794,#795,#796,#797,#798,
#799,#800,#801,#802));
#804=DERIVED_UNIT_ELEMENT(#806,1.);
#805=DERIVED_UNIT_ELEMENT(#2556,-3.);
#806=(
MASS_UNIT()
NAMED_UNIT(*)
SI_UNIT(.KILO.,.GRAM.)
);
#807=DERIVED_UNIT((#804,#805));
#808=MEASURE_REPRESENTATION_ITEM('density measure',
POSITIVE_RATIO_MEASURE(7850.),#807);
#809=PROPERTY_DEFINITION_REPRESENTATION(#814,#811);
#810=PROPERTY_DEFINITION_REPRESENTATION(#815,#812);
#811=REPRESENTATION('material name',(#813),#2553);
#812=REPRESENTATION('density',(#808),#2553);
#813=DESCRIPTIVE_REPRESENTATION_ITEM('Steel','Steel');
#814=PROPERTY_DEFINITION('material property','material name',#2563);
#815=PROPERTY_DEFINITION('material property','density of part',#2563);
#816=AXIS2_PLACEMENT_3D('',#1132,#908,#909);
#817=AXIS2_PLACEMENT_3D('',#1133,#910,#911);
#818=AXIS2_PLACEMENT_3D('',#1153,#913,#914);
#819=AXIS2_PLACEMENT_3D('',#1155,#915,#916);
#820=AXIS2_PLACEMENT_3D('',#1157,#917,#918);
#821=AXIS2_PLACEMENT_3D('',#1169,#919,#920);
#822=AXIS2_PLACEMENT_3D('',#1207,#922,#923);
#823=AXIS2_PLACEMENT_3D('',#1223,#925,#926);
#824=AXIS2_PLACEMENT_3D('',#1226,#928,#929);
#825=AXIS2_PLACEMENT_3D('',#1228,#930,#931);
#826=AXIS2_PLACEMENT_3D('',#1233,#932,#933);
#827=AXIS2_PLACEMENT_3D('',#1323,#935,#936);
#828=AXIS2_PLACEMENT_3D('',#1413,#938,#939);
#829=AXIS2_PLACEMENT_3D('',#1419,#943,#944);
#830=AXIS2_PLACEMENT_3D('',#1438,#949,#950);
#831=AXIS2_PLACEMENT_3D('',#1442,#953,#954);
#832=AXIS2_PLACEMENT_3D('',#1459,#958,#959);
#833=AXIS2_PLACEMENT_3D('',#1461,#960,#961);
#834=AXIS2_PLACEMENT_3D('',#1586,#962,#963);
#835=AXIS2_PLACEMENT_3D('',#1601,#964,#965);
#836=AXIS2_PLACEMENT_3D('',#1605,#967,#968);
#837=AXIS2_PLACEMENT_3D('',#1613,#969,#970);
#838=AXIS2_PLACEMENT_3D('',#1615,#971,#972);
#839=AXIS2_PLACEMENT_3D('',#1626,#973,#974);
#840=AXIS2_PLACEMENT_3D('',#1634,#979,#980);
#841=AXIS2_PLACEMENT_3D('',#1643,#983,#984);
#842=AXIS2_PLACEMENT_3D('',#1647,#987,#988);
#843=AXIS2_PLACEMENT_3D('',#1664,#992,#993);
#844=AXIS2_PLACEMENT_3D('',#1783,#994,#995);
#845=AXIS2_PLACEMENT_3D('',#1784,#996,#997);
#846=AXIS2_PLACEMENT_3D('',#1785,#998,#999);
#847=AXIS2_PLACEMENT_3D('',#1786,#1000,#1001);
#848=AXIS2_PLACEMENT_3D('',#1787,#1002,#1003);
#849=AXIS2_PLACEMENT_3D('',#1788,#1004,#1005);
#850=AXIS2_PLACEMENT_3D('',#2082,#1006,#1007);
#851=AXIS2_PLACEMENT_3D('',#2208,#1008,#1009);
#852=AXIS2_PLACEMENT_3D('',#2209,#1010,#1011);
#853=AXIS2_PLACEMENT_3D('',#2368,#1012,#1013);
#854=AXIS2_PLACEMENT_3D('',#2370,#1014,#1015);
#855=AXIS2_PLACEMENT_3D('',#2371,#1016,#1017);
#856=AXIS2_PLACEMENT_3D('',#2374,#1018,#1019);
#857=AXIS2_PLACEMENT_3D('',#2376,#1020,#1021);
#858=AXIS2_PLACEMENT_3D('',#2378,#1022,#1023);
#859=AXIS2_PLACEMENT_3D('',#2380,#1024,#1025);
#860=AXIS2_PLACEMENT_3D('',#2382,#1026,#1027);
#861=AXIS2_PLACEMENT_3D('',#2384,#1028,#1029);
#862=AXIS2_PLACEMENT_3D('',#2386,#1030,#1031);
#863=AXIS2_PLACEMENT_3D('',#2388,#1032,#1033);
#864=AXIS2_PLACEMENT_3D('',#2390,#1034,#1035);
#865=AXIS2_PLACEMENT_3D('',#2392,#1036,#1037);
#866=AXIS2_PLACEMENT_3D('',#2394,#1038,#1039);
#867=AXIS2_PLACEMENT_3D('',#2396,#1040,#1041);
#868=AXIS2_PLACEMENT_3D('',#2398,#1042,#1043);
#869=AXIS2_PLACEMENT_3D('',#2400,#1044,#1045);
#870=AXIS2_PLACEMENT_3D('',#2402,#1046,#1047);
#871=AXIS2_PLACEMENT_3D('',#2404,#1048,#1049);
#872=AXIS2_PLACEMENT_3D('',#2406,#1050,#1051);
#873=AXIS2_PLACEMENT_3D('',#2408,#1052,#1053);
#874=AXIS2_PLACEMENT_3D('',#2410,#1054,#1055);
#875=AXIS2_PLACEMENT_3D('',#2412,#1056,#1057);
#876=AXIS2_PLACEMENT_3D('',#2414,#1058,#1059);
#877=AXIS2_PLACEMENT_3D('',#2416,#1060,#1061);
#878=AXIS2_PLACEMENT_3D('',#2418,#1062,#1063);
#879=AXIS2_PLACEMENT_3D('',#2419,#1064,#1065);
#880=AXIS2_PLACEMENT_3D('',#2420,#1066,#1067);
#881=AXIS2_PLACEMENT_3D('',#2423,#1068,#1069);
#882=AXIS2_PLACEMENT_3D('',#2424,#1070,#1071);
#883=AXIS2_PLACEMENT_3D('',#2426,#1073,#1074);
#884=AXIS2_PLACEMENT_3D('',#2428,#1075,#1076);
#885=AXIS2_PLACEMENT_3D('',#2440,#1078,#1079);
#886=AXIS2_PLACEMENT_3D('',#2441,#1080,#1081);
#887=AXIS2_PLACEMENT_3D('',#2443,#1082,#1083);
#888=AXIS2_PLACEMENT_3D('',#2455,#1085,#1086);
#889=AXIS2_PLACEMENT_3D('',#2456,#1087,#1088);
#890=AXIS2_PLACEMENT_3D('',#2458,#1089,#1090);
#891=AXIS2_PLACEMENT_3D('',#2473,#1092,#1093);
#892=AXIS2_PLACEMENT_3D('',#2474,#1094,#1095);
#893=AXIS2_PLACEMENT_3D('',#2476,#1096,#1097);
#894=AXIS2_PLACEMENT_3D('',#2488,#1099,#1100);
#895=AXIS2_PLACEMENT_3D('',#2489,#1101,#1102);
#896=AXIS2_PLACEMENT_3D('',#2491,#1103,#1104);
#897=AXIS2_PLACEMENT_3D('',#2503,#1106,#1107);
#898=AXIS2_PLACEMENT_3D('',#2504,#1108,#1109);
#899=AXIS2_PLACEMENT_3D('',#2506,#1110,#1111);
#900=AXIS2_PLACEMENT_3D('',#2518,#1113,#1114);
#901=AXIS2_PLACEMENT_3D('',#2519,#1115,#1116);
#902=AXIS2_PLACEMENT_3D('',#2521,#1117,#1118);
#903=AXIS2_PLACEMENT_3D('',#2533,#1120,#1121);
#904=AXIS2_PLACEMENT_3D('',#2534,#1122,#1123);
#905=AXIS2_PLACEMENT_3D('',#2536,#1124,#1125);
#906=AXIS2_PLACEMENT_3D('',#2548,#1127,#1128);
#907=AXIS2_PLACEMENT_3D('',#2549,#1129,#1130);
#908=DIRECTION('axis',(0.,0.,1.));
#909=DIRECTION('refdir',(1.,0.,0.));
#910=DIRECTION('center_axis',(-1.23259516440783E-32,-1.,2.22044604925031E-16));
#911=DIRECTION('ref_axis',(-0.923879532511287,8.49727915508613E-17,0.382683432365089));
#912=DIRECTION('',(5.04129258529534E-32,-1.,2.22044604925031E-16));
#913=DIRECTION('center_axis',(-8.49727915508613E-17,-1.,1.690213913024E-17));
#914=DIRECTION('ref_axis',(-0.923879532511287,8.49727915508613E-17,0.382683432365089));
#915=DIRECTION('center_axis',(-8.49727915508613E-17,-1.,1.690213913024E-17));
#916=DIRECTION('ref_axis',(-0.923879532511287,8.49727915508613E-17,0.382683432365089));
#917=DIRECTION('center_axis',(-8.49727915508613E-17,-1.,1.690213913024E-17));
#918=DIRECTION('ref_axis',(-0.923879532511287,8.49727915508613E-17,0.382683432365089));
#919=DIRECTION('center_axis',(-1.23259516440783E-32,-1.,2.22044604925031E-16));
#920=DIRECTION('ref_axis',(-0.923879532511287,8.49727915508613E-17,0.382683432365089));
#921=DIRECTION('',(5.04129258529534E-32,-1.,2.22044604925031E-16));
#922=DIRECTION('center_axis',(0.,-1.,2.22044604925031E-16));
#923=DIRECTION('ref_axis',(-0.923879532511287,8.49727915508613E-17,0.38268343236509));
#924=DIRECTION('',(0.,1.,-2.22044604925031E-16));
#925=DIRECTION('center_axis',(8.49727915508613E-17,1.,-1.690213913024E-17));
#926=DIRECTION('ref_axis',(-0.923879532511287,8.49727915508613E-17,0.38268343236509));
#927=DIRECTION('',(0.,1.,-2.22044604925031E-16));
#928=DIRECTION('center_axis',(0.,-1.,2.22044604925031E-16));
#929=DIRECTION('ref_axis',(-0.923879532511287,8.49727915508613E-17,0.38268343236509));
#930=DIRECTION('center_axis',(8.49727915508613E-17,1.,-1.690213913024E-17));
#931=DIRECTION('ref_axis',(-0.923879532511287,8.49727915508613E-17,0.38268343236509));
#932=DIRECTION('center_axis',(0.,-1.,2.22044604925031E-16));
#933=DIRECTION('ref_axis',(-0.923879532511287,8.49727915508613E-17,0.38268343236509));
#934=DIRECTION('',(0.,1.,-2.22044604925031E-16));
#935=DIRECTION('center_axis',(0.,-1.,2.22044604925031E-16));
#936=DIRECTION('ref_axis',(-0.923879532511287,8.49727915508613E-17,0.38268343236509));
#937=DIRECTION('',(0.,1.,-2.22044604925031E-16));
#938=DIRECTION('center_axis',(0.,1.,0.));
#939=DIRECTION('ref_axis',(0.,0.,-1.));
#940=DIRECTION('',(-1.,0.,0.));
#941=DIRECTION('',(0.,0.,-1.));
#942=DIRECTION('',(1.,0.,0.));
#943=DIRECTION('center_axis',(0.,0.,-1.));
#944=DIRECTION('ref_axis',(0.,-1.,0.));
#945=DIRECTION('',(0.,-1.,2.22044604925031E-16));
#946=DIRECTION('',(-1.,8.49727915508613E-17,0.));
#947=DIRECTION('',(0.,-1.,0.));
#948=DIRECTION('',(1.,0.,0.));
#949=DIRECTION('center_axis',(-1.,0.,0.));
#950=DIRECTION('ref_axis',(0.,1.,0.));
#951=DIRECTION('',(0.,-2.22044604925031E-16,-1.));
#952=DIRECTION('',(0.,-1.,0.));
#953=DIRECTION('center_axis',(0.,0.,1.));
#954=DIRECTION('ref_axis',(0.,1.,0.));
#955=DIRECTION('',(0.,1.,-2.22044604925031E-16));
#956=DIRECTION('',(-1.,0.,0.));
#957=DIRECTION('',(1.,-8.49727915508613E-17,0.));
#958=DIRECTION('center_axis',(8.49727915508613E-17,1.,-1.690213913024E-17));
#959=DIRECTION('ref_axis',(0.38268343236509,-1.690213913024E-17,0.923879532511287));
#960=DIRECTION('center_axis',(-8.49727915508613E-17,-1.,1.690213913024E-17));
#961=DIRECTION('ref_axis',(-0.923879532511287,8.49727915508613E-17,0.38268343236509));
#962=DIRECTION('center_axis',(0.,-1.,2.22044604925031E-16));
#963=DIRECTION('ref_axis',(-0.923879532511287,8.49727915508613E-17,0.38268343236509));
#964=DIRECTION('center_axis',(0.,-1.,2.22044604925031E-16));
#965=DIRECTION('ref_axis',(-0.923879532511287,8.49727915508613E-17,0.38268343236509));
#966=DIRECTION('',(0.,1.,-2.22044604925031E-16));
#967=DIRECTION('center_axis',(-8.49727915508613E-17,-1.,1.690213913024E-17));
#968=DIRECTION('ref_axis',(-0.923879532511287,8.49727915508613E-17,0.38268343236509));
#969=DIRECTION('center_axis',(0.,-1.,2.22044604925031E-16));
#970=DIRECTION('ref_axis',(-6.10623185561734E-16,2.2272763634315E-16,1.));
#971=DIRECTION('center_axis',(0.,1.,-2.22044604925031E-16));
#972=DIRECTION('ref_axis',(-0.923879532511287,8.49727915508613E-17,0.38268343236509));
#973=DIRECTION('center_axis',(0.,0.,-1.));
#974=DIRECTION('ref_axis',(0.,-1.,0.));
#975=DIRECTION('',(1.,0.,0.));
#976=DIRECTION('',(0.,-1.,0.));
#977=DIRECTION('',(1.,0.,0.));
#978=DIRECTION('',(-1.,8.49727915508613E-17,0.));
#979=DIRECTION('center_axis',(0.,1.,0.));
#980=DIRECTION('ref_axis',(0.,0.,-1.));
#981=DIRECTION('',(0.,0.,1.));
#982=DIRECTION('',(-1.,0.,0.));
#983=DIRECTION('center_axis',(1.,0.,0.));
#984=DIRECTION('ref_axis',(0.,-1.,0.));
#985=DIRECTION('',(0.,2.22044604925031E-16,1.));
#986=DIRECTION('',(0.,-1.,0.));
#987=DIRECTION('center_axis',(0.,0.,1.));
#988=DIRECTION('ref_axis',(0.,1.,0.));
#989=DIRECTION('',(-1.,0.,0.));
#990=DIRECTION('',(0.,-1.,2.22044604925031E-16));
#991=DIRECTION('',(1.,-8.49727915508613E-17,0.));
#992=DIRECTION('center_axis',(8.49727915508613E-17,1.,-1.690213913024E-17));
#993=DIRECTION('ref_axis',(0.38268343236509,-1.690213913024E-17,0.923879532511287));
#994=DIRECTION('center_axis',(-8.49727915508613E-17,-1.,1.690213913024E-17));
#995=DIRECTION('ref_axis',(-0.923879532511287,8.49727915508613E-17,0.38268343236509));
#996=DIRECTION('center_axis',(0.,-1.,2.22044604925031E-16));
#997=DIRECTION('ref_axis',(0.,-2.22044604925031E-16,-1.));
#998=DIRECTION('center_axis',(0.,-1.,2.22044604925031E-16));
#999=DIRECTION('ref_axis',(-0.923879532511287,8.49727915508613E-17,0.38268343236509));
#1000=DIRECTION('center_axis',(0.,-1.,2.22044604925031E-16));
#1001=DIRECTION('ref_axis',(-0.38268343236509,-2.07879127253607E-16,-0.923879532511287));
#1002=DIRECTION('center_axis',(0.,1.,-2.22044604925031E-16));
#1003=DIRECTION('ref_axis',(-0.923879532511287,8.49727915508613E-17,0.38268343236509));
#1004=DIRECTION('center_axis',(8.49727915508613E-17,1.,-1.690213913024E-17));
#1005=DIRECTION('ref_axis',(0.38268343236509,-1.690213913024E-17,0.923879532511287));
#1006=DIRECTION('center_axis',(8.49727915508613E-17,1.,-1.690213913024E-17));
#1007=DIRECTION('ref_axis',(0.38268343236509,-1.690213913024E-17,0.923879532511287));
#1008=DIRECTION('center_axis',(8.49727915508613E-17,1.,-1.690213913024E-17));
#1009=DIRECTION('ref_axis',(-0.923879532511287,8.49727915508613E-17,0.382683432365089));
#1010=DIRECTION('center_axis',(-1.23259516440783E-32,-1.,2.22044604925031E-16));
#1011=DIRECTION('ref_axis',(-0.876678708830007,-1.06820405063975E-16,-0.481076336441683));
#1012=DIRECTION('center_axis',(0.,1.,-2.22044604925031E-16));
#1013=DIRECTION('ref_axis',(0.923879532511287,-8.49727915508613E-17,-0.38268343236509));
#1014=DIRECTION('center_axis',(0.,1.,-2.22044604925031E-16));
#1015=DIRECTION('ref_axis',(0.923879532511287,-8.49727915508613E-17,-0.38268343236509));
#1016=DIRECTION('center_axis',(0.,1.,-2.22044604925031E-16));
#1017=DIRECTION('ref_axis',(0.923879532511287,-8.49727915508613E-17,-0.38268343236509));
#1018=DIRECTION('center_axis',(0.,-1.,2.22044604925031E-16));
#1019=DIRECTION('ref_axis',(0.923879532511287,-8.49727915508613E-17,-0.38268343236509));
#1020=DIRECTION('center_axis',(0.,-1.,2.22044604925031E-16));
#1021=DIRECTION('ref_axis',(0.923879532511287,-8.49727915508613E-17,-0.38268343236509));
#1022=DIRECTION('center_axis',(0.,-1.,2.22044604925031E-16));
#1023=DIRECTION('ref_axis',(0.923879532511287,-8.49727915508613E-17,-0.38268343236509));
#1024=DIRECTION('center_axis',(0.,-1.,2.22044604925031E-16));
#1025=DIRECTION('ref_axis',(0.923879532511287,-8.49727915508613E-17,-0.38268343236509));
#1026=DIRECTION('center_axis',(0.,-1.,2.22044604925031E-16));
#1027=DIRECTION('ref_axis',(0.923879532511287,-8.49727915508613E-17,-0.38268343236509));
#1028=DIRECTION('center_axis',(0.,-1.,2.22044604925031E-16));
#1029=DIRECTION('ref_axis',(0.923879532511287,-8.49727915508613E-17,-0.38268343236509));
#1030=DIRECTION('center_axis',(0.,-1.,2.22044604925031E-16));
#1031=DIRECTION('ref_axis',(0.923879532511287,-8.49727915508613E-17,-0.38268343236509));
#1032=DIRECTION('center_axis',(0.,-1.,2.22044604925031E-16));
#1033=DIRECTION('ref_axis',(0.923879532511287,-8.49727915508613E-17,-0.38268343236509));
#1034=DIRECTION('center_axis',(0.,-1.,2.22044604925031E-16));
#1035=DIRECTION('ref_axis',(0.923879532511287,-8.49727915508613E-17,-0.38268343236509));
#1036=DIRECTION('center_axis',(0.,-1.,2.22044604925031E-16));
#1037=DIRECTION('ref_axis',(0.923879532511287,-8.49727915508613E-17,-0.38268343236509));
#1038=DIRECTION('center_axis',(0.,-1.,2.22044604925031E-16));
#1039=DIRECTION('ref_axis',(0.923879532511287,-8.49727915508613E-17,-0.38268343236509));
#1040=DIRECTION('center_axis',(0.,-1.,2.22044604925031E-16));
#1041=DIRECTION('ref_axis',(0.923879532511287,-8.49727915508613E-17,-0.38268343236509));
#1042=DIRECTION('center_axis',(0.,-1.,2.22044604925031E-16));
#1043=DIRECTION('ref_axis',(0.923879532511287,-8.49727915508613E-17,-0.38268343236509));
#1044=DIRECTION('center_axis',(0.,-1.,2.22044604925031E-16));
#1045=DIRECTION('ref_axis',(0.923879532511287,-8.49727915508613E-17,-0.38268343236509));
#1046=DIRECTION('center_axis',(0.,-1.,2.22044604925031E-16));
#1047=DIRECTION('ref_axis',(0.923879532511287,-8.49727915508613E-17,-0.38268343236509));
#1048=DIRECTION('center_axis',(0.,-1.,2.22044604925031E-16));
#1049=DIRECTION('ref_axis',(0.923879532511287,-8.49727915508613E-17,-0.38268343236509));
#1050=DIRECTION('center_axis',(0.,-1.,2.22044604925031E-16));
#1051=DIRECTION('ref_axis',(0.923879532511287,-8.49727915508613E-17,-0.38268343236509));
#1052=DIRECTION('center_axis',(0.,-1.,2.22044604925031E-16));
#1053=DIRECTION('ref_axis',(0.923879532511287,-8.49727915508613E-17,-0.38268343236509));
#1054=DIRECTION('center_axis',(0.,-1.,2.22044604925031E-16));
#1055=DIRECTION('ref_axis',(0.923879532511287,-8.49727915508613E-17,-0.38268343236509));
#1056=DIRECTION('center_axis',(0.,-1.,2.22044604925031E-16));
#1057=DIRECTION('ref_axis',(0.923879532511287,-8.49727915508613E-17,-0.38268343236509));
#1058=DIRECTION('center_axis',(0.,-1.,2.22044604925031E-16));
#1059=DIRECTION('ref_axis',(0.923879532511287,-8.49727915508613E-17,-0.38268343236509));
#1060=DIRECTION('center_axis',(0.,-1.,2.22044604925031E-16));
#1061=DIRECTION('ref_axis',(0.923879532511287,-8.49727915508613E-17,-0.38268343236509));
#1062=DIRECTION('center_axis',(0.,-1.,2.22044604925031E-16));
#1063=DIRECTION('ref_axis',(0.923879532511287,-8.49727915508613E-17,-0.38268343236509));
#1064=DIRECTION('center_axis',(0.,-1.,2.22044604925031E-16));
#1065=DIRECTION('ref_axis',(0.923879532511287,-8.49727915508613E-17,-0.38268343236509));
#1066=DIRECTION('center_axis',(0.,-1.,2.22044604925031E-16));
#1067=DIRECTION('ref_axis',(-0.923879532511287,8.49727915508613E-17,0.38268343236509));
#1068=DIRECTION('center_axis',(0.,1.,-2.22044604925031E-16));
#1069=DIRECTION('ref_axis',(0.923879532511287,-8.49727915508613E-17,-0.38268343236509));
#1070=DIRECTION('center_axis',(0.,1.,-2.22044604925031E-16));
#1071=DIRECTION('ref_axis',(0.923879532511287,-8.49727915508613E-17,-0.38268343236509));
#1072=DIRECTION('',(0.,-1.,2.22044604925031E-16));
#1073=DIRECTION('center_axis',(0.,1.,-2.22044604925031E-16));
#1074=DIRECTION('ref_axis',(-0.923879532511287,8.49727915508613E-17,0.38268343236509));
#1075=DIRECTION('center_axis',(0.,-1.,2.22044604925031E-16));
#1076=DIRECTION('ref_axis',(-0.38268343236509,-2.05142465794791E-16,-0.923879532511287));
#1077=DIRECTION('',(0.,1.,-2.22044604925031E-16));
#1078=DIRECTION('center_axis',(0.,-1.,2.22044604925031E-16));
#1079=DIRECTION('ref_axis',(0.923879532511287,-8.49727915508613E-17,-0.38268343236509));
#1080=DIRECTION('center_axis',(0.,1.,-2.22044604925031E-16));
#1081=DIRECTION('ref_axis',(-0.923879532511287,-8.49727915508613E-17,-0.38268343236509));
#1082=DIRECTION('center_axis',(0.,-1.,2.22044604925031E-16));
#1083=DIRECTION('ref_axis',(-0.38268343236509,-2.05142465794791E-16,-0.923879532511287));
#1084=DIRECTION('',(0.,1.,-2.22044604925031E-16));
#1085=DIRECTION('center_axis',(0.,-1.,2.22044604925031E-16));
#1086=DIRECTION('ref_axis',(0.923879532511287,8.49727915508613E-17,0.38268343236509));
#1087=DIRECTION('center_axis',(0.,1.,-2.22044604925031E-16));
#1088=DIRECTION('ref_axis',(-0.38268343236509,-2.05142465794791E-16,-0.923879532511287));
#1089=DIRECTION('center_axis',(0.,-1.,2.22044604925031E-16));
#1090=DIRECTION('ref_axis',(-0.923879532511287,8.49727915508613E-17,0.38268343236509));
#1091=DIRECTION('',(0.,1.,-2.22044604925031E-16));
#1092=DIRECTION('center_axis',(0.,-1.,2.22044604925031E-16));
#1093=DIRECTION('ref_axis',(0.38268343236509,2.05142465794791E-16,0.923879532511287));
#1094=DIRECTION('center_axis',(0.,1.,-2.22044604925031E-16));
#1095=DIRECTION('ref_axis',(0.38268343236509,-2.05142465794791E-16,-0.923879532511287));
#1096=DIRECTION('center_axis',(0.,-1.,2.22044604925031E-16));
#1097=DIRECTION('ref_axis',(-0.923879532511287,8.49727915508613E-17,0.38268343236509));
#1098=DIRECTION('',(0.,1.,-2.22044604925031E-16));
#1099=DIRECTION('center_axis',(0.,-1.,2.22044604925031E-16));
#1100=DIRECTION('ref_axis',(-0.38268343236509,2.05142465794791E-16,0.923879532511287));
#1101=DIRECTION('center_axis',(0.,1.,-2.22044604925031E-16));
#1102=DIRECTION('ref_axis',(0.923879532511287,-8.49727915508613E-17,-0.38268343236509));
#1103=DIRECTION('center_axis',(0.,-1.,2.22044604925031E-16));
#1104=DIRECTION('ref_axis',(-0.38268343236509,-2.05142465794791E-16,-0.923879532511287));
#1105=DIRECTION('',(0.,1.,-2.22044604925031E-16));
#1106=DIRECTION('center_axis',(0.,-1.,2.22044604925031E-16));
#1107=DIRECTION('ref_axis',(-0.923879532511287,8.49727915508613E-17,0.38268343236509));
#1108=DIRECTION('center_axis',(0.,1.,-2.22044604925031E-16));
#1109=DIRECTION('ref_axis',(0.923879532511287,8.49727915508613E-17,0.38268343236509));
#1110=DIRECTION('center_axis',(0.,-1.,2.22044604925031E-16));
#1111=DIRECTION('ref_axis',(-0.38268343236509,-2.05142465794791E-16,-0.923879532511287));
#1112=DIRECTION('',(0.,1.,-2.22044604925031E-16));
#1113=DIRECTION('center_axis',(0.,-1.,2.22044604925031E-16));
#1114=DIRECTION('ref_axis',(-0.923879532511287,-8.49727915508613E-17,-0.38268343236509));
#1115=DIRECTION('center_axis',(0.,1.,-2.22044604925031E-16));
#1116=DIRECTION('ref_axis',(0.38268343236509,2.05142465794791E-16,0.923879532511287));
#1117=DIRECTION('center_axis',(0.,-1.,2.22044604925031E-16));
#1118=DIRECTION('ref_axis',(-0.923879532511287,8.49727915508613E-17,0.38268343236509));
#1119=DIRECTION('',(0.,1.,-2.22044604925031E-16));
#1120=DIRECTION('center_axis',(0.,-1.,2.22044604925031E-16));
#1121=DIRECTION('ref_axis',(-0.38268343236509,-2.05142465794791E-16,-0.923879532511287));
#1122=DIRECTION('center_axis',(0.,1.,-2.22044604925031E-16));
#1123=DIRECTION('ref_axis',(-0.38268343236509,2.05142465794791E-16,0.923879532511287));
#1124=DIRECTION('center_axis',(0.,-1.,2.22044604925031E-16));
#1125=DIRECTION('ref_axis',(-0.923879532511287,8.49727915508613E-17,0.38268343236509));
#1126=DIRECTION('',(0.,1.,-2.22044604925031E-16));
#1127=DIRECTION('center_axis',(0.,-1.,2.22044604925031E-16));
#1128=DIRECTION('ref_axis',(0.38268343236509,-2.05142465794791E-16,-0.923879532511287));
#1129=DIRECTION('center_axis',(0.,1.,-2.22044604925031E-16));
#1130=DIRECTION('ref_axis',(0.923879532511287,-8.49727915508613E-17,-0.38268343236509));
#1131=DIRECTION('',(-0.653281482438188,0.707106781186548,0.270598050073098));
#1132=CARTESIAN_POINT('',(0.,0.,0.));
#1133=CARTESIAN_POINT('Origin',(-0.000150480352904547,4.2864153590504,-10.4999360340885));
#1134=CARTESIAN_POINT('',(13.4158597132744,1.6614153590504,-16.0567460505427));
#1135=CARTESIAN_POINT('',(13.4155148519635,1.5135449549496,-16.0565571041441));
#1136=CARTESIAN_POINT('',(13.4152732413604,4.2864153590504,-16.0567864846039));
#1137=CARTESIAN_POINT('',(-5.67644960875762,1.099980157,-23.8652571588267));
#1138=CARTESIAN_POINT('Ctrl Pts',(13.4158597132744,1.6614153590504,-16.0567460505427));
#1139=CARTESIAN_POINT('Ctrl Pts',(13.549174813824,1.65855715363627,-15.7356678754349));
#1140=CARTESIAN_POINT('Ctrl Pts',(14.4850646584221,1.6365799579856,-13.2300757088577));
#1141=CARTESIAN_POINT('Ctrl Pts',(14.8994219430684,1.5954837720984,-8.10083055901628));
#1142=CARTESIAN_POINT('Ctrl Pts',(12.1032179039361,1.5381268013888,-1.48542390326942));
#1143=CARTESIAN_POINT('Ctrl Pts',(6.5657973045835,1.4807698306792,3.08834225277042));
#1144=CARTESIAN_POINT('Ctrl Pts',(-0.458705813622525,1.4234128599696,4.58458144625662));
#1145=CARTESIAN_POINT('Ctrl Pts',(-7.37935054261789,1.36605588926,2.6644244925051));
#1146=CARTESIAN_POINT('Ctrl Pts',(-12.6287318838058,1.3086989185504,-2.23725387531966));
#1147=CARTESIAN_POINT('Ctrl Pts',(-15.0179311799038,1.2513419478408,-9.01028284848411));
#1148=CARTESIAN_POINT('Ctrl Pts',(-14.0058713359712,1.19398497713119,-16.1207213262045));
#1149=CARTESIAN_POINT('Ctrl Pts',(-10.3252659721248,1.14353104685093,-21.2555474206613));
#1150=CARTESIAN_POINT('Ctrl Pts',(-7.04358598078089,1.1121961068072,-23.2828431331722));
#1151=CARTESIAN_POINT('Ctrl Pts',(-5.67596110665213,1.099980157,-23.864679824446));
#1152=CARTESIAN_POINT('',(-14.512287347247,1.09998015699999,-11.0000001490116));
#1153=CARTESIAN_POINT('Origin',(-0.000150480352904547,1.099980157,-10.4999360340885));
#1154=CARTESIAN_POINT('',(-14.5122917652671,1.09998015699999,-10.0000001490116));
#1155=CARTESIAN_POINT('Origin',(-0.000150480352904547,1.099980157,-10.4999360340885));
#1156=CARTESIAN_POINT('',(-14.4857246783428,1.099980157,-9.48982677414267));
#1157=CARTESIAN_POINT('Origin',(-0.000150480352904547,1.099980157,-10.4999360340885));
#1158=CARTESIAN_POINT('Ctrl Pts',(13.4155148519635,1.5135449549496,-16.0565571041441));
#1159=CARTESIAN_POINT('Ctrl Pts',(13.6031590126102,1.50952295395547,-15.6047213513192));
#1160=CARTESIAN_POINT('Ctrl Pts',(14.5512298235148,1.4863819627248,-12.9508211112294));
#1161=CARTESIAN_POINT('Ctrl Pts',(14.8229007801293,1.4441219812576,-7.66610550880835));
#1162=CARTESIAN_POINT('Ctrl Pts',(11.8343807410803,1.38676501054801,-1.13533502852576));
#1163=CARTESIAN_POINT('Ctrl Pts',(6.1656556999064,1.32940803983841,3.27459483438968));
#1164=CARTESIAN_POINT('Ctrl Pts',(-0.899779205196606,1.27205106912881,4.56463271917438));
#1165=CARTESIAN_POINT('Ctrl Pts',(-7.76094236046652,1.21469409841921,2.44316297732045));
#1166=CARTESIAN_POINT('Ctrl Pts',(-12.8654858406833,1.1573371277096,-2.61047828159301));
#1167=CARTESIAN_POINT('Ctrl Pts',(-14.3239345912444,1.11909914723654,-7.1696596356995));
#1168=CARTESIAN_POINT('Ctrl Pts',(-14.4857246783428,1.099980157,-9.48982677414261));
#1169=CARTESIAN_POINT('Origin',(-0.000150480352904547,4.2864153590504,-10.4999360340885));
#1170=CARTESIAN_POINT('',(13.4154269200943,2.4114153590504,-16.0565137363883));
#1171=CARTESIAN_POINT('',(13.415066328387,2.2635449549496,-16.0563762511957));
#1172=CARTESIAN_POINT('',(13.4152732413604,4.2864153590504,-16.0567864846039));
#1173=CARTESIAN_POINT('Ctrl Pts',(13.4154269200943,2.4114153590504,-16.0565137363883));
#1174=CARTESIAN_POINT('Ctrl Pts',(13.6165719932673,2.4071040267112,-15.5721631885199));
#1175=CARTESIAN_POINT('Ctrl Pts',(14.5670697970808,2.38367370413547,-12.8811322281877));
#1176=CARTESIAN_POINT('Ctrl Pts',(14.8018896614709,2.3411243913232,-7.55840711865882));
#1177=CARTESIAN_POINT('Ctrl Pts',(11.7660001597197,2.2837674206136,-1.04950320018155));
#1178=CARTESIAN_POINT('Ctrl Pts',(6.06527098233235,2.226410449904,3.31902207021534));
#1179=CARTESIAN_POINT('Ctrl Pts',(-1.00917970435521,2.16905347919441,4.55778082939191));
#1180=CARTESIAN_POINT('Ctrl Pts',(-7.85510079896843,2.1116965084848,2.38620810194281));
#1181=CARTESIAN_POINT('Ctrl Pts',(-12.9220030057439,2.0543395377752,-2.70386697376422));
#1182=CARTESIAN_POINT('Ctrl Pts',(-15.0623143079968,1.9969825670656,-9.55962615892802));
#1183=CARTESIAN_POINT('Ctrl Pts',(-13.7912890724764,1.939625596356,-16.6283500879074));
#1184=CARTESIAN_POINT('Ctrl Pts',(-9.39679383772116,1.88226862564639,-22.3090874224476));
#1185=CARTESIAN_POINT('Ctrl Pts',(-2.87411079066468,1.8249116549368,-25.3152427924478));
#1186=CARTESIAN_POINT('Ctrl Pts',(4.29947779949214,1.76755468422719,-24.9659707206885));
#1187=CARTESIAN_POINT('Ctrl Pts',(10.1903228462491,1.71305591893173,-21.5210457805116));
#1188=CARTESIAN_POINT('Ctrl Pts',(12.6574089200276,1.6776761438728,-17.8834108139554));
#1189=CARTESIAN_POINT('Ctrl Pts',(13.4158597132744,1.6614153590504,-16.0567460505427));
#1190=CARTESIAN_POINT('Ctrl Pts',(13.415066328387,2.2635449549496,-16.0563762511957));
#1191=CARTESIAN_POINT('Ctrl Pts',(13.6704787554936,2.2580698270304,-15.4412142358718));
#1192=CARTESIAN_POINT('Ctrl Pts',(14.628317338928,2.23347570887467,-12.5998085898182));
#1193=CARTESIAN_POINT('Ctrl Pts',(14.7095310746375,2.18976260048241,-7.1267727579218));
#1194=CARTESIAN_POINT('Ctrl Pts',(11.4845883695041,2.13240562977281,-0.709443916505132));
#1195=CARTESIAN_POINT('Ctrl Pts',(5.65853796348283,2.07504865906321,3.49049665253089));
#1196=CARTESIAN_POINT('Ctrl Pts',(-1.44911388339115,2.01769168835361,4.52183042031136));
#1197=CARTESIAN_POINT('Ctrl Pts',(-8.22859898978634,1.96033471764401,2.15097686042261));
#1198=CARTESIAN_POINT('Ctrl Pts',(-13.1444734193299,1.90297774693441,-3.08510388763388));
#1199=CARTESIAN_POINT('Ctrl Pts',(-15.0833713888286,1.8456207762248,-10.0005244113126));
#1200=CARTESIAN_POINT('Ctrl Pts',(-13.6061632158106,1.7882638055152,-17.0290532856617));
#1201=CARTESIAN_POINT('Ctrl Pts',(-9.04741396482107,1.7309068348056,-22.5788432709426));
#1202=CARTESIAN_POINT('Ctrl Pts',(-2.43960401964603,1.673549864096,-25.3929547498129));
#1203=CARTESIAN_POINT('Ctrl Pts',(4.72069913147646,1.6161928933864,-24.8340408205595));
#1204=CARTESIAN_POINT('Ctrl Pts',(10.3846906913282,1.56285792367093,-21.2955192421338));
#1205=CARTESIAN_POINT('Ctrl Pts',(12.711173436132,1.528641944192,-17.7525684949119));
#1206=CARTESIAN_POINT('Ctrl Pts',(13.4155148519635,1.5135449549496,-16.0565571041441));
#1207=CARTESIAN_POINT('Origin',(-0.000150480352904547,2.099980157,-10.4999360340885));
#1208=CARTESIAN_POINT('',(13.8157023128078,2.66155236317681,-16.2223031955775));
#1209=CARTESIAN_POINT('',(13.8146607072709,2.7634079508232,-16.2216536806815));
#1210=CARTESIAN_POINT('',(13.8155440488209,2.099980157,-16.2225840816761));
#1211=CARTESIAN_POINT('',(0.274852031014283,2.799980157,-25.450663154231));
#1212=CARTESIAN_POINT('Ctrl Pts',(13.8157023128078,2.66155236317681,-16.2223031955775));
#1213=CARTESIAN_POINT('Ctrl Pts',(13.1042388562407,2.67636002107414,-17.9354831882099));
#1214=CARTESIAN_POINT('Ctrl Pts',(12.0739137957258,2.69116767897147,-19.5172576516132));
#1215=CARTESIAN_POINT('Ctrl Pts',(10.7896904820784,2.7059753368688,-20.8553516828636));
#1216=CARTESIAN_POINT('Ctrl Pts',(9.13155837466545,2.72509432710534,-22.5830392683291));
#1217=CARTESIAN_POINT('Ctrl Pts',(7.05015686870892,2.74421331734187,-23.9044914083684));
#1218=CARTESIAN_POINT('Ctrl Pts',(4.78120210239332,2.7633323075784,-24.6701010799078));
#1219=CARTESIAN_POINT('Ctrl Pts',(3.33146876411537,2.7755482573856,-25.1592822136247));
#1220=CARTESIAN_POINT('Ctrl Pts',(1.80516709238074,2.7877642071928,-25.4215415044688));
#1221=CARTESIAN_POINT('Ctrl Pts',(0.274852031014283,2.799980157,-25.450663154231));
#1222=CARTESIAN_POINT('',(13.8155440488209,2.799980157,-16.2225840816761));
#1223=CARTESIAN_POINT('Origin',(-0.000150480352904547,2.799980157,-10.4999360340885));
#1224=CARTESIAN_POINT('',(13.8155440488209,2.899980157,-16.2225840816761));
#1225=CARTESIAN_POINT('',(13.8155440488209,2.099980157,-16.2225840816761));
#1226=CARTESIAN_POINT('Origin',(-0.000150480352904547,2.899980157,-10.4999360340885));
#1227=CARTESIAN_POINT('',(11.4461030309755,2.799980157,-20.1231058109553));
#1228=CARTESIAN_POINT('Origin',(-0.000150480352904547,2.799980157,-10.4999360340885));
#1229=CARTESIAN_POINT('Ctrl Pts',(11.4461030309754,2.799980157,-20.1231058109554));
#1230=CARTESIAN_POINT('Ctrl Pts',(12.4289064476176,2.78778942160773,-18.9541129198886));
#1231=CARTESIAN_POINT('Ctrl Pts',(13.2291221153099,2.77559868621546,-17.6321637455833));
#1232=CARTESIAN_POINT('Ctrl Pts',(13.8146607072709,2.7634079508232,-16.2216536806815));
#1233=CARTESIAN_POINT('Origin',(-0.000150480352904547,2.099980157,-10.4999360340885));
#1234=CARTESIAN_POINT('',(13.8161480190705,1.91155236317681,-16.2225424411995));
#1235=CARTESIAN_POINT('',(13.8153309622652,2.0134079508232,-16.2221616082925));
#1236=CARTESIAN_POINT('',(13.8155440488209,2.099980157,-16.2225840816761));
#1237=CARTESIAN_POINT('Ctrl Pts',(13.8161480190705,1.91155236317681,-16.2225424411995));
#1238=CARTESIAN_POINT('Ctrl Pts',(13.035067622933,1.92781314799921,-18.1037086944628));
#1239=CARTESIAN_POINT('Ctrl Pts',(11.8673466909233,1.94407393282161,-19.8254737105299));
#1240=CARTESIAN_POINT('Ctrl Pts',(10.4043874289648,1.960334717644,-21.2424111419031));
#1241=CARTESIAN_POINT('Ctrl Pts',(8.68427956508699,1.97945370788054,-22.9084077842599));
#1242=CARTESIAN_POINT('Ctrl Pts',(6.55602185506793,1.99857269811707,-24.1529979926553));
#1243=CARTESIAN_POINT('Ctrl Pts',(4.26062230378806,2.0176916883536,-24.8352419580928));
#1244=CARTESIAN_POINT('Ctrl Pts',(1.96522275250819,2.03681067859013,-25.5174859235304));
#1245=CARTESIAN_POINT('Ctrl Pts',(-0.497318640032497,2.05592966882667,-25.63738364601));
#1246=CARTESIAN_POINT('Ctrl Pts',(-2.84813897257832,2.0750486590632,-25.1813576964563));
#1247=CARTESIAN_POINT('Ctrl Pts',(-5.19895930512412,2.09416764929974,-24.7253317469025));
#1248=CARTESIAN_POINT('Ctrl Pts',(-7.43805857767506,2.11328663953627,-23.6933821253154));
#1249=CARTESIAN_POINT('Ctrl Pts',(-9.31187689544115,2.1324056297728,-22.2023687650815));
#1250=CARTESIAN_POINT('Ctrl Pts',(-11.1856952132073,2.15152462000934,-20.7113554048476));
#1251=CARTESIAN_POINT('Ctrl Pts',(-12.6942325761885,2.17064361024587,-18.761278305967));
#1252=CARTESIAN_POINT('Ctrl Pts',(-13.6666593116361,2.18976260048241,-16.5729679715068));
#1253=CARTESIAN_POINT('Ctrl Pts',(-14.6390860470837,2.20888159071894,-14.3846576370467));
#1254=CARTESIAN_POINT('Ctrl Pts',(-15.0754021549976,2.22800058095547,-11.9581140670071));
#1255=CARTESIAN_POINT('Ctrl Pts',(-14.9261983851978,2.24711957119201,-9.56812364538173));
#1256=CARTESIAN_POINT('Ctrl Pts',(-14.7769946153981,2.26623856142854,-7.1781332237564));
#1257=CARTESIAN_POINT('Ctrl Pts',(-14.0422709678847,2.28535755166507,-4.82469595054533));
#1258=CARTESIAN_POINT('Ctrl Pts',(-12.8052289095198,2.30447654190161,-2.77431970118882));
#1259=CARTESIAN_POINT('Ctrl Pts',(-11.5681868511549,2.32359553213814,-0.723943451832285));
#1260=CARTESIAN_POINT('Ctrl Pts',(-9.82882638193857,2.34271452237468,1.02337177366968));
#1261=CARTESIAN_POINT('Ctrl Pts',(-7.78411611503355,2.36183351261121,2.26975690355159));
#1262=CARTESIAN_POINT('Ctrl Pts',(-5.73940584812853,2.38095250284774,3.5161420334335));
#1263=CARTESIAN_POINT('Ctrl Pts',(-3.38934578353484,2.40007149308428,4.26159706769537));
#1264=CARTESIAN_POINT('Ctrl Pts',(-1.00006102875781,2.41919048332081,4.42170473065524));
#1265=CARTESIAN_POINT('Ctrl Pts',(1.38922372601923,2.43830947355734,4.58181239361512));
#1266=CARTESIAN_POINT('Ctrl Pts',(3.81773317097962,2.45742846379388,4.156572685273));
#1267=CARTESIAN_POINT('Ctrl Pts',(6.01045783152144,2.47654745403041,3.19414161963427));
#1268=CARTESIAN_POINT('Ctrl Pts',(8.20318249206326,2.49566644426694,2.23171055399554));
#1269=CARTESIAN_POINT('Ctrl Pts',(10.1601223681865,2.51478543450348,0.732088131060191));
#1270=CARTESIAN_POINT('Ctrl Pts',(11.6596706666311,2.53390442474001,-1.13490767483166));
#1271=CARTESIAN_POINT('Ctrl Pts',(13.1592189650758,2.55302341497654,-3.0019034807235));
#1272=CARTESIAN_POINT('Ctrl Pts',(14.2013756858417,2.57214240521307,-5.23627266957184));
#1273=CARTESIAN_POINT('Ctrl Pts',(14.6681233129951,2.59126139544961,-7.5849866268618));
#1274=CARTESIAN_POINT('Ctrl Pts',(15.1348709401484,2.61038038568614,-9.93370058415177));
#1275=CARTESIAN_POINT('Ctrl Pts',(15.0262094736891,2.62949937592267,-12.3967593098834));
#1276=CARTESIAN_POINT('Ctrl Pts',(14.3544473860248,2.64861836615921,-14.695250188195));
#1277=CARTESIAN_POINT('Ctrl Pts',(14.2029650338208,2.65292969849841,-15.2135598861668));
#1278=CARTESIAN_POINT('Ctrl Pts',(14.0228488737105,2.65724103083761,-15.7235012677967));
#1279=CARTESIAN_POINT('Ctrl Pts',(13.8157023128078,2.66155236317681,-16.2223031955775));
#1280=CARTESIAN_POINT('Ctrl Pts',(13.8146607072709,2.7634079508232,-16.2216536806815));
#1281=CARTESIAN_POINT('Ctrl Pts',(14.1474347734548,2.75647969597893,-15.4200307370616));
#1282=CARTESIAN_POINT('Ctrl Pts',(14.4108704789828,2.74955144113467,-14.589803588958));
#1283=CARTESIAN_POINT('Ctrl Pts',(14.5990774555037,2.7426231862904,-13.742792758046));
#1284=CARTESIAN_POINT('Ctrl Pts',(15.1184474018228,2.72350419605387,-11.4054087890009));
#1285=CARTESIAN_POINT('Ctrl Pts',(15.0649343690984,2.70438520581734,-8.94021345940949));
#1286=CARTESIAN_POINT('Ctrl Pts',(14.4448157402437,2.68526621558081,-6.62717097304746));
#1287=CARTESIAN_POINT('Ctrl Pts',(13.8246971113891,2.66614722534427,-4.31412848668544));
#1288=CARTESIAN_POINT('Ctrl Pts',(12.6379728864042,2.64702823510774,-2.15323884355284));
#1289=CARTESIAN_POINT('Ctrl Pts',(11.0189695813066,2.6279092448712,-0.388874096382353));
#1290=CARTESIAN_POINT('Ctrl Pts',(9.39996627620902,2.60879025463467,1.37549065078814));
#1291=CARTESIAN_POINT('Ctrl Pts',(7.34868389099864,2.58967126439814,2.74333050199651));
#1292=CARTESIAN_POINT('Ctrl Pts',(5.09744269766018,2.5705522741616,3.55958746412016));
#1293=CARTESIAN_POINT('Ctrl Pts',(2.84620150432171,2.55143328392507,4.3758444262438));
#1294=CARTESIAN_POINT('Ctrl Pts',(0.395001502855172,2.53231429368854,4.64051849928271));
#1295=CARTESIAN_POINT('Ctrl Pts',(-1.97859289415804,2.513195303452,4.32371650881301));
#1296=CARTESIAN_POINT('Ctrl Pts',(-4.35218729117125,2.49407631321547,4.00691451834331));
#1297=CARTESIAN_POINT('Ctrl Pts',(-6.64817608373113,2.47495732297894,3.10863646436499));
#1298=CARTESIAN_POINT('Ctrl Pts',(-8.60655013483952,2.4558383327424,1.73056624056343));
#1299=CARTESIAN_POINT('Ctrl Pts',(-10.5649241859479,2.43671934250587,0.352496016761877));
#1300=CARTESIAN_POINT('Ctrl Pts',(-12.1856834956048,2.41760035226934,-1.50536637686292));
#1301=CARTESIAN_POINT('Ctrl Pts',(-13.2852935941054,2.3984813620328,-3.63261395151325));
#1302=CARTESIAN_POINT('Ctrl Pts',(-14.384903692606,2.37936237179627,-5.75986152616358));
#1303=CARTESIAN_POINT('Ctrl Pts',(-14.9633645799504,2.36024338155974,-8.15649428183945));
#1304=CARTESIAN_POINT('Ctrl Pts',(-14.9551685537926,2.3411243913232,-10.5511223126691));
#1305=CARTESIAN_POINT('Ctrl Pts',(-14.9469725276348,2.32200540108667,-12.9457503434987));
#1306=CARTESIAN_POINT('Ctrl Pts',(-14.3521195879748,2.30288641085013,-15.3383736494821));
#1307=CARTESIAN_POINT('Ctrl Pts',(-13.2379728492385,2.2837674206136,-17.4580423672783));
#1308=CARTESIAN_POINT('Ctrl Pts',(-12.1238261105021,2.26464843037707,-19.5777110850744));
#1309=CARTESIAN_POINT('Ctrl Pts',(-10.4903855726893,2.24552944014053,-21.4244252146834));
#1310=CARTESIAN_POINT('Ctrl Pts',(-8.52262476807527,2.226410449904,-22.7890615740621));
#1311=CARTESIAN_POINT('Ctrl Pts',(-6.55486396346128,2.20729145966746,-24.1536979334408));
#1312=CARTESIAN_POINT('Ctrl Pts',(-4.2527828920461,2.18817246943093,-25.0362565225892));
#1313=CARTESIAN_POINT('Ctrl Pts',(-1.87707382840165,2.1690534791944,-25.3367936000684));
#1314=CARTESIAN_POINT('Ctrl Pts',(0.498635235242811,2.14993448895786,-25.6373306775476));
#1315=CARTESIAN_POINT('Ctrl Pts',(2.94797229111655,2.13081549872133,-25.3558462433574));
#1316=CARTESIAN_POINT('Ctrl Pts',(5.19356981233043,2.1116965084848,-24.5242166824944));
#1317=CARTESIAN_POINT('Ctrl Pts',(7.43916733354429,2.09257751824826,-23.6925871216313));
#1318=CARTESIAN_POINT('Ctrl Pts',(9.48102532009831,2.07345852801173,-22.3108124340952));
#1319=CARTESIAN_POINT('Ctrl Pts',(11.0879198103424,2.0543395377752,-20.5353671655875));
#1320=CARTESIAN_POINT('Ctrl Pts',(12.2346460187945,2.04069567545786,-19.2683582652328));
#1321=CARTESIAN_POINT('Ctrl Pts',(13.1598600710496,2.02705181314053,-17.8008662899485));
#1322=CARTESIAN_POINT('Ctrl Pts',(13.8153309622652,2.0134079508232,-16.2221616082925));
#1323=CARTESIAN_POINT('Origin',(-0.000150480352904547,2.099980157,-10.4999360340885));
#1324=CARTESIAN_POINT('',(13.816492376348,1.16155236317681,-16.222705301993));
#1325=CARTESIAN_POINT('',(13.8157928682661,1.2634079508232,-16.2223478572803));
#1326=CARTESIAN_POINT('',(13.8155440488209,2.099980157,-16.2225840816761));
#1327=CARTESIAN_POINT('Ctrl Pts',(13.816492376348,1.16155236317681,-16.222705301993));
#1328=CARTESIAN_POINT('Ctrl Pts',(12.9664677659594,1.17926627492427,-18.2719659225198));
#1329=CARTESIAN_POINT('Ctrl Pts',(11.6542036563957,1.19698018667174,-20.1308060006329));
#1330=CARTESIAN_POINT('Ctrl Pts',(10.0051585601032,1.2146940984192,-21.6152025753676));
#1331=CARTESIAN_POINT('Ctrl Pts',(8.22531018188518,1.23381308865573,-23.2173424089682));
#1332=CARTESIAN_POINT('Ctrl Pts',(6.05313451710594,1.25293207889227,-24.3832806473489));
#1333=CARTESIAN_POINT('Ctrl Pts',(3.7343821493182,1.2720510691288,-24.981229039055));
#1334=CARTESIAN_POINT('Ctrl Pts',(1.41562978153047,1.29117005936533,-25.579177430761));
#1335=CARTESIAN_POINT('Ctrl Pts',(-1.04969928926583,1.31028904960187,-25.6091359757923));
#1336=CARTESIAN_POINT('Ctrl Pts',(-3.38231440965811,1.3294080398384,-25.0675928303247));
#1337=CARTESIAN_POINT('Ctrl Pts',(-5.71492953005039,1.34852703007493,-24.526049684857));
#1338=CARTESIAN_POINT('Ctrl Pts',(-7.91483070003868,1.36764602031147,-23.4130048488904));
#1339=CARTESIAN_POINT('Ctrl Pts',(-9.73295174180223,1.386765010548,-21.8545601824882));
#1340=CARTESIAN_POINT('Ctrl Pts',(-11.5510727835658,1.40588400078454,-20.296115516086));
#1341=CARTESIAN_POINT('Ctrl Pts',(-12.9874136971046,1.42500299102107,-18.2922710192483));
#1342=CARTESIAN_POINT('Ctrl Pts',(-13.8792935341995,1.4441219812576,-16.0699171242107));
#1343=CARTESIAN_POINT('Ctrl Pts',(-14.7711733712944,1.46324097149414,-13.8475632291731));
#1344=CARTESIAN_POINT('Ctrl Pts',(-15.1185921319454,1.48235996173067,-11.4066999359358));
#1345=CARTESIAN_POINT('Ctrl Pts',(-14.8822206937428,1.5014789519672,-9.02374941959959));
#1346=CARTESIAN_POINT('Ctrl Pts',(-14.6458492555402,1.52059794220374,-6.64079890326341));
#1347=CARTESIAN_POINT('Ctrl Pts',(-13.825687618484,1.53971693244027,-4.31576116382843));
#1348=CARTESIAN_POINT('Ctrl Pts',(-12.514605949723,1.5588359226768,-2.31192098595478));
#1349=CARTESIAN_POINT('Ctrl Pts',(-11.2035242809619,1.57795491291334,-0.308080808081135));
#1350=CARTESIAN_POINT('Ctrl Pts',(-9.40152258049594,1.59707390314987,1.37456180823119));
#1351=CARTESIAN_POINT('Ctrl Pts',(-7.31266617554072,1.61619289338641,2.54545777203989));
#1352=CARTESIAN_POINT('Ctrl Pts',(-5.22380977058551,1.63531188362294,3.7163537358486));
#1353=CARTESIAN_POINT('Ctrl Pts',(-2.84809866114105,1.65443087385947,4.37550304715369));
#1354=CARTESIAN_POINT('Ctrl Pts',(-0.454561356398412,1.67354986409601,4.44826405223272));
#1355=CARTESIAN_POINT('Ctrl Pts',(1.93897594834423,1.69266885433254,4.52102505731175));
#1356=CARTESIAN_POINT('Ctrl Pts',(4.35033944838504,1.71178784456907,4.0073977561647));
#1357=CARTESIAN_POINT('Ctrl Pts',(6.50646094431756,1.73090683480561,2.96554546436604));
#1358=CARTESIAN_POINT('Ctrl Pts',(8.66258244025005,1.75002582504214,1.92369317256738));
#1359=CARTESIAN_POINT('Ctrl Pts',(10.5634619320743,1.76914481527867,0.353615890117122));
#1360=CARTESIAN_POINT('Ctrl Pts',(11.993840560863,1.78826380551521,-1.5668874152385));
#1361=CARTESIAN_POINT('Ctrl Pts',(13.4242191896517,1.80738279575174,-3.48739072059416));
#1362=CARTESIAN_POINT('Ctrl Pts',(14.384096955405,1.82650178598827,-5.75832004885519));
#1363=CARTESIAN_POINT('Ctrl Pts',(14.7647752728078,1.84562077622481,-8.12251120795132));
#1364=CARTESIAN_POINT('Ctrl Pts',(15.1454535902107,1.86473976646134,-10.4867023670474));
#1365=CARTESIAN_POINT('Ctrl Pts',(14.9469324592631,1.88385875669787,-12.9441553569787));
#1366=CARTESIAN_POINT('Ctrl Pts',(14.1916928849211,1.9029777469344,-15.2165833901034));
#1367=CARTESIAN_POINT('Ctrl Pts',(14.0787878719655,1.90583595234854,-15.5563014414835));
#1368=CARTESIAN_POINT('Ctrl Pts',(13.9534407906986,1.90869415776267,-15.8918843807989));
#1369=CARTESIAN_POINT('Ctrl Pts',(13.8161480190705,1.91155236317681,-16.2225424411995));
#1370=CARTESIAN_POINT('Ctrl Pts',(13.8153309622652,2.0134079508232,-16.2221616082925));
#1371=CARTESIAN_POINT('Ctrl Pts',(14.0783640311461,2.007932822904,-15.5886452419096));
#1372=CARTESIAN_POINT('Ctrl Pts',(14.2979596495452,2.0024576949848,-14.9372200009983));
#1373=CARTESIAN_POINT('Ctrl Pts',(14.471001102137,1.9969825670656,-14.2736545882158));
#1374=CARTESIAN_POINT('Ctrl Pts',(15.0752569097533,1.97786357682907,-11.9565031288312));
#1375=CARTESIAN_POINT('Ctrl Pts',(15.1118375310519,1.95874458659253,-9.49131605954134));
#1376=CARTESIAN_POINT('Ctrl Pts',(14.5766004962063,1.939625596356,-7.15725582500666));
#1377=CARTESIAN_POINT('Ctrl Pts',(14.0413634613608,1.92050660611947,-4.82319559047196));
#1378=CARTESIAN_POINT('Ctrl Pts',(12.9343087703711,1.90138761588294,-2.62026219069244));
#1379=CARTESIAN_POINT('Ctrl Pts',(11.3808014218732,1.8822686256464,-0.797920062313975));
#1380=CARTESIAN_POINT('Ctrl Pts',(9.82729407337523,1.86314963540987,1.02442206606449));
#1381=CARTESIAN_POINT('Ctrl Pts',(7.82733406736906,1.84403064517334,2.46617292304191));
#1382=CARTESIAN_POINT('Ctrl Pts',(5.60740071349276,1.8249116549368,3.36406589726562));
#1383=CARTESIAN_POINT('Ctrl Pts',(3.38746735961646,1.80579266470027,4.26195887148934));
#1384=CARTESIAN_POINT('Ctrl Pts',(0.94756065787002,1.78667367446374,4.61599396295934));
#1385=CARTESIAN_POINT('Ctrl Pts',(-1.43601968978405,1.7675546842272,4.38607954197343));
#1386=CARTESIAN_POINT('Ctrl Pts',(-3.81960003743813,1.74843569399067,4.15616512098751));
#1387=CARTESIAN_POINT('Ctrl Pts',(-6.14685403099984,1.72931670375414,3.34230118754568));
#1388=CARTESIAN_POINT('Ctrl Pts',(-8.15423893995689,1.7101977135176,2.03665127688893));
#1389=CARTESIAN_POINT('Ctrl Pts',(-10.1616238489139,1.69107872328107,0.731001366232193));
#1390=CARTESIAN_POINT('Ctrl Pts',(-11.8491396732663,1.67195973304454,-1.06643452163945));
#1391=CARTESIAN_POINT('Ctrl Pts',(-13.0256889384589,1.652840742808,-3.15211134064591));
#1392=CARTESIAN_POINT('Ctrl Pts',(-14.2022382036516,1.63372175257147,-5.23778815965237));
#1393=CARTESIAN_POINT('Ctrl Pts',(-14.8678209096845,1.61460276233493,-7.61170590979365));
#1394=CARTESIAN_POINT('Ctrl Pts',(-14.947065085738,1.5954837720984,-10.0050375133966));
#1395=CARTESIAN_POINT('Ctrl Pts',(-15.0263092617915,1.57636478186187,-12.3983691169996));
#1396=CARTESIAN_POINT('Ctrl Pts',(-14.5192149078655,1.55724579162533,-14.8111145740643));
#1397=CARTESIAN_POINT('Ctrl Pts',(-13.4832065827835,1.5381268013888,-16.9700501229272));
#1398=CARTESIAN_POINT('Ctrl Pts',(-12.4471982577015,1.51900781115227,-19.1289856717901));
#1399=CARTESIAN_POINT('Ctrl Pts',(-10.8822759614635,1.49988882091573,-21.0341113124513));
#1400=CARTESIAN_POINT('Ctrl Pts',(-8.96565404432827,1.4807698306792,-22.4696866385067));
#1401=CARTESIAN_POINT('Ctrl Pts',(-7.04903212719308,1.46165084044266,-23.9052619645621));
#1402=CARTESIAN_POINT('Ctrl Pts',(-4.78071058916076,1.44253185020613,-24.8712869760119));
#1403=CARTESIAN_POINT('Ctrl Pts',(-2.41755942913076,1.4234128599696,-25.2583678104152));
#1404=CARTESIAN_POINT('Ctrl Pts',(-0.0544082691007677,1.40429386973306,
-25.6454486448185));
#1405=CARTESIAN_POINT('Ctrl Pts',(2.40357251292691,1.38517487949653,-25.4535853021753));
#1406=CARTESIAN_POINT('Ctrl Pts',(4.67803832818274,1.36605588926,-24.7045034082057));
#1407=CARTESIAN_POINT('Ctrl Pts',(6.95250414343857,1.34693689902346,-23.955421514236));
#1408=CARTESIAN_POINT('Ctrl Pts',(9.04345499192256,1.32781790878693,-22.6491210689399));
#1409=CARTESIAN_POINT('Ctrl Pts',(10.7141037892577,1.3086989185504,-20.933532780089));
#1410=CARTESIAN_POINT('Ctrl Pts',(12.0333035277985,1.293601929308,-19.5788473275237));
#1411=CARTESIAN_POINT('Ctrl Pts',(13.0904362901042,1.2785049400656,-17.9689624837659));
#1412=CARTESIAN_POINT('Ctrl Pts',(13.8157928682661,1.2634079508232,-16.2223478572803));
#1413=CARTESIAN_POINT('Origin',(-13.6,1.09998015699999,-10.5000001490116));
#1414=CARTESIAN_POINT('',(-12.1,1.09998015699999,-11.0000001490116));
#1415=CARTESIAN_POINT('',(-13.6,1.09998015699999,-11.0000001490116));
#1416=CARTESIAN_POINT('',(-12.1,1.09998015699999,-10.0000001490116));
#1417=CARTESIAN_POINT('',(-12.1,1.09998015699999,-10.5000001490116));
#1418=CARTESIAN_POINT('',(-13.6,1.09998015699999,-10.0000001490116));
#1419=CARTESIAN_POINT('Origin',(-13.6,0.599980156999993,-10.0000001490116));
#1420=CARTESIAN_POINT('',(-14.9457913201032,1.09998015699999,-10.0000001490116));
#1421=CARTESIAN_POINT('',(-14.9457913201032,0.999980157000002,-10.0000001490116));
#1422=CARTESIAN_POINT('',(-14.9457913201032,2.099980157,-10.0000001490116));
#1423=CARTESIAN_POINT('',(-6.80007524017646,1.099980157,-10.0000001490116));
#1424=CARTESIAN_POINT('',(-12.1,0.499980157000002,-10.0000001490116));
#1425=CARTESIAN_POINT('',(-12.1,0.599980156999993,-10.0000001490116));
#1426=CARTESIAN_POINT('',(-14.4455019856231,0.499980157000002,-10.0000001490116));
#1427=CARTESIAN_POINT('',(-6.80007524017646,0.499980157000002,-10.0000001490116));
#1428=CARTESIAN_POINT('Ctrl Pts',(-14.9457913201032,0.999980157000002,-10.0000001490116));
#1429=CARTESIAN_POINT('Ctrl Pts',(-14.9457913201032,0.93828463445622,-10.0000001490116));
#1430=CARTESIAN_POINT('Ctrl Pts',(-14.9313421967716,0.865673692871934,-10.0000001490116));
#1431=CARTESIAN_POINT('Ctrl Pts',(-14.8841026430614,0.751664360837858,-10.0000001490116));
#1432=CARTESIAN_POINT('Ctrl Pts',(-14.8429474519138,0.690097236613615,-10.0000001490116));
#1433=CARTESIAN_POINT('Ctrl Pts',(-14.755641246472,0.602820979808205,-10.0000001490116));
#1434=CARTESIAN_POINT('Ctrl Pts',(-14.6940358074302,0.561675348000667,-10.0000001490116));
#1435=CARTESIAN_POINT('Ctrl Pts',(-14.5799401173178,0.514431268820141,-10.0000001490116));
#1436=CARTESIAN_POINT('Ctrl Pts',(-14.507256902181,0.499980157000002,-10.0000001490116));
#1437=CARTESIAN_POINT('Ctrl Pts',(-14.4455019856231,0.499980157000002,-10.0000001490116));
#1438=CARTESIAN_POINT('Origin',(-12.1,0.599980156999993,-10.5000001490116));
#1439=CARTESIAN_POINT('',(-12.1,0.499980157000002,-11.0000001490116));
#1440=CARTESIAN_POINT('',(-12.1,0.499980157000002,-10.4999680915501));
#1441=CARTESIAN_POINT('',(-12.1,0.599980156999993,-11.0000001490116));
#1442=CARTESIAN_POINT('Origin',(-13.6,0.599980156999993,-11.0000001490116));
#1443=CARTESIAN_POINT('',(-14.9457870302281,0.999980157000002,-11.0000001490116));
#1444=CARTESIAN_POINT('',(-14.9457870302281,1.09998015699999,-11.0000001490116));
#1445=CARTESIAN_POINT('',(-14.9457870302281,2.099980157,-11.0000001490116));
#1446=CARTESIAN_POINT('',(-14.4454975471757,0.499980157000002,-11.0000001490116));
#1447=CARTESIAN_POINT('Ctrl Pts',(-14.4454975471757,0.499980157000002,-11.0000001490116));
#1448=CARTESIAN_POINT('Ctrl Pts',(-14.5072524884566,0.499980157000002,-11.0000001490116));
#1449=CARTESIAN_POINT('Ctrl Pts',(-14.5799357333275,0.514431271406731,-11.0000001490116));
#1450=CARTESIAN_POINT('Ctrl Pts',(-14.6940314626924,0.561675358677966,-11.0000001490116));
#1451=CARTESIAN_POINT('Ctrl Pts',(-14.7556369205628,0.602820993922002,-11.0000001490116));
#1452=CARTESIAN_POINT('Ctrl Pts',(-14.8429431463617,0.6900972557065,-11.0000001490116));
#1453=CARTESIAN_POINT('Ctrl Pts',(-14.8840983458542,0.751664379085166,-11.0000001490116));
#1454=CARTESIAN_POINT('Ctrl Pts',(-14.931337905331,0.865673706026747,-11.0000001490116));
#1455=CARTESIAN_POINT('Ctrl Pts',(-14.9457870302281,0.938284640232304,-11.0000001490116));
#1456=CARTESIAN_POINT('Ctrl Pts',(-14.9457870302281,0.999980157000002,-11.0000001490116));
#1457=CARTESIAN_POINT('',(-6.80007524017646,0.499980157000002,-11.0000001490116));
#1458=CARTESIAN_POINT('',(-6.80007524017646,1.099980157,-11.0000001490116));
#1459=CARTESIAN_POINT('Origin',(-0.000150480352902327,1.099980157,-10.4999360340885));
#1460=CARTESIAN_POINT('',(8.37384327587626,1.099980157,1.88950885140311));
#1461=CARTESIAN_POINT('Origin',(-0.000150480352904547,1.099980157,-10.4999360340885));
#1462=CARTESIAN_POINT('Ctrl Pts',(8.37323563479822,1.099980157,1.88902165610173));
#1463=CARTESIAN_POINT('Ctrl Pts',(8.09104242493343,1.099980157,2.07437549747366));
#1464=CARTESIAN_POINT('Ctrl Pts',(7.80296463304374,1.099980157,2.25002387605291));
#1465=CARTESIAN_POINT('Ctrl Pts',(7.50948212157405,1.099980157,2.41563906424836));
#1466=CARTESIAN_POINT('Ctrl Pts',(7.21721948105771,1.099980157,2.58056586676623));
#1467=CARTESIAN_POINT('Ctrl Pts',(6.91959645861472,1.099980157,2.73554302260095));
#1468=CARTESIAN_POINT('Ctrl Pts',(6.61705916420242,1.099980157,2.8802036150889));
#1469=CARTESIAN_POINT('Ctrl Pts',(6.44468744766373,1.099980157,2.96262451030808));
#1470=CARTESIAN_POINT('Ctrl Pts',(6.27071999678404,1.099980157,3.04169563501292));
#1471=CARTESIAN_POINT('Ctrl Pts',(6.09523619364525,1.099980157,3.11734221278382));
#1472=CARTESIAN_POINT('Ctrl Pts',(5.8220125044183,1.099980157,3.23512195476727));
#1473=CARTESIAN_POINT('Ctrl Pts',(5.5451131888145,1.099980157,3.34460152750453));
#1474=CARTESIAN_POINT('Ctrl Pts',(5.26493515129494,1.099980157,3.44570723922395));
#1475=CARTESIAN_POINT('Ctrl Pts',(5.14235725988013,1.099980157,3.48994098810119));
#1476=CARTESIAN_POINT('Ctrl Pts',(5.01915170339766,1.099980157,3.53257152893721));
#1477=CARTESIAN_POINT('Ctrl Pts',(4.89535137097955,1.099980157,3.5735908115059));
#1478=CARTESIAN_POINT('Ctrl Pts',(4.85593676002768,1.099980157,3.58665021960595));
#1479=CARTESIAN_POINT('Ctrl Pts',(4.81646186092785,1.099980157,3.59954630018536));
#1480=CARTESIAN_POINT('Ctrl Pts',(4.77692773245692,1.099980157,3.61227876877986));
#1481=CARTESIAN_POINT('Ctrl Pts',(4.73856933962795,1.099980157,3.62463257676602));
#1482=CARTESIAN_POINT('Ctrl Pts',(4.70016053884062,1.099980157,3.63683061428429));
#1483=CARTESIAN_POINT('Ctrl Pts',(4.661709741225,1.099980157,3.64887048897745));
#1484=CARTESIAN_POINT('Ctrl Pts',(4.34186760844038,1.099980157,3.7490207963603));
#1485=CARTESIAN_POINT('Ctrl Pts',(4.01896459703863,1.099980157,3.83828195819194));
#1486=CARTESIAN_POINT('Ctrl Pts',(3.69358759499298,1.099980157,3.91661907411139));
#1487=CARTESIAN_POINT('Ctrl Pts',(3.36669814550392,1.099980157,3.99532032385084));
#1488=CARTESIAN_POINT('Ctrl Pts',(3.03731106957897,1.099980157,4.06299585681338));
#1489=CARTESIAN_POINT('Ctrl Pts',(2.70600658932351,1.099980157,4.1195599343506));
#1490=CARTESIAN_POINT('Ctrl Pts',(2.37625729813261,1.099980157,4.17585849228252));
#1491=CARTESIAN_POINT('Ctrl Pts',(2.04460797282127,1.099980157,4.22114971835216));
#1492=CARTESIAN_POINT('Ctrl Pts',(1.71162478889897,1.099980157,4.25529814123161));
#1493=CARTESIAN_POINT('Ctrl Pts',(1.49609200489535,1.099980157,4.27740167380597));
#1494=CARTESIAN_POINT('Ctrl Pts',(1.28000027779687,1.099980157,4.29483568187842));
#1495=CARTESIAN_POINT('Ctrl Pts',(1.06350356984684,1.099980157,4.30755179354177));
#1496=CARTESIAN_POINT('Ctrl Pts',(0.992759545271404,1.099980157,4.31170700183354));
#1497=CARTESIAN_POINT('Ctrl Pts',(0.921972286265095,1.099980157,4.31535837459302));
#1498=CARTESIAN_POINT('Ctrl Pts',(0.851147194430305,1.099980157,4.31850400859884));
#1499=CARTESIAN_POINT('Ctrl Pts',(0.817571965251241,1.099980157,4.31999522279881));
#1500=CARTESIAN_POINT('Ctrl Pts',(0.783991775228174,1.099980157,4.32137260393998));
#1501=CARTESIAN_POINT('Ctrl Pts',(0.75041553143918,1.099980157,4.3226357562781));
#1502=CARTESIAN_POINT('Ctrl Pts',(0.414903893915458,1.099980157,4.33525784444462));
#1503=CARTESIAN_POINT('Ctrl Pts',(0.07954047478802,1.099980157,4.3364894978353));
#1504=CARTESIAN_POINT('Ctrl Pts',(-0.255103119785375,1.099980157,4.3262830113312));
#1505=CARTESIAN_POINT('Ctrl Pts',(-0.46489785242088,1.099980157,4.31988436171711));
#1506=CARTESIAN_POINT('Ctrl Pts',(-0.674409930927576,1.099980157,4.30898918385313));
#1507=CARTESIAN_POINT('Ctrl Pts',(-0.883499844741939,1.099980157,4.29357536278017));
#1508=CARTESIAN_POINT('Ctrl Pts',(-1.21608438633219,1.099980157,4.26905768747875));
#1509=CARTESIAN_POINT('Ctrl Pts',(-1.5476011676462,1.099980157,4.23311010186351));
#1510=CARTESIAN_POINT('Ctrl Pts',(-1.87751095316619,1.099980157,4.1859645637785));
#1511=CARTESIAN_POINT('Ctrl Pts',(-2.20873615317627,1.099980157,4.13863104726224));
#1512=CARTESIAN_POINT('Ctrl Pts',(-2.53834208994394,1.099980157,4.08000994372556));
#1513=CARTESIAN_POINT('Ctrl Pts',(-2.86577448095371,1.099980157,4.01028402305639));
#1514=CARTESIAN_POINT('Ctrl Pts',(-3.19248476258153,1.099980157,3.94071187380037));
#1515=CARTESIAN_POINT('Ctrl Pts',(-3.51703163682738,1.099980157,3.86008363175833));
#1516=CARTESIAN_POINT('Ctrl Pts',(-3.83884746952325,1.099980157,3.76853201116893));
#1517=CARTESIAN_POINT('Ctrl Pts',(-4.1667804568931,1.099980157,3.67524015480832));
#1518=CARTESIAN_POINT('Ctrl Pts',(-4.49187828839108,1.099980157,3.57060567026688));
#1519=CARTESIAN_POINT('Ctrl Pts',(-4.81351300984074,1.099980157,3.45471975463125));
#1520=CARTESIAN_POINT('Ctrl Pts',(-4.8439681206887,1.099980157,3.44374669055878));
#1521=CARTESIAN_POINT('Ctrl Pts',(-4.87438771472754,1.099980157,3.43267429358037));
#1522=CARTESIAN_POINT('Ctrl Pts',(-4.90476374384663,1.099980157,3.4215055303662));
#1523=CARTESIAN_POINT('Ctrl Pts',(-5.21829314033182,1.099980157,3.30622595987678));
#1524=CARTESIAN_POINT('Ctrl Pts',(-5.5274266773791,1.099980157,3.18059628858884));
#1525=CARTESIAN_POINT('Ctrl Pts',(-5.83163849740614,1.099980157,3.04485487352792));
#1526=CARTESIAN_POINT('Ctrl Pts',(-6.13599698873189,1.099980157,2.90904801272057));
#1527=CARTESIAN_POINT('Ctrl Pts',(-6.4354295763403,1.099980157,2.76311945063498));
#1528=CARTESIAN_POINT('Ctrl Pts',(-6.72939531567562,1.099980157,2.60725791902883));
#1529=CARTESIAN_POINT('Ctrl Pts',(-7.01505048874641,1.099980157,2.45580267500378));
#1530=CARTESIAN_POINT('Ctrl Pts',(-7.29554395121203,1.099980157,2.29496775830908));
#1531=CARTESIAN_POINT('Ctrl Pts',(-7.57035887728582,1.099980157,2.12488386356287));
#1532=CARTESIAN_POINT('Ctrl Pts',(-7.85357140068597,1.099980157,1.94960266719923));
#1533=CARTESIAN_POINT('Ctrl Pts',(-8.13075361487338,1.099980157,1.76449843808916));
#1534=CARTESIAN_POINT('Ctrl Pts',(-8.40149665034814,1.099980157,1.56998972967033));
#1535=CARTESIAN_POINT('Ctrl Pts',(-8.67166017548029,1.099980157,1.37589735627582));
#1536=CARTESIAN_POINT('Ctrl Pts',(-8.93541246856454,1.099980157,1.17244028106012));
#1537=CARTESIAN_POINT('Ctrl Pts',(-9.19231075895958,1.099980157,0.959997751839572));
#1538=CARTESIAN_POINT('Ctrl Pts',(-9.35473048378718,1.099980157,0.825684451877092));
#1539=CARTESIAN_POINT('Ctrl Pts',(-9.51440978181679,1.099980157,0.687778782431737));
#1540=CARTESIAN_POINT('Ctrl Pts',(-9.67122805911986,1.099980157,0.546370204412388));
#1541=CARTESIAN_POINT('Ctrl Pts',(-9.70078548361768,1.099980157,0.519717231047089));
#1542=CARTESIAN_POINT('Ctrl Pts',(-9.73024287208709,1.099980157,0.492938255590612));
#1543=CARTESIAN_POINT('Ctrl Pts',(-9.75958262996081,1.099980157,0.466049394103969));
#1544=CARTESIAN_POINT('Ctrl Pts',(-10.0035739377696,1.099980157,0.242439897807064));
#1545=CARTESIAN_POINT('Ctrl Pts',(-10.2396862890895,1.099980157,0.0110079128507894));
#1546=CARTESIAN_POINT('Ctrl Pts',(-10.4675745072907,1.099980157,-0.227779791305158));
#1547=CARTESIAN_POINT('Ctrl Pts',(-10.6971782500387,1.099980157,-0.468365070479099));
#1548=CARTESIAN_POINT('Ctrl Pts',(-10.9184340160778,1.099980157,-0.716417628114518));
#1549=CARTESIAN_POINT('Ctrl Pts',(-11.1309562813142,1.099980157,-0.97150148489199));
#1550=CARTESIAN_POINT('Ctrl Pts',(-11.3431024770672,1.099980157,-1.22613395717969));
#1551=CARTESIAN_POINT('Ctrl Pts',(-11.5465464503463,1.099980157,-1.48777331473701));
#1552=CARTESIAN_POINT('Ctrl Pts',(-11.7408662250058,1.099980157,-1.75602055954636));
#1553=CARTESIAN_POINT('Ctrl Pts',(-11.9332244045024,1.099980157,-2.02155993533522));
#1554=CARTESIAN_POINT('Ctrl Pts',(-12.1166419931233,1.099980157,-2.29357492349748));
#1555=CARTESIAN_POINT('Ctrl Pts',(-12.2906666237201,1.099980157,-2.57170566500427));
#1556=CARTESIAN_POINT('Ctrl Pts',(-12.3495374073088,1.099980157,-2.66579449965064));
#1557=CARTESIAN_POINT('Ctrl Pts',(-12.4073328716295,1.099980157,-2.76058342246294));
#1558=CARTESIAN_POINT('Ctrl Pts',(-12.4640342706486,1.099980157,-2.85605907525109));
#1559=CARTESIAN_POINT('Ctrl Pts',(-12.6128987153136,1.099980157,-3.10672185037125));
#1560=CARTESIAN_POINT('Ctrl Pts',(-12.754224117633,1.099980157,-3.3621175394795));
#1561=CARTESIAN_POINT('Ctrl Pts',(-12.8878683658224,1.099980157,-3.62188334689409));
#1562=CARTESIAN_POINT('Ctrl Pts',(-12.9478665457607,1.099980157,-3.73850247466214));
#1563=CARTESIAN_POINT('Ctrl Pts',(-13.0063162137976,1.099980157,-3.8560024966683));
#1564=CARTESIAN_POINT('Ctrl Pts',(-13.0632025148846,1.099980157,-3.97435101888835));
#1565=CARTESIAN_POINT('Ctrl Pts',(-13.0820976075573,1.099980157,-4.01366112083381));
#1566=CARTESIAN_POINT('Ctrl Pts',(-13.1008220049085,1.099980157,-4.05306877158524));
#1567=CARTESIAN_POINT('Ctrl Pts',(-13.1193631892776,1.099980157,-4.09254703486087));
#1568=CARTESIAN_POINT('Ctrl Pts',(-13.258890177208,1.099980157,-4.38963070836944));
#1569=CARTESIAN_POINT('Ctrl Pts',(-13.3881727964895,1.099980157,-4.69097035866768));
#1570=CARTESIAN_POINT('Ctrl Pts',(-13.5071404987433,1.099980157,-4.99599133013471));
#1571=CARTESIAN_POINT('Ctrl Pts',(-13.6271492338329,1.099980157,-5.30368140288655));
#1572=CARTESIAN_POINT('Ctrl Pts',(-13.7366619520371,1.099980157,-5.61511804252171));
#1573=CARTESIAN_POINT('Ctrl Pts',(-13.8355600915888,1.099980157,-5.92973745412199));
#1574=CARTESIAN_POINT('Ctrl Pts',(-13.9346517501941,1.099980157,-6.24497249763478));
#1575=CARTESIAN_POINT('Ctrl Pts',(-14.0230874214818,1.099980157,-6.56340335167304));
#1576=CARTESIAN_POINT('Ctrl Pts',(-14.1006989017042,1.099980157,-6.88448058281388));
#1577=CARTESIAN_POINT('Ctrl Pts',(-14.1779187952177,1.099980157,-7.2039378271192));
#1578=CARTESIAN_POINT('Ctrl Pts',(-14.244423568514,1.099980157,-7.52601538206726));
#1579=CARTESIAN_POINT('Ctrl Pts',(-14.2999970493503,1.099980157,-7.850181013151));
#1580=CARTESIAN_POINT('Ctrl Pts',(-14.3547159511931,1.099980157,-8.16936180012201));
#1581=CARTESIAN_POINT('Ctrl Pts',(-14.3988371987414,1.099980157,-8.49056746885368));
#1582=CARTESIAN_POINT('Ctrl Pts',(-14.4321043674731,1.099980157,-8.81329048493354));
#1583=CARTESIAN_POINT('Ctrl Pts',(-14.4552808135627,1.099980157,-9.03812394294093));
#1584=CARTESIAN_POINT('Ctrl Pts',(-14.473188116998,1.099980157,-9.26369387436592));
#1585=CARTESIAN_POINT('Ctrl Pts',(-14.4857246783428,1.099980157,-9.48982677414251));
#1586=CARTESIAN_POINT('Origin',(-0.000150480352904547,2.099980157,-10.4999360340885));
#1587=CARTESIAN_POINT('Ctrl Pts',(13.8157928682661,1.2634079508232,-16.2223478572803));
#1588=CARTESIAN_POINT('Ctrl Pts',(14.0090356951387,1.25938594982906,-15.7570308559034));
#1589=CARTESIAN_POINT('Ctrl Pts',(14.1787308019654,1.25536394883493,-15.2820094971932));
#1590=CARTESIAN_POINT('Ctrl Pts',(14.3235600970256,1.2513419478408,-14.7995238555204));
#1591=CARTESIAN_POINT('Ctrl Pts',(15.012020861272,1.23222295760427,-12.5059793522082));
#1592=CARTESIAN_POINT('Ctrl Pts',(15.1385956435784,1.21310396736773,-10.0437664779894));
#1593=CARTESIAN_POINT('Ctrl Pts',(14.6889351421877,1.1939849771312,-7.69172228213075));
#1594=CARTESIAN_POINT('Ctrl Pts',(14.239274640797,1.17486598689467,-5.33967808627213));
#1595=CARTESIAN_POINT('Ctrl Pts',(13.2133788557093,1.15574699665813,-3.09780256877368));
#1596=CARTESIAN_POINT('Ctrl Pts',(11.7274541969778,1.1366280064216,-1.21994693766896));
#1597=CARTESIAN_POINT('Ctrl Pts',(10.7780326624839,1.1244120566144,-0.0201037529119084));
#1598=CARTESIAN_POINT('Ctrl Pts',(9.6408050395785,1.1121961068072,1.0311288665428));
#1599=CARTESIAN_POINT('Ctrl Pts',(8.37323563479844,1.099980157,1.88902165610158));
#1600=CARTESIAN_POINT('',(14.9454903593974,0.999980157000002,-10.0000001490116));
#1601=CARTESIAN_POINT('Origin',(-0.000150480352904547,0.999980157000002,
-10.4999360340885));
#1602=CARTESIAN_POINT('',(14.9454903593974,1.09998015699999,-10.0000001490116));
#1603=CARTESIAN_POINT('',(14.9454903593974,2.099980157,-10.0000001490116));
#1604=CARTESIAN_POINT('',(14.8406393538987,1.099980157,-8.66334323883546));
#1605=CARTESIAN_POINT('Origin',(-0.000150480352904547,1.099980157,-10.4999360340885));
#1606=CARTESIAN_POINT('Ctrl Pts',(14.8406393538986,1.099980157,-8.66334323883525));
#1607=CARTESIAN_POINT('Ctrl Pts',(15.1348080345464,1.11909914723653,-11.0404055776378));
#1608=CARTESIAN_POINT('Ctrl Pts',(14.8474285780906,1.13821813747307,-13.488392730882));
#1609=CARTESIAN_POINT('Ctrl Pts',(14.0099783040343,1.1573371277096,-15.7315570219143));
#1610=CARTESIAN_POINT('Ctrl Pts',(13.9484330366753,1.15874220619867,-15.8964099693652));
#1611=CARTESIAN_POINT('Ctrl Pts',(13.8839168567374,1.16014728468774,-16.0601566759499));
#1612=CARTESIAN_POINT('Ctrl Pts',(13.816492376348,1.16155236317681,-16.222705301993));
#1613=CARTESIAN_POINT('Origin',(-0.000150480352904547,0.999980157000002,
-10.4999360340885));
#1614=CARTESIAN_POINT('',(14.4452010249173,0.499980157000002,-10.0000001490116));
#1615=CARTESIAN_POINT('Origin',(-0.000150480352904547,0.499980157000002,
-10.4999360340885));
#1616=CARTESIAN_POINT('Ctrl Pts',(14.4452010249173,0.499980157000002,-10.0000001490116));
#1617=CARTESIAN_POINT('Ctrl Pts',(14.5069559414752,0.499980157000002,-10.0000001490116));
#1618=CARTESIAN_POINT('Ctrl Pts',(14.5796391566119,0.514431268820141,-10.0000001490116));
#1619=CARTESIAN_POINT('Ctrl Pts',(14.6937348467244,0.561675348000667,-10.0000001490116));
#1620=CARTESIAN_POINT('Ctrl Pts',(14.7553402857662,0.602820979808205,-10.0000001490116));
#1621=CARTESIAN_POINT('Ctrl Pts',(14.842646491208,0.690097236613615,-10.0000001490116));
#1622=CARTESIAN_POINT('Ctrl Pts',(14.8838016823555,0.751664360837858,-10.0000001490116));
#1623=CARTESIAN_POINT('Ctrl Pts',(14.9310412360658,0.865673692871934,-10.0000001490116));
#1624=CARTESIAN_POINT('Ctrl Pts',(14.9454903593974,0.93828463445622,-10.0000001490116));
#1625=CARTESIAN_POINT('Ctrl Pts',(14.9454903593974,0.999980157000002,-10.0000001490116));
#1626=CARTESIAN_POINT('Origin',(13.6,0.599980156999993,-10.0000001490116));
#1627=CARTESIAN_POINT('',(12.1,0.499980157000002,-10.0000001490116));
#1628=CARTESIAN_POINT('',(6.79992475982355,0.499980157000002,-10.0000001490116));
#1629=CARTESIAN_POINT('',(12.1,1.09998015699999,-10.0000001490116));
#1630=CARTESIAN_POINT('',(12.1,0.599980156999993,-10.0000001490116));
#1631=CARTESIAN_POINT('',(14.9269454668192,1.09998015699999,-10.0000001490116));
#1632=CARTESIAN_POINT('',(13.6,1.09998015699999,-10.0000001490116));
#1633=CARTESIAN_POINT('',(6.79992475982355,1.099980157,-10.0000001490116));
#1634=CARTESIAN_POINT('Origin',(13.6,1.09998015699999,-10.5000001490116));
#1635=CARTESIAN_POINT('',(14.9130815990313,1.09998015699999,-11.0000001490116));
#1636=CARTESIAN_POINT('Ctrl Pts',(14.9116486005379,1.099980157,-11.000067847427));
#1637=CARTESIAN_POINT('Ctrl Pts',(14.9276222933536,1.099980157,-10.6671647713276));
#1638=CARTESIAN_POINT('Ctrl Pts',(14.9325273700601,1.099980157,-10.333630386529));
#1639=CARTESIAN_POINT('Ctrl Pts',(14.926240702038,1.099980157,-10.0000217377417));
#1640=CARTESIAN_POINT('',(12.1,1.09998015699999,-11.0000001490116));
#1641=CARTESIAN_POINT('',(12.1,1.09998015699999,-10.5000001490116));
#1642=CARTESIAN_POINT('',(13.6,1.09998015699999,-11.0000001490116));
#1643=CARTESIAN_POINT('Origin',(12.1,0.599980156999993,-10.5000001490116));
#1644=CARTESIAN_POINT('',(12.1,0.499980157000002,-11.0000001490116));
#1645=CARTESIAN_POINT('',(12.1,0.499980157000002,-10.4999680915501));
#1646=CARTESIAN_POINT('',(12.1,0.599980156999993,-11.0000001490116));
#1647=CARTESIAN_POINT('Origin',(13.6,0.599980156999993,-11.0000001490116));
#1648=CARTESIAN_POINT('',(14.4451965864699,0.499980157000002,-11.0000001490116));
#1649=CARTESIAN_POINT('',(6.79992475982355,0.499980157000002,-11.0000001490116));
#1650=CARTESIAN_POINT('',(14.9454860695223,0.999980157000002,-11.0000001490116));
#1651=CARTESIAN_POINT('Ctrl Pts',(14.9454860695223,0.999980157000002,-11.0000001490116));
#1652=CARTESIAN_POINT('Ctrl Pts',(14.9454860695223,0.938284640232304,-11.0000001490116));
#1653=CARTESIAN_POINT('Ctrl Pts',(14.9310369446252,0.865673706026747,-11.0000001490116));
#1654=CARTESIAN_POINT('Ctrl Pts',(14.8837973851484,0.751664379085166,-11.0000001490116));
#1655=CARTESIAN_POINT('Ctrl Pts',(14.8426421856559,0.6900972557065,-11.0000001490116));
#1656=CARTESIAN_POINT('Ctrl Pts',(14.7553359598569,0.602820993922002,-11.0000001490116));
#1657=CARTESIAN_POINT('Ctrl Pts',(14.6937305019865,0.561675358677966,-11.0000001490116));
#1658=CARTESIAN_POINT('Ctrl Pts',(14.5796347726217,0.514431271406731,-11.0000001490116));
#1659=CARTESIAN_POINT('Ctrl Pts',(14.5069515277508,0.499980157000002,-11.0000001490116));
#1660=CARTESIAN_POINT('Ctrl Pts',(14.4451965864699,0.499980157000002,-11.0000001490116));
#1661=CARTESIAN_POINT('',(14.9454860695223,1.09998015699999,-11.0000001490116));
#1662=CARTESIAN_POINT('',(14.9454860695223,2.099980157,-11.0000001490116));
#1663=CARTESIAN_POINT('',(6.79992475982355,1.099980157,-11.0000001490116));
#1664=CARTESIAN_POINT('Origin',(-0.000150480352902327,1.099980157,-10.4999360340885));
#1665=CARTESIAN_POINT('Ctrl Pts',(-5.67596110665251,1.099980157,-23.8646798244459));
#1666=CARTESIAN_POINT('Ctrl Pts',(-5.37320511731353,1.099980157,-23.9986040329284));
#1667=CARTESIAN_POINT('Ctrl Pts',(-5.06626925343625,1.099980157,-24.1220974398107));
#1668=CARTESIAN_POINT('Ctrl Pts',(-4.75569223984022,1.099980157,-24.2349330138507));
#1669=CARTESIAN_POINT('Ctrl Pts',(-4.44557312349425,1.099980157,-24.3476022294777));
#1670=CARTESIAN_POINT('Ctrl Pts',(-4.13182304736421,1.099980157,-24.449645282193));
#1671=CARTESIAN_POINT('Ctrl Pts',(-3.814954032884,1.099980157,-24.540790499654));
#1672=CARTESIAN_POINT('Ctrl Pts',(-3.64168789700302,1.099980157,-24.5906293255153));
#1673=CARTESIAN_POINT('Ctrl Pts',(-3.46748882815686,1.099980157,-24.6372089029795));
#1674=CARTESIAN_POINT('Ctrl Pts',(-3.29243833382545,1.099980157,-24.6804785879965));
#1675=CARTESIAN_POINT('Ctrl Pts',(-3.00871769090456,1.099980157,-24.7506097972736));
#1676=CARTESIAN_POINT('Ctrl Pts',(-2.72276055690953,1.099980157,-24.8120476637013));
#1677=CARTESIAN_POINT('Ctrl Pts',(-2.43496647415861,1.099980157,-24.8647994634825));
#1678=CARTESIAN_POINT('Ctrl Pts',(-2.30905656295509,1.099980157,-24.8878783758868));
#1679=CARTESIAN_POINT('Ctrl Pts',(-2.18279498294293,1.099980157,-24.9092943106779));
#1680=CARTESIAN_POINT('Ctrl Pts',(-2.0562149946751,1.099980157,-24.9290459590217));
#1681=CARTESIAN_POINT('Ctrl Pts',(-2.01312931781365,1.099980157,-24.9357690844515));
#1682=CARTESIAN_POINT('Ctrl Pts',(-1.9700067495695,1.099980157,-24.9422993746799));
#1683=CARTESIAN_POINT('Ctrl Pts',(-1.92684860092029,1.099980157,-24.9486367471316));
#1684=CARTESIAN_POINT('Ctrl Pts',(-1.88902409610788,1.099980157,-24.9541909236268));
#1685=CARTESIAN_POINT('Ctrl Pts',(-1.8511822108735,1.099980157,-24.9595954575513));
#1686=CARTESIAN_POINT('Ctrl Pts',(-1.81332395272076,1.099980157,-24.9648505063945));
#1687=CARTESIAN_POINT('Ctrl Pts',(-1.48675922497169,1.099980157,-25.0101804734482));
#1688=CARTESIAN_POINT('Ctrl Pts',(-1.1589754097012,1.099980157,-25.0443920732195));
#1689=CARTESIAN_POINT('Ctrl Pts',(-0.830555414226971,1.099980157,-25.0675661955209));
#1690=CARTESIAN_POINT('Ctrl Pts',(-0.499981873095374,1.099980157,-25.0908922772984));
#1691=CARTESIAN_POINT('Ctrl Pts',(-0.168763196859536,1.099980157,-25.1030357118568));
#1692=CARTESIAN_POINT('Ctrl Pts',(0.162516776764251,1.099980157,-25.1040273503029));
#1693=CARTESIAN_POINT('Ctrl Pts',(0.493235531575611,1.099980157,-25.105017308822));
#1694=CARTESIAN_POINT('Ctrl Pts',(0.824015974013897,1.099980157,-25.0948932194673));
#1695=CARTESIAN_POINT('Ctrl Pts',(1.15427887316974,1.099980157,-25.0736341906094));
#1696=CARTESIAN_POINT('Ctrl Pts',(1.36540900839716,1.099980157,-25.0600437399441));
#1697=CARTESIAN_POINT('Ctrl Pts',(1.576327642203,1.099980157,-25.0419016509038));
#1698=CARTESIAN_POINT('Ctrl Pts',(1.78688208595266,1.099980157,-25.0191913861667));
#1699=CARTESIAN_POINT('Ctrl Pts',(1.85520585599292,1.099980157,-25.0118220289696));
#1700=CARTESIAN_POINT('Ctrl Pts',(1.92349126436213,1.099980157,-25.0039715898557));
#1701=CARTESIAN_POINT('Ctrl Pts',(1.99173304892897,1.099980157,-24.9956393074758));
#1702=CARTESIAN_POINT('Ctrl Pts',(2.02706493525034,1.099980157,-24.991325304615));
#1703=CARTESIAN_POINT('Ctrl Pts',(2.06237469693445,1.099980157,-24.9868834100871));
#1704=CARTESIAN_POINT('Ctrl Pts',(2.09766145311831,1.099980157,-24.9823137602237));
#1705=CARTESIAN_POINT('Ctrl Pts',(2.42832035060764,1.099980157,-24.9394932930241));
#1706=CARTESIAN_POINT('Ctrl Pts',(2.75696360898418,1.099980157,-24.8854584952474));
#1707=CARTESIAN_POINT('Ctrl Pts',(3.08301108729463,1.099980157,-24.8202755635928));
#1708=CARTESIAN_POINT('Ctrl Pts',(3.27627687594344,1.099980157,-24.7816381517719));
#1709=CARTESIAN_POINT('Ctrl Pts',(3.4686307707514,1.099980157,-24.7390827783493));
#1710=CARTESIAN_POINT('Ctrl Pts',(3.65995232905233,1.099980157,-24.6926146011964));
#1711=CARTESIAN_POINT('Ctrl Pts',(3.98098057760796,1.099980157,-24.6146432650989));
#1712=CARTESIAN_POINT('Ctrl Pts',(4.29910287550841,1.099980157,-24.5256582360384));
#1713=CARTESIAN_POINT('Ctrl Pts',(4.6138374827427,1.099980157,-24.425992744802));
#1714=CARTESIAN_POINT('Ctrl Pts',(4.93042344138579,1.099980157,-24.3257409950373));
#1715=CARTESIAN_POINT('Ctrl Pts',(5.24358227779577,1.099980157,-24.2146825471499));
#1716=CARTESIAN_POINT('Ctrl Pts',(5.55281070836741,1.099980157,-24.093105180593));
#1717=CARTESIAN_POINT('Ctrl Pts',(5.86199910716878,1.099980157,-23.9715435530714));
#1718=CARTESIAN_POINT('Ctrl Pts',(6.16725865470353,1.099980157,-23.8394654693804));
#1719=CARTESIAN_POINT('Ctrl Pts',(6.4680652361273,1.099980157,-23.6971110537313));
#1720=CARTESIAN_POINT('Ctrl Pts',(6.77558616662806,1.099980157,-23.5515791236979));
#1721=CARTESIAN_POINT('Ctrl Pts',(7.07845382797306,1.099980157,-23.3953068803767));
#1722=CARTESIAN_POINT('Ctrl Pts',(7.37607666027554,1.099980157,-23.2285037108926));
#1723=CARTESIAN_POINT('Ctrl Pts',(7.40680250411279,1.099980157,-23.211283364935));
#1724=CARTESIAN_POINT('Ctrl Pts',(7.4374655093684,1.099980157,-23.1939545942003));
#1725=CARTESIAN_POINT('Ctrl Pts',(7.46805957337453,1.099980157,-23.1765209417452));
#1726=CARTESIAN_POINT('Ctrl Pts',(7.75825642342455,1.099980157,-23.0111558229978));
#1727=CARTESIAN_POINT('Ctrl Pts',(8.04240926512368,1.099980157,-22.8362701043308));
#1728=CARTESIAN_POINT('Ctrl Pts',(8.32004084318157,1.099980157,-22.6522060214516));
#1729=CARTESIAN_POINT('Ctrl Pts',(8.59860069949774,1.099980157,-22.4675265089895));
#1730=CARTESIAN_POINT('Ctrl Pts',(8.87059615058659,1.099980157,-22.2736068951999));
#1731=CARTESIAN_POINT('Ctrl Pts',(9.13552654891837,1.099980157,-22.0707438914452));
#1732=CARTESIAN_POINT('Ctrl Pts',(9.38764011528532,1.099980157,-21.8776950164104));
#1733=CARTESIAN_POINT('Ctrl Pts',(9.63335594201413,1.099980157,-21.6765465960157));
#1734=CARTESIAN_POINT('Ctrl Pts',(9.87222030920159,1.099980157,-21.4675165732332));
#1735=CARTESIAN_POINT('Ctrl Pts',(10.1230038822037,1.099980157,-21.2480560626709));
#1736=CARTESIAN_POINT('Ctrl Pts',(10.366235850335,1.099980157,-21.0199077222472));
#1737=CARTESIAN_POINT('Ctrl Pts',(10.601601561333,1.099980157,-20.7835599802271));
#1738=CARTESIAN_POINT('Ctrl Pts',(10.8369613465969,1.099980157,-20.5472181886653));
#1739=CARTESIAN_POINT('Ctrl Pts',(11.0644556294809,1.099980157,-20.3026769321922));
#1740=CARTESIAN_POINT('Ctrl Pts',(11.2837301873516,1.099980157,-20.050390814306));
#1741=CARTESIAN_POINT('Ctrl Pts',(11.423655727394,1.099980157,-19.8893996275799));
#1742=CARTESIAN_POINT('Ctrl Pts',(11.5602333087868,1.099980157,-19.7252540045274));
#1743=CARTESIAN_POINT('Ctrl Pts',(11.6933614241322,1.099980157,-19.5580662370486));
#1744=CARTESIAN_POINT('Ctrl Pts',(11.7186036930243,1.099980157,-19.5263659566741));
#1745=CARTESIAN_POINT('Ctrl Pts',(11.7437234948388,1.099980157,-19.4945542212595));
#1746=CARTESIAN_POINT('Ctrl Pts',(11.7687055899232,1.099980157,-19.4626505282715));
#1747=CARTESIAN_POINT('Ctrl Pts',(11.9740596451825,1.099980157,-19.2004005964416));
#1748=CARTESIAN_POINT('Ctrl Pts',(12.1703214670077,1.099980157,-18.9316796090493));
#1749=CARTESIAN_POINT('Ctrl Pts',(12.3572396086443,1.099980157,-18.6570209263));
#1750=CARTESIAN_POINT('Ctrl Pts',(12.5461067160048,1.099980157,-18.3794984211643));
#1751=CARTESIAN_POINT('Ctrl Pts',(12.7254346745495,1.099980157,-18.0959133251856));
#1752=CARTESIAN_POINT('Ctrl Pts',(12.894928077974,1.099980157,-17.8067770009751));
#1753=CARTESIAN_POINT('Ctrl Pts',(13.0644309732218,1.099980157,-17.5176244848019));
#1754=CARTESIAN_POINT('Ctrl Pts',(13.2240985586605,1.099980157,-17.2229196258761));
#1755=CARTESIAN_POINT('Ctrl Pts',(13.3735940374339,1.099980157,-16.9231422421463));
#1756=CARTESIAN_POINT('Ctrl Pts',(13.5219108105045,1.099980157,-16.6257284704447));
#1757=CARTESIAN_POINT('Ctrl Pts',(13.6602155350319,1.099980157,-16.3233213416627));
#1758=CARTESIAN_POINT('Ctrl Pts',(13.7881340022643,1.099980157,-16.0163657841043));
#1759=CARTESIAN_POINT('Ctrl Pts',(13.8323014327863,1.099980157,-15.9103807879181));
#1760=CARTESIAN_POINT('Ctrl Pts',(13.8752302272792,1.099980157,-15.8038533688537));
#1761=CARTESIAN_POINT('Ctrl Pts',(13.9169036169869,1.099980157,-15.6968013466679));
#1762=CARTESIAN_POINT('Ctrl Pts',(14.0384437299763,1.099980157,-15.3845849667803));
#1763=CARTESIAN_POINT('Ctrl Pts',(14.1493092088049,1.099980157,-15.0679070243514));
#1764=CARTESIAN_POINT('Ctrl Pts',(14.2493999228934,1.099980157,-14.7473247438171));
#1765=CARTESIAN_POINT('Ctrl Pts',(14.2744108360521,1.099980157,-14.6672168571696));
#1766=CARTESIAN_POINT('Ctrl Pts',(14.298748708621,1.099980157,-14.5868651376501));
#1767=CARTESIAN_POINT('Ctrl Pts',(14.3224114735128,1.099980157,-14.5062782151585));
#1768=CARTESIAN_POINT('Ctrl Pts',(14.3321693278398,1.099980157,-14.4730464498117));
#1769=CARTESIAN_POINT('Ctrl Pts',(14.3418128510198,1.099980157,-14.4397730301996));
#1770=CARTESIAN_POINT('Ctrl Pts',(14.3513404016583,1.099980157,-14.4064637633081));
#1771=CARTESIAN_POINT('Ctrl Pts',(14.4430031349087,1.099980157,-14.0860017094488));
#1772=CARTESIAN_POINT('Ctrl Pts',(14.5237313851695,1.099980157,-13.7629409372476));
#1773=CARTESIAN_POINT('Ctrl Pts',(14.5935707495863,1.099980157,-13.437872452399));
#1774=CARTESIAN_POINT('Ctrl Pts',(14.664021025275,1.099980157,-13.1099604708606));
#1775=CARTESIAN_POINT('Ctrl Pts',(14.7233912173062,1.099980157,-12.7800049559104));
#1776=CARTESIAN_POINT('Ctrl Pts',(14.7716798271192,1.099980157,-12.4485899058956));
#1777=CARTESIAN_POINT('Ctrl Pts',(14.8202374445226,1.099980157,-12.1153285992922));
#1778=CARTESIAN_POINT('Ctrl Pts',(14.8575897901778,1.099980157,-11.7805908757128));
#1779=CARTESIAN_POINT('Ctrl Pts',(14.8836848187376,1.099980157,-11.4449562070855));
#1780=CARTESIAN_POINT('Ctrl Pts',(14.8952022762321,1.099980157,-11.296818487261));
#1781=CARTESIAN_POINT('Ctrl Pts',(14.9045260952378,1.099980157,-11.148505904378));
#1782=CARTESIAN_POINT('Ctrl Pts',(14.9116486005379,1.099980157,-11.000067847427));
#1783=CARTESIAN_POINT('Origin',(-0.000150480352904547,1.099980157,-10.4999360340885));
#1784=CARTESIAN_POINT('Origin',(-0.000150480352904547,2.099980157,-10.4999360340885));
#1785=CARTESIAN_POINT('Origin',(-0.000150480352904547,0.999980157000002,
-10.4999360340885));
#1786=CARTESIAN_POINT('Origin',(-0.000150480352904547,0.999980157000002,
-10.4999360340885));
#1787=CARTESIAN_POINT('Origin',(-0.000150480352904547,0.499980157000002,
-10.4999360340885));
#1788=CARTESIAN_POINT('Origin',(-0.000150480352902327,1.099980157,-10.4999360340885));
#1789=CARTESIAN_POINT('Ctrl Pts',(14.926240702038,1.099980157,-10.0000217377417));
#1790=CARTESIAN_POINT('Ctrl Pts',(14.920014722434,1.099980157,-9.66963358367609));
#1791=CARTESIAN_POINT('Ctrl Pts',(14.9028120456377,1.099980157,-9.33917204967677));
#1792=CARTESIAN_POINT('Ctrl Pts',(14.8744631021438,1.099980157,-9.00918488037802));
#1793=CARTESIAN_POINT('Ctrl Pts',(14.8645537706155,1.099980157,-8.89383835039658));
#1794=CARTESIAN_POINT('Ctrl Pts',(14.8532820906712,1.099980157,-8.77854987808098));
#1795=CARTESIAN_POINT('Ctrl Pts',(14.8406393538986,1.099980157,-8.66334323883525));
#1796=CARTESIAN_POINT('Ctrl Pts',(11.1144800983966,3.05011716112641,-19.8443015909589));
#1797=CARTESIAN_POINT('Ctrl Pts',(12.6111753345205,3.03099817088987,-18.0640614518881));
#1798=CARTESIAN_POINT('Ctrl Pts',(14.732391285565,2.99276019041681,-13.7729485115567));
#1799=CARTESIAN_POINT('Ctrl Pts',(14.5765033552587,2.93540321970721,-6.59162878128425));
#1800=CARTESIAN_POINT('Ctrl Pts',(11.1194766487022,2.87804624899761,-0.296776911780861));
#1801=CARTESIAN_POINT('Ctrl Pts',(5.14391986890209,2.82068927828801,3.68785472913809));
#1802=CARTESIAN_POINT('Ctrl Pts',(-1.99663030254942,2.76333230757841,4.45887239252176));
#1803=CARTESIAN_POINT('Ctrl Pts',(-8.68503726915979,2.70597533686881,1.84211345465116));
#1804=CARTESIAN_POINT('Ctrl Pts',(-13.4064444001683,2.64861836615921,-3.56999474761457));
#1805=CARTESIAN_POINT('Ctrl Pts',(-15.0915492409946,2.59126139544961,-10.5515859781175));
#1806=CARTESIAN_POINT('Ctrl Pts',(-13.358692983759,2.53390442474,-17.5214973470539));
#1807=CARTESIAN_POINT('Ctrl Pts',(-8.60034437680856,2.4765474540304,-22.9011297258528));
#1808=CARTESIAN_POINT('Ctrl Pts',(-1.89419009345588,2.4191904833208,-25.4720965507913));
#1809=CARTESIAN_POINT('Ctrl Pts',(5.2409331620099,2.3618335126112,-24.6521089024499));
#1810=CARTESIAN_POINT('Ctrl Pts',(11.1890358820021,2.3044765419016,-20.6268839203636));
#1811=CARTESIAN_POINT('Ctrl Pts',(14.602968671925,2.247119571192,-14.3080684252465));
#1812=CARTESIAN_POINT('Ctrl Pts',(14.7095310746375,2.18976260048241,-7.1267727579218));
#1813=CARTESIAN_POINT('Ctrl Pts',(11.4845883695041,2.13240562977281,-0.709443916505132));
#1814=CARTESIAN_POINT('Ctrl Pts',(5.65853796348283,2.07504865906321,3.49049665253089));
#1815=CARTESIAN_POINT('Ctrl Pts',(-1.44911388339115,2.01769168835361,4.52183042031136));
#1816=CARTESIAN_POINT('Ctrl Pts',(-8.22859898978634,1.96033471764401,2.15097686042261));
#1817=CARTESIAN_POINT('Ctrl Pts',(-13.1444734193299,1.90297774693441,-3.08510388763388));
#1818=CARTESIAN_POINT('Ctrl Pts',(-15.0833713888286,1.8456207762248,-10.0005244113126));
#1819=CARTESIAN_POINT('Ctrl Pts',(-13.6061632158106,1.7882638055152,-17.0290532856617));
#1820=CARTESIAN_POINT('Ctrl Pts',(-9.04741396482107,1.7309068348056,-22.5788432709426));
#1821=CARTESIAN_POINT('Ctrl Pts',(-2.43960401964603,1.673549864096,-25.3929547498129));
#1822=CARTESIAN_POINT('Ctrl Pts',(4.72069913147646,1.6161928933864,-24.8340408205595));
#1823=CARTESIAN_POINT('Ctrl Pts',(10.8118134553611,1.5588359226768,-21.0286786048912));
#1824=CARTESIAN_POINT('Ctrl Pts',(14.4541778758545,1.5014789519672,-14.8387370976768));
#1825=CARTESIAN_POINT('Ctrl Pts',(14.8229007801293,1.4441219812576,-7.66610550880835));
#1826=CARTESIAN_POINT('Ctrl Pts',(11.8343807410803,1.38676501054801,-1.13533502852576));
#1827=CARTESIAN_POINT('Ctrl Pts',(6.1656556999064,1.32940803983841,3.27459483438968));
#1828=CARTESIAN_POINT('Ctrl Pts',(-0.899779205196606,1.27205106912881,4.56463271917438));
#1829=CARTESIAN_POINT('Ctrl Pts',(-7.76094236046652,1.21469409841921,2.44316297732045));
#1830=CARTESIAN_POINT('Ctrl Pts',(-12.8654858406833,1.1573371277096,-2.61047828159301));
#1831=CARTESIAN_POINT('Ctrl Pts',(-14.3239345912444,1.11909914723654,-7.1696596356995));
#1832=CARTESIAN_POINT('Ctrl Pts',(-14.4857246783428,1.099980157,-9.48982677414261));
#1833=CARTESIAN_POINT('Ctrl Pts',(11.2250210759229,2.96673815975094,-19.9372363309577));
#1834=CARTESIAN_POINT('Ctrl Pts',(12.7366017509543,2.9476191695144,-18.1392907464554));
#1835=CARTESIAN_POINT('Ctrl Pts',(14.8789143352258,2.90938118904134,-13.8055003805686));
#1836=CARTESIAN_POINT('Ctrl Pts',(14.7214760156305,2.85202421833174,-6.55275856412886));
#1837=CARTESIAN_POINT('Ctrl Pts',(11.230067319608,2.79466724762214,-0.195301007993983));
#1838=CARTESIAN_POINT('Ctrl Pts',(5.19508041453082,2.73731027691254,3.82895993716036));
#1839=CARTESIAN_POINT('Ctrl Pts',(-2.01648636790341,2.67995330620294,4.60764578578838));
#1840=CARTESIAN_POINT('Ctrl Pts',(-8.77141313820353,2.62259633549334,1.96486177322967));
#1841=CARTESIAN_POINT('Ctrl Pts',(-13.5397772018661,2.56523936478374,-3.50107275523895));
#1842=CARTESIAN_POINT('Ctrl Pts',(-15.241641316428,2.50788239407414,-10.5520996645835));
#1843=CARTESIAN_POINT('Ctrl Pts',(-13.4915508719443,2.45052542336454,-17.5913305498577));
#1844=CARTESIAN_POINT('Ctrl Pts',(-8.68587792949786,2.39316845265493,-23.0244662653326));
#1845=CARTESIAN_POINT('Ctrl Pts',(-1.91302733584755,2.33581148194533,-25.6210027377734));
#1846=CARTESIAN_POINT('Ctrl Pts',(5.29305855700335,2.27845451123574,-24.7928598713557));
#1847=CARTESIAN_POINT('Ctrl Pts',(11.3003183568855,2.22109754052613,-20.7276018624288));
#1848=CARTESIAN_POINT('Ctrl Pts',(14.7482045441016,2.16374056981654,-14.345942349538));
#1849=CARTESIAN_POINT('Ctrl Pts',(14.8558267672085,2.10638359910694,-7.09322483536502));
#1850=CARTESIAN_POINT('Ctrl Pts',(11.5988102727965,2.04902662839734,-0.612072207974399));
#1851=CARTESIAN_POINT('Ctrl Pts',(5.71481666277618,1.99166965768774,3.62963902836037));
#1852=CARTESIAN_POINT('Ctrl Pts',(-1.4635246035529,1.93431268697814,4.67122996501735));
#1853=CARTESIAN_POINT('Ctrl Pts',(-8.31043533471141,1.87695571626854,2.27679699164969));
#1854=CARTESIAN_POINT('Ctrl Pts',(-13.2752007787595,1.81959874555894,-3.01135939492629));
#1855=CARTESIAN_POINT('Ctrl Pts',(-15.2333821311249,1.76224177484934,-9.99555749418673));
#1856=CARTESIAN_POINT('Ctrl Pts',(-13.7414823285202,1.70488480413973,-17.0939888674841));
#1857=CARTESIAN_POINT('Ctrl Pts',(-9.13739386495585,1.64752783343013,-22.6989744983325));
#1858=CARTESIAN_POINT('Ctrl Pts',(-2.46386569680683,1.59017086272053,-25.5410738290292));
#1859=CARTESIAN_POINT('Ctrl Pts',(4.76765051930249,1.53281389201093,-24.976601200217));
#1860=CARTESIAN_POINT('Ctrl Pts',(10.9193442503763,1.47545692130133,-21.1333926111421));
#1861=CARTESIAN_POINT('Ctrl Pts',(14.5979339435582,1.41809995059173,-14.8818888072602));
#1862=CARTESIAN_POINT('Ctrl Pts',(14.9703239953811,1.36074297988214,-7.63792154046242));
#1863=CARTESIAN_POINT('Ctrl Pts',(11.952081517594,1.30338600917254,-1.04219903610893));
#1864=CARTESIAN_POINT('Ctrl Pts',(6.22697795776952,1.24602903846294,3.41158995054571));
#1865=CARTESIAN_POINT('Ctrl Pts',(-0.908726496602317,1.18867206775334,4.71445795575769));
#1866=CARTESIAN_POINT('Ctrl Pts',(-7.83812760875053,1.13131509704374,2.57188905659076));
#1867=CARTESIAN_POINT('Ctrl Pts',(-12.9934385186295,1.07395812633414,-2.53201338202358));
#1868=CARTESIAN_POINT('Ctrl Pts',(-14.4663923262338,1.03572014586107,-7.13653824620281));
#1869=CARTESIAN_POINT('Ctrl Pts',(-14.6297915027442,1.01660115562453,-9.47978069440909));
#1870=CARTESIAN_POINT('Ctrl Pts',(11.3355620534492,2.88335915837547,-20.0301710709566));
#1871=CARTESIAN_POINT('Ctrl Pts',(12.8620281673881,2.86424016813894,-18.2145200410226));
#1872=CARTESIAN_POINT('Ctrl Pts',(15.0254373848866,2.82600218766587,-13.8380522495805));
#1873=CARTESIAN_POINT('Ctrl Pts',(14.8664486760022,2.76864521695627,-6.51388834697347));
#1874=CARTESIAN_POINT('Ctrl Pts',(11.3406579905137,2.71128824624667,-0.0938251042071089));
#1875=CARTESIAN_POINT('Ctrl Pts',(5.24624096015952,2.65393127553707,3.97006514518262));
#1876=CARTESIAN_POINT('Ctrl Pts',(-2.03634243325738,2.59657430482747,4.75641917905501));
#1877=CARTESIAN_POINT('Ctrl Pts',(-8.85778900724728,2.53921733411787,2.08761009180818));
#1878=CARTESIAN_POINT('Ctrl Pts',(-13.6731100035639,2.48186036340827,-3.43215076286333));
#1879=CARTESIAN_POINT('Ctrl Pts',(-15.3917333918613,2.42450339269867,-10.5526133510494));
#1880=CARTESIAN_POINT('Ctrl Pts',(-13.6244087601296,2.36714642198907,-17.6611637526616));
#1881=CARTESIAN_POINT('Ctrl Pts',(-8.77141148218716,2.30978945127947,-23.1478028048125));
#1882=CARTESIAN_POINT('Ctrl Pts',(-1.93186457823923,2.25243248056987,-25.7699089247555));
#1883=CARTESIAN_POINT('Ctrl Pts',(5.3451839519968,2.19507550986027,-24.9336108402615));
#1884=CARTESIAN_POINT('Ctrl Pts',(11.4116008317689,2.13771853915067,-20.8283198044939));
#1885=CARTESIAN_POINT('Ctrl Pts',(14.8934404162782,2.08036156844107,-14.3838162738296));
#1886=CARTESIAN_POINT('Ctrl Pts',(15.0021224597795,2.02300459773147,-7.05967691280823));
#1887=CARTESIAN_POINT('Ctrl Pts',(11.713032176089,1.96564762702187,-0.514700499443661));
#1888=CARTESIAN_POINT('Ctrl Pts',(5.77109536206955,1.90829065631227,3.76878140418985));
#1889=CARTESIAN_POINT('Ctrl Pts',(-1.47793532371467,1.85093368560267,4.82062950972335));
#1890=CARTESIAN_POINT('Ctrl Pts',(-8.39227167963645,1.79357671489307,2.40261712287677));
#1891=CARTESIAN_POINT('Ctrl Pts',(-13.4059281381891,1.73621974418347,-2.93761490221869));
#1892=CARTESIAN_POINT('Ctrl Pts',(-15.3833928734212,1.67886277347387,-9.99059057706084));
#1893=CARTESIAN_POINT('Ctrl Pts',(-13.8768014412299,1.62150580276427,-17.1589244493066));
#1894=CARTESIAN_POINT('Ctrl Pts',(-9.22737376509062,1.56414883205466,-22.8191057257225));
#1895=CARTESIAN_POINT('Ctrl Pts',(-2.48812737396765,1.50679186134506,-25.6891929082454));
#1896=CARTESIAN_POINT('Ctrl Pts',(4.81460190712854,1.44943489063546,-25.1191615798746));
#1897=CARTESIAN_POINT('Ctrl Pts',(11.0268750453914,1.39207791992586,-21.2381066173929));
#1898=CARTESIAN_POINT('Ctrl Pts',(14.7416900112619,1.33472094921627,-14.9250405168436));
#1899=CARTESIAN_POINT('Ctrl Pts',(15.1177472106329,1.27736397850667,-7.60973757211649));
#1900=CARTESIAN_POINT('Ctrl Pts',(12.0697822941078,1.22000700779707,-0.949063043692101));
#1901=CARTESIAN_POINT('Ctrl Pts',(6.28830021563262,1.16265003708747,3.54858506670175));
#1902=CARTESIAN_POINT('Ctrl Pts',(-0.91767378800803,1.10529306637787,4.86428319234099));
#1903=CARTESIAN_POINT('Ctrl Pts',(-7.91531285703451,1.04793609566827,2.70061513586107));
#1904=CARTESIAN_POINT('Ctrl Pts',(-13.1213911965758,0.990579124958667,-2.45354848245414));
#1905=CARTESIAN_POINT('Ctrl Pts',(-14.6088500612233,0.952341144485599,-7.10341685670612));
#1906=CARTESIAN_POINT('Ctrl Pts',(-14.7738583271456,0.933222154249065,-9.46973461467557));
#1907=CARTESIAN_POINT('Ctrl Pts',(11.4461030309754,2.799980157,-20.1231058109554));
#1908=CARTESIAN_POINT('Ctrl Pts',(12.987454583822,2.78086116676347,-18.2897493355898));
#1909=CARTESIAN_POINT('Ctrl Pts',(15.1719604345473,2.7426231862904,-13.8706041185924));
#1910=CARTESIAN_POINT('Ctrl Pts',(15.0114213363739,2.68526621558081,-6.47501812981807));
#1911=CARTESIAN_POINT('Ctrl Pts',(11.4512486614194,2.6279092448712,0.00765079957976668));
#1912=CARTESIAN_POINT('Ctrl Pts',(5.29740150578826,2.57055227416161,4.11117035320489));
#1913=CARTESIAN_POINT('Ctrl Pts',(-2.05619849861138,2.513195303452,4.90519257232163));
#1914=CARTESIAN_POINT('Ctrl Pts',(-8.94416487629101,2.45583833274241,2.21035841038668));
#1915=CARTESIAN_POINT('Ctrl Pts',(-13.8064428052617,2.3984813620328,-3.36322877048771));
#1916=CARTESIAN_POINT('Ctrl Pts',(-15.5418254672947,2.3411243913232,-10.5531270375153));
#1917=CARTESIAN_POINT('Ctrl Pts',(-13.7572666483149,2.2837674206136,-17.7309969554655));
#1918=CARTESIAN_POINT('Ctrl Pts',(-8.85694503487646,2.226410449904,-23.2711393442924));
#1919=CARTESIAN_POINT('Ctrl Pts',(-1.95070182063091,2.1690534791944,-25.9188151117377));
#1920=CARTESIAN_POINT('Ctrl Pts',(5.39730934699027,2.1116965084848,-25.0743618091673));
#1921=CARTESIAN_POINT('Ctrl Pts',(11.5228833066523,2.0543395377752,-20.9290377465591));
#1922=CARTESIAN_POINT('Ctrl Pts',(15.0386762884548,1.9969825670656,-14.4216901981211));
#1923=CARTESIAN_POINT('Ctrl Pts',(15.1484181523504,1.939625596356,-7.02612899025145));
#1924=CARTESIAN_POINT('Ctrl Pts',(11.8272540793814,1.8822686256464,-0.417328790912928));
#1925=CARTESIAN_POINT('Ctrl Pts',(5.82737406136289,1.8249116549368,3.90792378001933));
#1926=CARTESIAN_POINT('Ctrl Pts',(-1.49234604387641,1.7675546842272,4.97002905442934));
#1927=CARTESIAN_POINT('Ctrl Pts',(-8.47410802456154,1.7101977135176,2.52843725410385));
#1928=CARTESIAN_POINT('Ctrl Pts',(-13.5366554976187,1.652840742808,-2.86387040951109));
#1929=CARTESIAN_POINT('Ctrl Pts',(-15.5334036157175,1.5954837720984,-9.98562365993495));
#1930=CARTESIAN_POINT('Ctrl Pts',(-14.0121205539396,1.5381268013888,-17.223860031129));
#1931=CARTESIAN_POINT('Ctrl Pts',(-9.3173536652254,1.48076983067919,-22.9392369531124));
#1932=CARTESIAN_POINT('Ctrl Pts',(-2.51238905112846,1.4234128599696,-25.8373119874616));
#1933=CARTESIAN_POINT('Ctrl Pts',(4.86155329495458,1.36605588925999,-25.2617219595322));
#1934=CARTESIAN_POINT('Ctrl Pts',(11.1344058404066,1.3086989185504,-21.3428206236437));
#1935=CARTESIAN_POINT('Ctrl Pts',(14.8854460789656,1.2513419478408,-14.968192226427));
#1936=CARTESIAN_POINT('Ctrl Pts',(15.2651704258848,1.1939849771312,-7.58155360377056));
#1937=CARTESIAN_POINT('Ctrl Pts',(12.1874830706216,1.1366280064216,-0.855927051275265));
#1938=CARTESIAN_POINT('Ctrl Pts',(6.34962247349573,1.079271035712,3.68558018285778));
#1939=CARTESIAN_POINT('Ctrl Pts',(-0.926621079413742,1.0219140650024,5.0141084289243));
#1940=CARTESIAN_POINT('Ctrl Pts',(-7.9924981053185,0.964557094292801,2.82934121513138));
#1941=CARTESIAN_POINT('Ctrl Pts',(-13.249343874522,0.907200123583199,-2.37508358288471));
#1942=CARTESIAN_POINT('Ctrl Pts',(-14.7513077962127,0.868962143110131,-7.07029546720944));
#1943=CARTESIAN_POINT('Ctrl Pts',(-14.917925151547,0.849843152873597,-9.45968853494205));
#1944=CARTESIAN_POINT('',(2.51867534307762,2.799980157,3.79994925237655));
#1945=CARTESIAN_POINT('Ctrl Pts',(2.51867534307718,2.799980157,3.79994925237662));
#1946=CARTESIAN_POINT('Ctrl Pts',(2.84552823074775,2.799980157,3.74737481607149));
#1947=CARTESIAN_POINT('Ctrl Pts',(3.17020563478764,2.799980157,3.68377585026992));
#1948=CARTESIAN_POINT('Ctrl Pts',(3.49213209262267,2.799980157,3.60925536092534));
#1949=CARTESIAN_POINT('Ctrl Pts',(3.81358391715658,2.799980157,3.53484474110219));
#1950=CARTESIAN_POINT('Ctrl Pts',(4.13229349821873,2.799980157,3.44954470842063));
#1951=CARTESIAN_POINT('Ctrl Pts',(4.44768345530976,2.799980157,3.35340628595));
#1952=CARTESIAN_POINT('Ctrl Pts',(4.62014083752187,2.799980157,3.30083714005135));
#1953=CARTESIAN_POINT('Ctrl Pts',(4.79160552940616,2.799980157,3.24502644639147));
#1954=CARTESIAN_POINT('Ctrl Pts',(4.96198159033142,2.799980157,3.18597612341982));
#1955=CARTESIAN_POINT('Ctrl Pts',(5.23812593834931,2.799980157,3.0902677659857));
#1956=CARTESIAN_POINT('Ctrl Pts',(5.51141123231179,2.799980157,2.98605047675459));
#1957=CARTESIAN_POINT('Ctrl Pts',(5.78150635053446,2.799980157,2.87354796463603));
#1958=CARTESIAN_POINT('Ctrl Pts',(5.89967296475688,2.799980157,2.82432811558416));
#1959=CARTESIAN_POINT('Ctrl Pts',(6.01722879080505,2.799980157,2.77352204350774));
#1960=CARTESIAN_POINT('Ctrl Pts',(6.13414522117313,2.799980157,2.72114676574089));
#1961=CARTESIAN_POINT('Ctrl Pts',(6.17394158692192,2.799980157,2.70331911137579));
#1962=CARTESIAN_POINT('Ctrl Pts',(6.21366386681647,2.799980157,2.68530963931026));
#1963=CARTESIAN_POINT('Ctrl Pts',(6.25331091640403,2.799980157,2.66711899430124));
#1964=CARTESIAN_POINT('Ctrl Pts',(6.2880582369665,2.799980157,2.65117641648165));
#1965=CARTESIAN_POINT('Ctrl Pts',(6.32273863279655,2.799980157,2.63509887178099));
#1966=CARTESIAN_POINT('Ctrl Pts',(6.35735134470419,2.799980157,2.61888704100733));
#1967=CARTESIAN_POINT('Ctrl Pts',(6.6559200389734,2.799980157,2.47904405041127));
#1968=CARTESIAN_POINT('Ctrl Pts',(6.94945564962744,2.799980157,2.32921244966646));
#1969=CARTESIAN_POINT('Ctrl Pts',(7.23751336492674,2.799980157,2.16977755307274));
#1970=CARTESIAN_POINT('Ctrl Pts',(7.52745996179269,2.799980157,2.00929719363855));
#1971=CARTESIAN_POINT('Ctrl Pts',(7.81185710828433,2.799980157,1.83908691136258));
#1972=CARTESIAN_POINT('Ctrl Pts',(8.09023195931353,2.799980157,1.65949056130317));
#1973=CARTESIAN_POINT('Ctrl Pts',(8.36813521916293,2.799980157,1.48019846306211));
#1974=CARTESIAN_POINT('Ctrl Pts',(8.6400370699336,2.799980157,1.2915517427339));
#1975=CARTESIAN_POINT('Ctrl Pts',(8.90544034900938,2.799980157,1.09384835122456));
#1976=CARTESIAN_POINT('Ctrl Pts',(9.07510709142069,2.799980157,0.967460725126395));
#1977=CARTESIAN_POINT('Ctrl Pts',(9.2421174536047,2.799980157,0.837370966050294));
#1978=CARTESIAN_POINT('Ctrl Pts',(9.40633437314616,2.799980157,0.70364836491074));
#1979=CARTESIAN_POINT('Ctrl Pts',(9.45962187064072,2.799980157,0.660256107930848));
#1980=CARTESIAN_POINT('Ctrl Pts',(9.51261517928413,2.799980157,0.616481274980438));
#1981=CARTESIAN_POINT('Ctrl Pts',(9.56530947121784,2.799980157,0.572326093503622));
#1982=CARTESIAN_POINT('Ctrl Pts',(9.5925917102304,2.799980157,0.549464941555529));
#1983=CARTESIAN_POINT('Ctrl Pts',(9.61978573915583,2.799980157,0.526508580580941));
#1984=CARTESIAN_POINT('Ctrl Pts',(9.6468908934909,2.799980157,0.503457604670338));
#1985=CARTESIAN_POINT('Ctrl Pts',(9.90088308131393,2.799980157,0.287455595214338));
#1986=CARTESIAN_POINT('Ctrl Pts',(10.1470770488151,2.799980157,0.0631462534836696));
#1987=CARTESIAN_POINT('Ctrl Pts',(10.3850223018616,2.799980157,-0.169098935558257));
#1988=CARTESIAN_POINT('Ctrl Pts',(10.5260651867231,2.799980157,-0.306763087451562));
#1989=CARTESIAN_POINT('Ctrl Pts',(10.6642094178048,2.799980157,-0.447216464979706));
#1990=CARTESIAN_POINT('Ctrl Pts',(10.7993567925038,2.799980157,-0.590389144541618));
#1991=CARTESIAN_POINT('Ctrl Pts',(11.0261274995485,2.799980157,-0.830625921956231));
#1992=CARTESIAN_POINT('Ctrl Pts',(11.2444625827999,2.799980157,-1.0785168638583));
#1993=CARTESIAN_POINT('Ctrl Pts',(11.4541395122354,2.799980157,-1.33352012562059));
#1994=CARTESIAN_POINT('Ctrl Pts',(11.6650498165789,2.799980157,-1.59002338371226));
#1995=CARTESIAN_POINT('Ctrl Pts',(11.8672001439549,2.799980157,-1.85372335607559));
#1996=CARTESIAN_POINT('Ctrl Pts',(12.060325141797,2.799980157,-2.12410458330091));
#1997=CARTESIAN_POINT('Ctrl Pts',(12.2534251410612,2.799980157,-2.39445081171081));
#1998=CARTESIAN_POINT('Ctrl Pts',(12.4375024554771,2.799980157,-2.67147707662969));
#1999=CARTESIAN_POINT('Ctrl Pts',(12.6122483070135,2.799980157,-2.95469654017115));
#2000=CARTESIAN_POINT('Ctrl Pts',(12.7908946832029,2.799980157,-3.24423778182656));
#2001=CARTESIAN_POINT('Ctrl Pts',(12.9597889063331,2.799980157,-3.54025225648124));
#2002=CARTESIAN_POINT('Ctrl Pts',(13.1185488936607,2.799980157,-3.84224217142164));
#2003=CARTESIAN_POINT('Ctrl Pts',(13.1349388796861,2.799980157,-3.87341885875323));
#2004=CARTESIAN_POINT('Ctrl Pts',(13.1512171125129,2.799980157,-3.90465225440474));
#2005=CARTESIAN_POINT('Ctrl Pts',(13.1673804037054,2.799980157,-3.93593606317673));
#2006=CARTESIAN_POINT('Ctrl Pts',(13.320695658241,2.799980157,-4.23267544921011));
#2007=CARTESIAN_POINT('Ctrl Pts',(13.4637566918528,2.799980157,-4.53410768050109));
#2008=CARTESIAN_POINT('Ctrl Pts',(13.5963496401527,2.799980157,-4.83968580281656));
#2009=CARTESIAN_POINT('Ctrl Pts',(13.7293859234312,2.799980157,-5.14628564968114));
#2010=CARTESIAN_POINT('Ctrl Pts',(13.8518843150249,2.799980157,-5.45705966823588));
#2011=CARTESIAN_POINT('Ctrl Pts',(13.9635865378207,2.799980157,-5.77148634382775));
#2012=CARTESIAN_POINT('Ctrl Pts',(14.0698848139932,2.799980157,-6.07070163929421));
#2013=CARTESIAN_POINT('Ctrl Pts',(14.1664061685068,2.799980157,-6.37322532842861));
#2014=CARTESIAN_POINT('Ctrl Pts',(14.252888780673,2.799980157,-6.67862751589751));
#2015=CARTESIAN_POINT('Ctrl Pts',(14.3436868330572,2.799980157,-6.99926912374717));
#2016=CARTESIAN_POINT('Ctrl Pts',(14.4234198483515,2.799980157,-7.32308406323032));
#2017=CARTESIAN_POINT('Ctrl Pts',(14.4920899529255,2.799980157,-7.64949133094743));
#2018=CARTESIAN_POINT('Ctrl Pts',(14.5607583249757,2.799980157,-7.97589036351817));
#2019=CARTESIAN_POINT('Ctrl Pts',(14.6183643859833,2.799980157,-8.30488218821764));
#2020=CARTESIAN_POINT('Ctrl Pts',(14.6648586535328,2.799980157,-8.63589261800816));
#2021=CARTESIAN_POINT('Ctrl Pts',(14.694528013344,2.799980157,-8.84712011034901));
#2022=CARTESIAN_POINT('Ctrl Pts',(14.7196715100024,2.799980157,-9.05916970704712));
#2023=CARTESIAN_POINT('Ctrl Pts',(14.7402651704965,2.799980157,-9.27189194702272));
#2024=CARTESIAN_POINT('Ctrl Pts',(14.7441699111281,2.799980157,-9.31222596990893));
#2025=CARTESIAN_POINT('Ctrl Pts',(14.7479112394356,2.799980157,-9.35258676651809));
#2026=CARTESIAN_POINT('Ctrl Pts',(14.7514869934484,2.799980157,-9.39294968478023));
#2027=CARTESIAN_POINT('Ctrl Pts',(14.7808798669181,2.799980157,-9.72473485375137));
#2028=CARTESIAN_POINT('Ctrl Pts',(14.7991229612404,2.799980157,-10.056995121517));
#2029=CARTESIAN_POINT('Ctrl Pts',(14.8062958831004,2.799980157,-10.3891462257166));
#2030=CARTESIAN_POINT('Ctrl Pts',(14.8135435955078,2.799980157,-10.7247605996119));
#2031=CARTESIAN_POINT('Ctrl Pts',(14.8094891798114,2.799980157,-11.0602640962575));
#2032=CARTESIAN_POINT('Ctrl Pts',(14.7941633943294,2.799980157,-11.3950669600084));
#2033=CARTESIAN_POINT('Ctrl Pts',(14.7788367513373,2.799980157,-11.7298885566861));
#2034=CARTESIAN_POINT('Ctrl Pts',(14.7522374997182,2.799980157,-12.0640100442211));
#2035=CARTESIAN_POINT('Ctrl Pts',(14.7143445042997,2.799980157,-12.3968455797229));
#2036=CARTESIAN_POINT('Ctrl Pts',(14.6767502815405,2.799980157,-12.7270568265676));
#2037=CARTESIAN_POINT('Ctrl Pts',(14.6280396707542,2.799980157,-13.0560028998996));
#2038=CARTESIAN_POINT('Ctrl Pts',(14.5681411582923,2.799980157,-13.3831068419242));
#2039=CARTESIAN_POINT('Ctrl Pts',(14.5474595105487,2.799980157,-13.4960486868287));
#2040=CARTESIAN_POINT('Ctrl Pts',(14.5254436290674,2.799980157,-13.6087708356729));
#2041=CARTESIAN_POINT('Ctrl Pts',(14.5020891556691,2.799980157,-13.7212492105621));
#2042=CARTESIAN_POINT('Ctrl Pts',(14.4414724092123,2.799980157,-14.013187847596));
#2043=CARTESIAN_POINT('Ctrl Pts',(14.3718401382022,2.799980157,-14.3034851421557));
#2044=CARTESIAN_POINT('Ctrl Pts',(14.2933489122585,2.799980157,-14.5917740816917));
#2045=CARTESIAN_POINT('Ctrl Pts',(14.2575445436604,2.799980157,-14.7232792700716));
#2046=CARTESIAN_POINT('Ctrl Pts',(14.2198963898181,2.799980157,-14.8543663920603));
#2047=CARTESIAN_POINT('Ctrl Pts',(14.1804172694166,2.799980157,-14.9849996408414));
#2048=CARTESIAN_POINT('Ctrl Pts',(14.1687148795521,2.799980157,-15.0237219120307));
#2049=CARTESIAN_POINT('Ctrl Pts',(14.1568508790238,2.799980157,-15.0624064787483));
#2050=CARTESIAN_POINT('Ctrl Pts',(14.1448326401738,2.799980157,-15.1010301616772));
#2051=CARTESIAN_POINT('Ctrl Pts',(14.0459364902032,2.799980157,-15.4188582217656));
#2052=CARTESIAN_POINT('Ctrl Pts',(13.9365038592017,2.799980157,-15.7328893641384));
#2053=CARTESIAN_POINT('Ctrl Pts',(13.8168902643431,2.799980157,-16.0426541897949));
#2054=CARTESIAN_POINT('Ctrl Pts',(13.6960451392281,2.799980157,-16.3556083247906));
#2055=CARTESIAN_POINT('Ctrl Pts',(13.564808157002,2.799980157,-16.6642083699045));
#2056=CARTESIAN_POINT('Ctrl Pts',(13.4234932931898,2.799980157,-16.9679624731447));
#2057=CARTESIAN_POINT('Ctrl Pts',(13.2814601905988,2.799980157,-17.2732604194759));
#2058=CARTESIAN_POINT('Ctrl Pts',(13.129246288715,2.799980157,-17.5736635870982));
#2059=CARTESIAN_POINT('Ctrl Pts',(12.9671204480324,2.799980157,-17.8686566025291));
#2060=CARTESIAN_POINT('Ctrl Pts',(12.8055325822443,2.799980157,-18.1626707558877));
#2061=CARTESIAN_POINT('Ctrl Pts',(12.6340981767412,2.799980157,-18.4513111250738));
#2062=CARTESIAN_POINT('Ctrl Pts',(12.4530377110293,2.799980157,-18.7340436222572));
#2063=CARTESIAN_POINT('Ctrl Pts',(12.2744105239097,2.799980157,-19.01297646649));
#2064=CARTESIAN_POINT('Ctrl Pts',(12.086413949042,2.799980157,-19.2861596119971));
#2065=CARTESIAN_POINT('Ctrl Pts',(11.8892196246834,2.799980157,-19.5530498605724));
#2066=CARTESIAN_POINT('Ctrl Pts',(11.7463268066404,2.799980157,-19.7464463989929));
#2067=CARTESIAN_POINT('Ctrl Pts',(11.5986035246445,2.799980157,-19.9365380142545));
#2068=CARTESIAN_POINT('Ctrl Pts',(11.4461030309754,2.799980157,-20.1231058109554));
#2069=CARTESIAN_POINT('Ctrl Pts',(2.51867534307761,2.799980157,3.79994925237654));
#2070=CARTESIAN_POINT('Ctrl Pts',(1.05479764533056,2.78776420719281,4.05684182874638));
#2071=CARTESIAN_POINT('Ctrl Pts',(-2.801595124212,2.75642926714907,4.14393956886548));
#2072=CARTESIAN_POINT('Ctrl Pts',(-8.68503726915979,2.70597533686881,1.84211345465116));
#2073=CARTESIAN_POINT('Ctrl Pts',(-13.4064444001683,2.64861836615921,-3.56999474761457));
#2074=CARTESIAN_POINT('Ctrl Pts',(-15.0915492409946,2.59126139544961,-10.5515859781175));
#2075=CARTESIAN_POINT('Ctrl Pts',(-13.358692983759,2.53390442474,-17.5214973470539));
#2076=CARTESIAN_POINT('Ctrl Pts',(-8.60034437680856,2.4765474540304,-22.9011297258528));
#2077=CARTESIAN_POINT('Ctrl Pts',(-1.89419009345588,2.4191904833208,-25.4720965507913));
#2078=CARTESIAN_POINT('Ctrl Pts',(5.2409331620099,2.3618335126112,-24.6521089024499));
#2079=CARTESIAN_POINT('Ctrl Pts',(10.6212474708362,2.3099516698208,-21.0111200717472));
#2080=CARTESIAN_POINT('Ctrl Pts',(12.7785858587054,2.27718881726694,-17.589342414507));
#2081=CARTESIAN_POINT('Ctrl Pts',(13.415066328387,2.2635449549496,-16.0563762511957));
#2082=CARTESIAN_POINT('Origin',(-0.000150480352902882,2.799980157,-10.4999360340885));
#2083=CARTESIAN_POINT('',(-12.6989201525935,2.799980157,-3.45767578798265));
#2084=CARTESIAN_POINT('Ctrl Pts',(0.274852031013619,2.799980157,-25.4506631542311));
#2085=CARTESIAN_POINT('Ctrl Pts',(-0.062766048727159,2.799980157,-25.4524205268491));
#2086=CARTESIAN_POINT('Ctrl Pts',(-0.400033379922414,2.799980157,-25.4428332406233));
#2087=CARTESIAN_POINT('Ctrl Pts',(-0.736369022631265,2.799980157,-25.4218877920462));
#2088=CARTESIAN_POINT('Ctrl Pts',(-1.07130667618061,2.799980157,-25.4010294038527));
#2089=CARTESIAN_POINT('Ctrl Pts',(-1.40532095771089,2.799980157,-25.3689070668012));
#2090=CARTESIAN_POINT('Ctrl Pts',(-1.73783789058902,2.799980157,-25.3254560277375));
#2091=CARTESIAN_POINT('Ctrl Pts',(-1.927290607741,2.799980157,-25.300699642123));
#2092=CARTESIAN_POINT('Ctrl Pts',(-2.11625720431003,2.799980157,-25.2722648037387));
#2093=CARTESIAN_POINT('Ctrl Pts',(-2.30463037869654,2.799980157,-25.240132034414));
#2094=CARTESIAN_POINT('Ctrl Pts',(-2.597922488921,2.799980157,-25.1901021522225));
#2095=CARTESIAN_POINT('Ctrl Pts',(-2.88977664194739,2.799980157,-25.1311092733284));
#2096=CARTESIAN_POINT('Ctrl Pts',(-3.17981983051748,2.799980157,-25.0633077640873));
#2097=CARTESIAN_POINT('Ctrl Pts',(-3.3067137255169,2.799980157,-25.0336446037943));
#2098=CARTESIAN_POINT('Ctrl Pts',(-3.43326085496968,2.799980157,-25.0022950292767));
#2099=CARTESIAN_POINT('Ctrl Pts',(-3.55942925128232,2.799980157,-24.9692702017362));
#2100=CARTESIAN_POINT('Ctrl Pts',(-3.59959778807159,2.799980157,-24.9587560077004));
#2101=CARTESIAN_POINT('Ctrl Pts',(-3.63972793220713,2.799980157,-24.9480720004102));
#2102=CARTESIAN_POINT('Ctrl Pts',(-3.67981864079437,2.799980157,-24.9372185179445));
#2103=CARTESIAN_POINT('Ctrl Pts',(-3.7187170613799,2.799980157,-24.9266878154289));
#2104=CARTESIAN_POINT('Ctrl Pts',(-3.75757291895446,2.799980157,-24.9159990186708));
#2105=CARTESIAN_POINT('Ctrl Pts',(-3.79637785638005,2.799980157,-24.9051547022999));
#2106=CARTESIAN_POINT('Ctrl Pts',(-4.11916580522013,2.799980157,-24.8149493091163));
#2107=CARTESIAN_POINT('Ctrl Pts',(-4.43859016876712,2.799980157,-24.7139444362063));
#2108=CARTESIAN_POINT('Ctrl Pts',(-4.75413973359664,2.799980157,-24.6024304555003));
#2109=CARTESIAN_POINT('Ctrl Pts',(-5.07115606259004,2.799980157,-24.4903981260818));
#2110=CARTESIAN_POINT('Ctrl Pts',(-5.38426204164799,2.799980157,-24.3677585476954));
#2111=CARTESIAN_POINT('Ctrl Pts',(-5.69292435931287,2.799980157,-24.2347558251951));
#2112=CARTESIAN_POINT('Ctrl Pts',(-6.00013777333073,2.799980157,-24.1023774358857));
#2113=CARTESIAN_POINT('Ctrl Pts',(-6.30294966782528,2.799980157,-23.9597326883288));
#2114=CARTESIAN_POINT('Ctrl Pts',(-6.60081142544495,2.799980157,-23.8070163277214));
#2115=CARTESIAN_POINT('Ctrl Pts',(-6.79361087270052,2.799980157,-23.7081663439327));
#2116=CARTESIAN_POINT('Ctrl Pts',(-6.98433588407572,2.799980157,-23.6050957449472));
#2117=CARTESIAN_POINT('Ctrl Pts',(-7.17283099083837,2.799980157,-23.4978478164433));
#2118=CARTESIAN_POINT('Ctrl Pts',(-7.23442500077491,2.799980157,-23.4628027158706));
#2119=CARTESIAN_POINT('Ctrl Pts',(-7.29578086177671,2.799980157,-23.4273115162171));
#2120=CARTESIAN_POINT('Ctrl Pts',(-7.35689300711633,2.799980157,-23.3913755632272));
#2121=CARTESIAN_POINT('Ctrl Pts',(-7.38586373062361,2.799980157,-23.3743398242222));
#2122=CARTESIAN_POINT('Ctrl Pts',(-7.41477661676194,2.799980157,-23.3572059149432));
#2123=CARTESIAN_POINT('Ctrl Pts',(-7.44362397988272,2.799980157,-23.3399783546372));
#2124=CARTESIAN_POINT('Ctrl Pts',(-7.73188219706558,2.799980157,-23.1678313961988));
#2125=CARTESIAN_POINT('Ctrl Pts',(-8.01381243357923,2.799980157,-22.9862123401158));
#2126=CARTESIAN_POINT('Ctrl Pts',(-8.28890931844779,2.799980157,-22.7953924962702));
#2127=CARTESIAN_POINT('Ctrl Pts',(-8.46137304838573,2.799980157,-22.6757637260953));
#2128=CARTESIAN_POINT('Ctrl Pts',(-8.63115073993074,2.799980157,-22.5525177934456));
#2129=CARTESIAN_POINT('Ctrl Pts',(-8.79811334506309,2.799980157,-22.4257121340036));
#2130=CARTESIAN_POINT('Ctrl Pts',(-9.06368893287567,2.799980157,-22.2240113548526));
#2131=CARTESIAN_POINT('Ctrl Pts',(-9.32214384787955,2.799980157,-22.0133061890122));
#2132=CARTESIAN_POINT('Ctrl Pts',(-9.57315218164185,2.799980157,-21.7940848619234));
#2133=CARTESIAN_POINT('Ctrl Pts',(-9.82516133230833,2.799980157,-21.5739894586372));
#2134=CARTESIAN_POINT('Ctrl Pts',(-10.0696647950456,2.799980157,-21.3453094017145));
#2135=CARTESIAN_POINT('Ctrl Pts',(-10.3062972522695,2.799980157,-21.1084998592792));
#2136=CARTESIAN_POINT('Ctrl Pts',(-10.5424078424781,2.799980157,-20.8722125744012));
#2137=CARTESIAN_POINT('Ctrl Pts',(-10.7706824674452,2.799980157,-20.6278311462753));
#2138=CARTESIAN_POINT('Ctrl Pts',(-10.9907173497149,2.799980157,-20.3757760346308));
#2139=CARTESIAN_POINT('Ctrl Pts',(-11.2149347174488,2.799980157,-20.1189297879183));
#2140=CARTESIAN_POINT('Ctrl Pts',(-11.4305966845214,2.799980157,-19.8541149495292));
#2141=CARTESIAN_POINT('Ctrl Pts',(-11.6372262728942,2.799980157,-19.5817500126956));
#2142=CARTESIAN_POINT('Ctrl Pts',(-11.6567917170793,2.799980157,-19.5559601874747));
#2143=CARTESIAN_POINT('Ctrl Pts',(-11.6762732737963,2.799980157,-19.5301063985264));
#2144=CARTESIAN_POINT('Ctrl Pts',(-11.6956658090894,2.799980157,-19.5041955172331));
#2145=CARTESIAN_POINT('Ctrl Pts',(-11.8958279368978,2.799980157,-19.2367535837947));
#2146=CARTESIAN_POINT('Ctrl Pts',(-12.0866663163734,2.799980157,-18.963025482998));
#2147=CARTESIAN_POINT('Ctrl Pts',(-12.2678697440232,2.799980157,-18.6834975209325));
#2148=CARTESIAN_POINT('Ctrl Pts',(-12.4491605314401,2.799980157,-18.4038347959769));
#2149=CARTESIAN_POINT('Ctrl Pts',(-12.6208074330372,2.799980157,-18.1183661392346));
#2150=CARTESIAN_POINT('Ctrl Pts',(-12.7824595644883,2.799980157,-17.827544454465));
#2151=CARTESIAN_POINT('Ctrl Pts',(-12.939541720633,2.799980157,-17.5449444238488));
#2152=CARTESIAN_POINT('Ctrl Pts',(-13.0871863619422,2.799980157,-17.2572892079794));
#2153=CARTESIAN_POINT('Ctrl Pts',(-13.2250312224451,2.799980157,-16.9649699006371));
#2154=CARTESIAN_POINT('Ctrl Pts',(-13.367088237428,2.799980157,-16.6637181305572));
#2155=CARTESIAN_POINT('Ctrl Pts',(-13.4987377986323,2.799980157,-16.3575124162256));
#2156=CARTESIAN_POINT('Ctrl Pts',(-13.6198649611077,2.799980157,-16.0469264715612));
#2157=CARTESIAN_POINT('Ctrl Pts',(-13.7407328651094,2.799980157,-15.7370052996558));
#2158=CARTESIAN_POINT('Ctrl Pts',(-13.8511234715183,2.799980157,-15.4227220362372));
#2159=CARTESIAN_POINT('Ctrl Pts',(-13.9508719960805,2.799980157,-15.1046358947485));
#2160=CARTESIAN_POINT('Ctrl Pts',(-14.0139363577368,2.799980157,-14.9035311711169));
#2161=CARTESIAN_POINT('Ctrl Pts',(-14.072745859077,2.799980157,-14.7009061766989));
#2162=CARTESIAN_POINT('Ctrl Pts',(-14.1272480857634,2.799980157,-14.4969016196726));
#2163=CARTESIAN_POINT('Ctrl Pts',(-14.137520771861,2.799980157,-14.4584504424596));
#2164=CARTESIAN_POINT('Ctrl Pts',(-14.1476409351225,2.799980157,-14.4199480745727));
#2165=CARTESIAN_POINT('Ctrl Pts',(-14.1576025969473,2.799980157,-14.3814176147432));
#2166=CARTESIAN_POINT('Ctrl Pts',(-14.2404444387924,2.799980157,-14.0609957498416));
#2167=CARTESIAN_POINT('Ctrl Pts',(-14.3124180000224,2.799980157,-13.7383045815303));
#2168=CARTESIAN_POINT('Ctrl Pts',(-14.3734880133288,2.799980157,-13.4139235713927));
#2169=CARTESIAN_POINT('Ctrl Pts',(-14.4350177609995,2.799980157,-13.0871006247063));
#2170=CARTESIAN_POINT('Ctrl Pts',(-14.4854793357964,2.799980157,-12.7585617245406));
#2171=CARTESIAN_POINT('Ctrl Pts',(-14.5247868626796,2.799980157,-12.4288824846023));
#2172=CARTESIAN_POINT('Ctrl Pts',(-14.5640248349603,2.799980157,-12.0997866115231));
#2173=CARTESIAN_POINT('Ctrl Pts',(-14.5921482870558,2.799980157,-11.7695538383494));
#2174=CARTESIAN_POINT('Ctrl Pts',(-14.6090206311749,2.799980157,-11.4387486169616));
#2175=CARTESIAN_POINT('Ctrl Pts',(-14.6257226558789,2.799980157,-11.1112827390218));
#2176=CARTESIAN_POINT('Ctrl Pts',(-14.6313995991448,2.799980157,-10.7832553479229));
#2177=CARTESIAN_POINT('Ctrl Pts',(-14.6258680684392,2.799980157,-10.4552146231036));
#2178=CARTESIAN_POINT('Ctrl Pts',(-14.6239968086886,2.799980157,-10.3442418313718));
#2179=CARTESIAN_POINT('Ctrl Pts',(-14.6208424171922,2.799980157,-10.2332675568098));
#2180=CARTESIAN_POINT('Ctrl Pts',(-14.6163964476625,2.799980157,-10.1223132122868));
#2181=CARTESIAN_POINT('Ctrl Pts',(-14.6047239453885,2.799980157,-9.83101233176718));
#2182=CARTESIAN_POINT('Ctrl Pts',(-14.5841509448328,2.799980157,-9.53984814966873));
#2183=CARTESIAN_POINT('Ctrl Pts',(-14.5547558526327,2.799980157,-9.24920233234322));
#2184=CARTESIAN_POINT('Ctrl Pts',(-14.5415592351762,2.799980157,-9.11871994975877));
#2185=CARTESIAN_POINT('Ctrl Pts',(-14.5265841576603,2.799980157,-8.98834216672681));
#2186=CARTESIAN_POINT('Ctrl Pts',(-14.5098358045448,2.799980157,-8.85810424186102));
#2187=CARTESIAN_POINT('Ctrl Pts',(-14.5042727483017,2.799980157,-8.81484500938524));
#2188=CARTESIAN_POINT('Ctrl Pts',(-14.4985134060835,2.799980157,-8.77159693289448));
#2189=CARTESIAN_POINT('Ctrl Pts',(-14.4925619502425,2.799980157,-8.72838942066607));
#2190=CARTESIAN_POINT('Ctrl Pts',(-14.4477757707652,2.799980157,-8.40324218793684));
#2191=CARTESIAN_POINT('Ctrl Pts',(-14.3920799698411,2.799980157,-8.08010507438802));
#2192=CARTESIAN_POINT('Ctrl Pts',(-14.325728359027,2.799980157,-7.75949845137488));
#2193=CARTESIAN_POINT('Ctrl Pts',(-14.2587961396921,2.799980157,-7.43608636614543));
#2194=CARTESIAN_POINT('Ctrl Pts',(-14.1810206934418,2.799980157,-7.1152486854864));
#2195=CARTESIAN_POINT('Ctrl Pts',(-14.0926096491702,2.799980157,-6.79752282207539));
#2196=CARTESIAN_POINT('Ctrl Pts',(-14.0040256184674,2.799980157,-6.47917529127392));
#2197=CARTESIAN_POINT('Ctrl Pts',(-13.9047641630894,2.799980157,-6.1639511945956));
#2198=CARTESIAN_POINT('Ctrl Pts',(-13.794983456753,2.799980157,-5.85240293689729));
#2199=CARTESIAN_POINT('Ctrl Pts',(-13.6857566546342,2.799980157,-5.54242661200661));
#2200=CARTESIAN_POINT('Ctrl Pts',(-13.5661162745048,2.799980157,-5.23608858245388));
#2201=CARTESIAN_POINT('Ctrl Pts',(-13.4361708931165,2.799980157,-4.93395295424467));
#2202=CARTESIAN_POINT('Ctrl Pts',(-13.308223754823,2.799980157,-4.63646343524168));
#2203=CARTESIAN_POINT('Ctrl Pts',(-13.1702858479659,2.799980157,-4.3430476036152));
#2204=CARTESIAN_POINT('Ctrl Pts',(-13.0224185383113,2.799980157,-4.05427077288394));
#2205=CARTESIAN_POINT('Ctrl Pts',(-12.9194028391574,2.799980157,-3.85308670328327));
#2206=CARTESIAN_POINT('Ctrl Pts',(-12.8115669477016,2.799980157,-3.65415475860579));
#2207=CARTESIAN_POINT('Ctrl Pts',(-12.6989201525935,2.799980157,-3.45767578798267));
#2208=CARTESIAN_POINT('Origin',(-0.000150480352904547,2.799980157,-10.4999360340885));
#2209=CARTESIAN_POINT('Origin',(-0.000150480352904547,4.2864153590504,-10.4999360340885));
#2210=CARTESIAN_POINT('Ctrl Pts',(-12.6989201525935,2.799980157,-3.45767578798263));
#2211=CARTESIAN_POINT('Ctrl Pts',(-13.8268851597139,2.78086116676347,-5.49164887662133));
#2212=CARTESIAN_POINT('Ctrl Pts',(-15.0868346737526,2.7426231862904,-10.1096285696219));
#2213=CARTESIAN_POINT('Ctrl Pts',(-13.5582153989429,2.6852662155808,-17.1281019018133));
#2214=CARTESIAN_POINT('Ctrl Pts',(-8.95939470058501,2.6279092448712,-22.6441736454119));
#2215=CARTESIAN_POINT('Ctrl Pts',(-2.33121757034469,2.5705522741616,-25.410368356822));
#2216=CARTESIAN_POINT('Ctrl Pts',(4.82479532152427,2.513195303452,-24.7992989880506));
#2217=CARTESIAN_POINT('Ctrl Pts',(10.432333838064,2.4601496650816,-21.2391527347555));
#2218=CARTESIAN_POINT('Ctrl Pts',(12.7245761118192,2.42622301694773,-17.7200591675785));
#2219=CARTESIAN_POINT('Ctrl Pts',(13.4154269200943,2.4114153590504,-16.0565137363883));
#2220=CARTESIAN_POINT('Ctrl Pts',(-13.0778084304371,3.05011716112641,-3.2475585935109));
#2221=CARTESIAN_POINT('Ctrl Pts',(-14.2394280930908,3.03099817088987,-5.34221855029709));
#2222=CARTESIAN_POINT('Ctrl Pts',(-15.5369702333339,2.99276019041681,-10.0979831168058));
#2223=CARTESIAN_POINT('Ctrl Pts',(-13.96274213661,2.93540321970721,-17.325863922521));
#2224=CARTESIAN_POINT('Ctrl Pts',(-9.22670820425497,2.8780462489976,-23.0065165646899));
#2225=CARTESIAN_POINT('Ctrl Pts',(-2.40076871727159,2.820689278288,-25.8552451575261));
#2226=CARTESIAN_POINT('Ctrl Pts',(4.96875536275238,2.7633323075784,-25.2259435484077));
#2227=CARTESIAN_POINT('Ctrl Pts',(11.212959880622,2.7059753368688,-21.2615871282898));
#2228=CARTESIAN_POINT('Ctrl Pts',(14.9175480072298,2.64861836615921,-14.8598180356149));
#2229=CARTESIAN_POINT('Ctrl Pts',(15.2435324066077,2.5912613954496,-7.4706418584202));
#2230=CARTESIAN_POINT('Ctrl Pts',(12.1170622443098,2.53390442474001,-0.767534291875145));
#2231=CARTESIAN_POINT('Ctrl Pts',(6.24624261594,2.47654745403041,3.73133297693088));
#2232=CARTESIAN_POINT('Ctrl Pts',(-1.03928571894116,2.41919048332081,5.00705210195723));
#2233=CARTESIAN_POINT('Ctrl Pts',(-8.08946591272221,2.36183351261121,2.77068699917164));
#2234=CARTESIAN_POINT('Ctrl Pts',(-13.3075473203713,2.30447654190161,-2.47125867733424));
#2235=CARTESIAN_POINT('Ctrl Pts',(-15.5117182629115,2.247119571192,-9.53157049696749));
#2236=CARTESIAN_POINT('Ctrl Pts',(-14.2027699391697,2.18976260048241,-16.8112012070863));
#2237=CARTESIAN_POINT('Ctrl Pts',(-9.67715785022602,2.1324056297728,-22.6614325037283));
#2238=CARTESIAN_POINT('Ctrl Pts',(-2.95986003257316,2.0750486590632,-25.7572813684896));
#2239=CARTESIAN_POINT('Ctrl Pts',(4.42776414504887,2.0176916883536,-25.3975882010507));
#2240=CARTESIAN_POINT('Ctrl Pts',(10.812537275106,1.960334717644,-21.6638175758644));
#2241=CARTESIAN_POINT('Ctrl Pts',(14.7484113283155,1.9029777469344,-15.4016083469099));
#2242=CARTESIAN_POINT('Ctrl Pts',(15.3439747211582,1.8456207762248,-8.02924937711623));
#2243=CARTESIAN_POINT('Ctrl Pts',(12.4643414238985,1.7882638055152,-1.21646139233318));
#2244=CARTESIAN_POINT('Ctrl Pts',(6.76170294842584,1.73090683480561,3.49377045501766));
#2245=CARTESIAN_POINT('Ctrl Pts',(-0.47238755169659,1.673549864096,5.03465235845878));
#2246=CARTESIAN_POINT('Ctrl Pts',(-7.59952088002997,1.61619289338641,3.0572044245435));
#2247=CARTESIAN_POINT('Ctrl Pts',(-13.0055259814279,1.5588359226768,-1.99072342439346));
#2248=CARTESIAN_POINT('Ctrl Pts',(-15.4660108925964,1.5014789519672,-8.96583664269839));
#2249=CARTESIAN_POINT('Ctrl Pts',(-14.4237546106434,1.4441219812576,-16.2884265224105));
#2250=CARTESIAN_POINT('Ctrl Pts',(-10.114731870027,1.386765010548,-22.2999600129238));
#2251=CARTESIAN_POINT('Ctrl Pts',(-3.51502836006201,1.3294080398384,-25.6390945208236));
#2252=CARTESIAN_POINT('Ctrl Pts',(3.88095885232673,1.2720510691288,-25.5492188857297));
#2253=CARTESIAN_POINT('Ctrl Pts',(10.3974858466644,1.2146940984192,-22.0514041705874));
#2254=CARTESIAN_POINT('Ctrl Pts',(14.5600491216348,1.1573371277096,-15.9363798841262));
#2255=CARTESIAN_POINT('Ctrl Pts',(15.1348080345464,1.11909914723653,-11.0404055776378));
#2256=CARTESIAN_POINT('Ctrl Pts',(14.8406393538986,1.099980157,-8.66334323883525));
#2257=CARTESIAN_POINT('Ctrl Pts',(-12.9515123378226,2.96673815975094,-3.31759765833481));
#2258=CARTESIAN_POINT('Ctrl Pts',(-14.1019137819652,2.94761916951441,-5.39202865907184));
#2259=CARTESIAN_POINT('Ctrl Pts',(-15.3869250468068,2.90938118904134,-10.1018649344111));
#2260=CARTESIAN_POINT('Ctrl Pts',(-13.8278998907209,2.85202421833174,-17.2599432489518));
#2261=CARTESIAN_POINT('Ctrl Pts',(-9.13760370303165,2.79466724762214,-22.8857355915972));
#2262=CARTESIAN_POINT('Ctrl Pts',(-2.37758500162929,2.73731027691253,-25.7069528906247));
#2263=CARTESIAN_POINT('Ctrl Pts',(4.92076868234301,2.67995330620294,-25.0837286949553));
#2264=CARTESIAN_POINT('Ctrl Pts',(11.104670458307,2.62259633549333,-21.1576576258922));
#2265=CARTESIAN_POINT('Ctrl Pts',(14.7734819185636,2.56523936478374,-14.8177129382684));
#2266=CARTESIAN_POINT('Ctrl Pts',(15.0963181582288,2.50788239407413,-7.49989694516642));
#2267=CARTESIAN_POINT('Ctrl Pts',(12.0000415494464,2.45052542336454,-0.861523927977272));
#2268=CARTESIAN_POINT('Ctrl Pts',(6.18591873807078,2.39316845265494,3.59389600802569));
#2269=CARTESIAN_POINT('Ctrl Pts',(-1.02925038074584,2.33581148194534,4.85729501110213));
#2270=CARTESIAN_POINT('Ctrl Pts',(-8.01134420813762,2.27845451123574,2.64252736676203));
#2271=CARTESIAN_POINT('Ctrl Pts',(-13.1790325488288,2.22109754052614,-2.54879477614423));
#2272=CARTESIAN_POINT('Ctrl Pts',(-15.3619169446066,2.16374056981654,-9.54092238428767));
#2273=CARTESIAN_POINT('Ctrl Pts',(-14.065609650272,2.10638359910693,-16.7502508340266));
#2274=CARTESIAN_POINT('Ctrl Pts',(-9.58370317939107,2.04902662839733,-22.5439841433014));
#2275=CARTESIAN_POINT('Ctrl Pts',(-2.931276951937,1.99166965768773,-25.6099351764757));
#2276=CARTESIAN_POINT('Ctrl Pts',(4.38500202986329,1.93431268697813,-25.2537157075966));
#2277=CARTESIAN_POINT('Ctrl Pts',(10.7081148915731,1.87695571626853,-21.5560035756421));
#2278=CARTESIAN_POINT('Ctrl Pts',(14.6059786591611,1.81959874555893,-15.3542709671781));
#2279=CARTESIAN_POINT('Ctrl Pts',(15.195790461795,1.76224177484934,-8.05310977108292));
#2280=CARTESIAN_POINT('Ctrl Pts',(12.3439669172444,1.70488480413974,-1.30611556264526));
#2281=CARTESIAN_POINT('Ctrl Pts',(6.69640106714506,1.64752783343014,3.35862772093525));
#2282=CARTESIAN_POINT('Ctrl Pts',(-0.46782697233857,1.59017086272054,4.88462872105806));
#2283=CARTESIAN_POINT('Ctrl Pts',(-7.52613076755928,1.53281389201094,2.9262777805307));
#2284=CARTESIAN_POINT('Ctrl Pts',(-12.8799279488872,1.47545692130134,-2.07290024136886));
#2285=CARTESIAN_POINT('Ctrl Pts',(-15.3166509883655,1.41809995059173,-8.98065204462696));
#2286=CARTESIAN_POINT('Ctrl Pts',(-14.2844601857526,1.36074297988213,-16.2325247903418));
#2287=CARTESIAN_POINT('Ctrl Pts',(-10.0170513745726,1.30338600917253,-22.1860025346832));
#2288=CARTESIAN_POINT('Ctrl Pts',(-3.48108380027012,1.24602903846293,-25.4928897057379));
#2289=CARTESIAN_POINT('Ctrl Pts',(3.8434774511769,1.18867206775333,-25.4038820350437));
#2290=CARTESIAN_POINT('Ctrl Pts',(10.2970717782172,1.13131509704373,-21.9398470939939));
#2291=CARTESIAN_POINT('Ctrl Pts',(14.4194355404845,1.07395812633413,-15.8838780050742));
#2292=CARTESIAN_POINT('Ctrl Pts',(14.9886437802425,1.03572014586106,-11.0351860504267));
#2293=CARTESIAN_POINT('Ctrl Pts',(14.6973160023831,1.01660115562453,-8.68107993868241));
#2294=CARTESIAN_POINT('Ctrl Pts',(-12.825216245208,2.88335915837547,-3.38763672315872));
#2295=CARTESIAN_POINT('Ctrl Pts',(-13.9643994708395,2.86424016813894,-5.44183876784658));
#2296=CARTESIAN_POINT('Ctrl Pts',(-15.2368798602797,2.82600218766587,-10.1057467520165));
#2297=CARTESIAN_POINT('Ctrl Pts',(-13.6930576448319,2.76864521695627,-17.1940225753826));
#2298=CARTESIAN_POINT('Ctrl Pts',(-9.04849920180833,2.71128824624667,-22.7649546185046));
#2299=CARTESIAN_POINT('Ctrl Pts',(-2.35440128598699,2.65393127553707,-25.5586606237234));
#2300=CARTESIAN_POINT('Ctrl Pts',(4.87278200193364,2.59657430482747,-24.941513841503));
#2301=CARTESIAN_POINT('Ctrl Pts',(10.9963810359921,2.53921733411787,-21.0537281234946));
#2302=CARTESIAN_POINT('Ctrl Pts',(14.6294158298973,2.48186036340827,-14.7756078409218));
#2303=CARTESIAN_POINT('Ctrl Pts',(14.9491039098499,2.42450339269867,-7.52915203191262));
#2304=CARTESIAN_POINT('Ctrl Pts',(11.883020854583,2.36714642198907,-0.955513564079411));
#2305=CARTESIAN_POINT('Ctrl Pts',(6.12559486020157,2.30978945127947,3.45645903912052));
#2306=CARTESIAN_POINT('Ctrl Pts',(-1.01921504255053,2.25243248056987,4.70753792024701));
#2307=CARTESIAN_POINT('Ctrl Pts',(-7.93322250355302,2.19507550986027,2.51436773435242));
#2308=CARTESIAN_POINT('Ctrl Pts',(-13.0505177772863,2.13771853915067,-2.62633087495423));
#2309=CARTESIAN_POINT('Ctrl Pts',(-15.2121156263017,2.08036156844107,-9.55027427160784));
#2310=CARTESIAN_POINT('Ctrl Pts',(-13.9284493613742,2.02300459773147,-16.689300460967));
#2311=CARTESIAN_POINT('Ctrl Pts',(-9.49024850855612,1.96564762702186,-22.4265357828746));
#2312=CARTESIAN_POINT('Ctrl Pts',(-2.90269387130083,1.90829065631226,-25.4625889844617));
#2313=CARTESIAN_POINT('Ctrl Pts',(4.34223991467771,1.85093368560266,-25.1098432141426));
#2314=CARTESIAN_POINT('Ctrl Pts',(10.6036925080403,1.79357671489306,-21.4481895754198));
#2315=CARTESIAN_POINT('Ctrl Pts',(14.4635459900067,1.73621974418346,-15.3069335874462));
#2316=CARTESIAN_POINT('Ctrl Pts',(15.0476062024317,1.67886277347387,-8.0769701650496));
#2317=CARTESIAN_POINT('Ctrl Pts',(12.2235924105902,1.62150580276427,-1.39576973295734));
#2318=CARTESIAN_POINT('Ctrl Pts',(6.63109918586429,1.56414883205467,3.22348498685284));
#2319=CARTESIAN_POINT('Ctrl Pts',(-0.46326639298055,1.50679186134507,4.73460508365734));
#2320=CARTESIAN_POINT('Ctrl Pts',(-7.45274065508859,1.44943489063547,2.7953511365179));
#2321=CARTESIAN_POINT('Ctrl Pts',(-12.7543299163465,1.39207791992587,-2.15507705834426));
#2322=CARTESIAN_POINT('Ctrl Pts',(-15.1672910841347,1.33472094921627,-8.99546744655553));
#2323=CARTESIAN_POINT('Ctrl Pts',(-14.1451657608619,1.27736397850666,-16.1766230582731));
#2324=CARTESIAN_POINT('Ctrl Pts',(-9.91937087911817,1.22000700779706,-22.0720450564425));
#2325=CARTESIAN_POINT('Ctrl Pts',(-3.44713924047822,1.16265003708746,-25.3466848906521));
#2326=CARTESIAN_POINT('Ctrl Pts',(3.80599605002707,1.10529306637786,-25.2585451843578));
#2327=CARTESIAN_POINT('Ctrl Pts',(10.1966577097699,1.04793609566826,-21.8282900174004));
#2328=CARTESIAN_POINT('Ctrl Pts',(14.2788219593343,0.990579124958662,-15.8313761260223));
#2329=CARTESIAN_POINT('Ctrl Pts',(14.8424795259387,0.952341144485597,-11.0299665232156));
#2330=CARTESIAN_POINT('Ctrl Pts',(14.5539926508676,0.933222154249064,-8.69881663852958));
#2331=CARTESIAN_POINT('Ctrl Pts',(-12.6989201525935,2.799980157,-3.45767578798263));
#2332=CARTESIAN_POINT('Ctrl Pts',(-13.8268851597139,2.78086116676347,-5.49164887662133));
#2333=CARTESIAN_POINT('Ctrl Pts',(-15.0868346737526,2.7426231862904,-10.1096285696219));
#2334=CARTESIAN_POINT('Ctrl Pts',(-13.5582153989429,2.6852662155808,-17.1281019018133));
#2335=CARTESIAN_POINT('Ctrl Pts',(-8.95939470058501,2.6279092448712,-22.6441736454119));
#2336=CARTESIAN_POINT('Ctrl Pts',(-2.33121757034469,2.5705522741616,-25.410368356822));
#2337=CARTESIAN_POINT('Ctrl Pts',(4.82479532152427,2.513195303452,-24.7992989880506));
#2338=CARTESIAN_POINT('Ctrl Pts',(10.8880916136771,2.45583833274239,-20.9497986210969));
#2339=CARTESIAN_POINT('Ctrl Pts',(14.4853497412311,2.3984813620328,-14.7335027435753));
#2340=CARTESIAN_POINT('Ctrl Pts',(14.8018896614709,2.3411243913232,-7.55840711865882));
#2341=CARTESIAN_POINT('Ctrl Pts',(11.7660001597197,2.2837674206136,-1.04950320018155));
#2342=CARTESIAN_POINT('Ctrl Pts',(6.06527098233235,2.226410449904,3.31902207021534));
#2343=CARTESIAN_POINT('Ctrl Pts',(-1.00917970435521,2.16905347919441,4.55778082939191));
#2344=CARTESIAN_POINT('Ctrl Pts',(-7.85510079896843,2.1116965084848,2.38620810194281));
#2345=CARTESIAN_POINT('Ctrl Pts',(-12.9220030057439,2.0543395377752,-2.70386697376422));
#2346=CARTESIAN_POINT('Ctrl Pts',(-15.0623143079968,1.9969825670656,-9.55962615892802));
#2347=CARTESIAN_POINT('Ctrl Pts',(-13.7912890724764,1.939625596356,-16.6283500879074));
#2348=CARTESIAN_POINT('Ctrl Pts',(-9.39679383772116,1.88226862564639,-22.3090874224476));
#2349=CARTESIAN_POINT('Ctrl Pts',(-2.87411079066468,1.8249116549368,-25.3152427924478));
#2350=CARTESIAN_POINT('Ctrl Pts',(4.29947779949214,1.76755468422719,-24.9659707206885));
#2351=CARTESIAN_POINT('Ctrl Pts',(10.4992701245074,1.7101977135176,-21.3403755751974));
#2352=CARTESIAN_POINT('Ctrl Pts',(14.3211133208523,1.652840742808,-15.2595962077144));
#2353=CARTESIAN_POINT('Ctrl Pts',(14.8994219430684,1.5954837720984,-8.10083055901628));
#2354=CARTESIAN_POINT('Ctrl Pts',(12.1032179039361,1.5381268013888,-1.48542390326942));
#2355=CARTESIAN_POINT('Ctrl Pts',(6.5657973045835,1.4807698306792,3.08834225277042));
#2356=CARTESIAN_POINT('Ctrl Pts',(-0.458705813622525,1.4234128599696,4.58458144625662));
#2357=CARTESIAN_POINT('Ctrl Pts',(-7.37935054261789,1.36605588926,2.6644244925051));
#2358=CARTESIAN_POINT('Ctrl Pts',(-12.6287318838058,1.3086989185504,-2.23725387531966));
#2359=CARTESIAN_POINT('Ctrl Pts',(-15.0179311799038,1.2513419478408,-9.01028284848411));
#2360=CARTESIAN_POINT('Ctrl Pts',(-14.0058713359712,1.19398497713119,-16.1207213262045));
#2361=CARTESIAN_POINT('Ctrl Pts',(-9.82169038366374,1.13662800642159,-21.9580875782019));
#2362=CARTESIAN_POINT('Ctrl Pts',(-3.41319468068633,1.07927103571199,-25.2004800755663));
#2363=CARTESIAN_POINT('Ctrl Pts',(3.76851464887725,1.02191406500239,-25.1132083336718));
#2364=CARTESIAN_POINT('Ctrl Pts',(10.0962436413227,0.964557094292793,-21.7167329408069));
#2365=CARTESIAN_POINT('Ctrl Pts',(14.1382083781841,0.907200123583194,-15.7788742469703));
#2366=CARTESIAN_POINT('Ctrl Pts',(14.6963152716348,0.868962143110128,-11.0247469960046));
#2367=CARTESIAN_POINT('Ctrl Pts',(14.4106692993521,0.849843152873595,-8.71655333837674));
#2368=CARTESIAN_POINT('Origin',(-0.000150480352904547,0.499980157000002,
-10.4999360340885));
#2369=CARTESIAN_POINT('',(9.10006291488327,0.499980157000001,-14.2693678428847));
#2370=CARTESIAN_POINT('Origin',(-0.000150480352904547,0.499980157000002,
-10.4999360340885));
#2371=CARTESIAN_POINT('Origin',(-0.000150480352905658,2.899980157,-10.4999360340885));
#2372=CARTESIAN_POINT('',(-10.0710179684172,2.899980157,-7.3566689380714));
#2373=CARTESIAN_POINT('',(-10.0710179685101,2.899980157,-13.643203129577));
#2374=CARTESIAN_POINT('Origin',(-0.000150480352905658,2.899980157,-10.4999360340885));
#2375=CARTESIAN_POINT('',(-12.2414143006924,2.89998015708942,-13.2974099084462));
#2376=CARTESIAN_POINT('Origin',(-11.4377790927258,2.899980157,-15.2375569267199));
#2377=CARTESIAN_POINT('',(-9.34395465196044,2.899980157,-15.3984892490952));
#2378=CARTESIAN_POINT('Origin',(-11.4377790927258,2.899980157,-15.2375569267199));
#2379=CARTESIAN_POINT('',(-4.89870369492001,2.899980157,-19.8437402060041));
#2380=CARTESIAN_POINT('Origin',(-0.000150480352905658,2.899980157,-10.4999360340885));
#2381=CARTESIAN_POINT('',(-6.67791839130642,2.899980157,-21.1339294386116));
#2382=CARTESIAN_POINT('Origin',(-4.73777137303272,2.899980157,-21.9375646465783));
#2383=CARTESIAN_POINT('',(-3.14341757637004,2.899980157,-20.5708035221528));
#2384=CARTESIAN_POINT('Origin',(-4.73777137303272,2.899980157,-21.9375646465783));
#2385=CARTESIAN_POINT('',(3.14311661605946,2.899980157,-20.5708035226284));
#2386=CARTESIAN_POINT('Origin',(-0.000150480352905658,2.899980157,-10.4999360340885));
#2387=CARTESIAN_POINT('',(2.79732339400479,2.89998015708942,-22.7411998544281));
#2388=CARTESIAN_POINT('Origin',(4.73747041227849,2.899980157,-21.9375646464614));
#2389=CARTESIAN_POINT('',(4.89840273465372,2.899980157,-19.8437402056961));
#2390=CARTESIAN_POINT('Origin',(4.73747041227849,2.899980157,-21.9375646464614));
#2391=CARTESIAN_POINT('',(9.34365369156272,2.899980157,-15.3984892486556));
#2392=CARTESIAN_POINT('Origin',(-0.000150480352905658,2.899980157,-10.4999360340885));
#2393=CARTESIAN_POINT('',(10.6338429241701,2.899980157,-17.177703945042));
#2394=CARTESIAN_POINT('Origin',(11.4374781321368,2.899980157,-15.2375569267683));
#2395=CARTESIAN_POINT('',(10.0707170077113,2.899980157,-13.6432031301057));
#2396=CARTESIAN_POINT('Origin',(11.4374781321368,2.899980157,-15.2375569267683));
#2397=CARTESIAN_POINT('',(10.070717008187,2.899980157,-7.35666893767616));
#2398=CARTESIAN_POINT('Origin',(-0.000150480352905658,2.899980157,-10.4999360340885));
#2399=CARTESIAN_POINT('',(12.2411133399866,2.899980157,-7.70246215973083));
#2400=CARTESIAN_POINT('Origin',(11.4374781320199,2.899980157,-5.76231514145713));
#2401=CARTESIAN_POINT('',(9.34365369217851,2.899980157,-5.60138281946458));
#2402=CARTESIAN_POINT('Origin',(11.4374781320199,2.899980157,-5.76231514145713));
#2403=CARTESIAN_POINT('',(4.81129052285743,2.89998015700001,-1.1109778669009));
#2404=CARTESIAN_POINT('Origin',(-0.000150480352905658,2.899980157,-10.4999360340885));
#2405=CARTESIAN_POINT('',(6.63142345397504,2.89998015708941,0.153191542052769));
#2406=CARTESIAN_POINT('Origin',(4.73747041232691,2.89998015700001,0.937692578401204));
#2407=CARTESIAN_POINT('',(3.23664294821713,2.89998015700001,-0.458737485526981));
#2408=CARTESIAN_POINT('Origin',(4.73747041232691,2.89998015700001,0.937692578401204));
#2409=CARTESIAN_POINT('',(-3.1434175758414,2.89998015700001,-0.429068545931337));
#2410=CARTESIAN_POINT('Origin',(-0.000150480352905658,2.899980157,-10.4999360340885));
#2411=CARTESIAN_POINT('',(-2.7976243547106,2.89998015708943,1.74132778625101));
#2412=CARTESIAN_POINT('Origin',(-4.7377713729843,2.89998015700001,0.937692578284321));
#2413=CARTESIAN_POINT('',(-4.89870369497685,2.899980157,-1.15613186155711));
#2414=CARTESIAN_POINT('Origin',(-4.7377713729843,2.89998015700001,0.937692578284321));
#2415=CARTESIAN_POINT('',(-9.34395465226853,2.899980157,-5.60138281952143));
#2416=CARTESIAN_POINT('Origin',(-0.000150480352905658,2.899980157,-10.4999360340885));
#2417=CARTESIAN_POINT('',(-10.6341438848759,2.89998015700001,-3.82216812313501));
#2418=CARTESIAN_POINT('Origin',(-11.4377790928426,2.899980157,-5.76231514140872));
#2419=CARTESIAN_POINT('Origin',(-11.4377790928426,2.899980157,-5.76231514140872));
#2420=CARTESIAN_POINT('Origin',(-0.000150480352905102,-4.800019843,-10.4999360340885));
#2421=CARTESIAN_POINT('',(9.10006291488327,2.199980157,-14.2693678428847));
#2422=CARTESIAN_POINT('',(-9.10036387558908,2.199980157,-6.73050422529239));
#2423=CARTESIAN_POINT('Origin',(-0.000150480352904547,2.199980157,-10.4999360340885));
#2424=CARTESIAN_POINT('Origin',(-0.000150480352904547,2.199980157,-10.4999360340885));
#2425=CARTESIAN_POINT('',(9.10006291488327,-4.800019843,-14.2693678428847));
#2426=CARTESIAN_POINT('Origin',(4.73747041232691,1.219980157,0.937692578401204));
#2427=CARTESIAN_POINT('',(6.63142345397504,0.919980157000004,0.153191542052769));
#2428=CARTESIAN_POINT('Origin',(4.73747041232691,0.919980157000004,0.937692578401204));
#2429=CARTESIAN_POINT('',(6.63142345397504,1.219980157,0.153191542052769));
#2430=CARTESIAN_POINT('Ctrl Pts',(4.81129052279476,2.89998015708941,-1.1109778663728));
#2431=CARTESIAN_POINT('Ctrl Pts',(4.7461054802591,2.8681614840961,-1.11332669073013));
#2432=CARTESIAN_POINT('Ctrl Pts',(4.67945507261041,2.83887667809051,-1.11259763648631));
#2433=CARTESIAN_POINT('Ctrl Pts',(4.39091413265759,2.72755331096903,-1.09491635148952));
#2434=CARTESIAN_POINT('Ctrl Pts',(4.16099108057591,2.679980157,-1.04242587455916));
#2435=CARTESIAN_POINT('Ctrl Pts',(3.74494767138104,2.679980157,-0.870095051934708));
#2436=CARTESIAN_POINT('Ctrl Pts',(3.5452511499178,2.72755331096903,-0.744631274841813));
#2437=CARTESIAN_POINT('Ctrl Pts',(3.32871933829568,2.83887667799294,-0.553104576240428));
#2438=CARTESIAN_POINT('Ctrl Pts',(3.28107486404664,2.86816148387611,-0.506491140405036));
#2439=CARTESIAN_POINT('Ctrl Pts',(3.23664294821144,2.89998015673103,-0.458737485353057));
#2440=CARTESIAN_POINT('Origin',(4.73747041232691,0.919980157000004,0.937692578401204));
#2441=CARTESIAN_POINT('Origin',(-4.7377713729843,1.21998015700001,0.937692578284321));
#2442=CARTESIAN_POINT('',(-2.7976243547106,0.919980157000005,1.74132778625101));
#2443=CARTESIAN_POINT('Origin',(-4.7377713729843,0.919980157000005,0.937692578284321));
#2444=CARTESIAN_POINT('',(-2.7976243547106,1.21998015700001,1.74132778625101));
#2445=CARTESIAN_POINT('Ctrl Pts',(-4.89870369504983,2.89998015696074,-1.15613186223465));
#2446=CARTESIAN_POINT('Ctrl Pts',(-4.80455274694776,2.84985506358376,-1.16336834797315));
#2447=CARTESIAN_POINT('Ctrl Pts',(-4.70659381546781,2.80433885965916,-1.16444103745239));
#2448=CARTESIAN_POINT('Ctrl Pts',(-4.38128897884379,2.67864663883984,-1.14415959764969));
#2449=CARTESIAN_POINT('Ctrl Pts',(-4.14655258701135,2.62998015687349,-1.09044020284995));
#2450=CARTESIAN_POINT('Ctrl Pts',(-3.72171974302388,2.62998015687349,-0.91446867712881));
#2451=CARTESIAN_POINT('Ctrl Pts',(-3.51775070022376,2.67864663883984,-0.786470331016956));
#2452=CARTESIAN_POINT('Ctrl Pts',(-3.27338430061347,2.80433885969206,-0.570786218647603));
#2453=CARTESIAN_POINT('Ctrl Pts',(-3.20487538183788,2.84985506366176,-0.500760287852));
#2454=CARTESIAN_POINT('Ctrl Pts',(-3.14341757607678,2.89998015708943,-0.429068545792076));
#2455=CARTESIAN_POINT('Origin',(-4.7377713729843,0.919980157000005,0.937692578284321));
#2456=CARTESIAN_POINT('Origin',(-11.4377790928426,1.219980157,-5.76231514140871));
#2457=CARTESIAN_POINT('',(-10.6341438848759,0.919980157000004,-3.82216812313501));
#2458=CARTESIAN_POINT('Origin',(-11.4377790928426,0.919980157000003,-5.76231514140871));
#2459=CARTESIAN_POINT('',(-10.6341438848759,1.219980157,-3.82216812313501));
#2460=CARTESIAN_POINT('',(-9.49763207456893,2.629980157,-6.5659503493754));
#2461=CARTESIAN_POINT('Ctrl Pts',(-9.34395465231003,2.89998015699232,-5.60138281952052));
#2462=CARTESIAN_POINT('Ctrl Pts',(-9.33671816658375,2.84985506365278,-5.69553376756794));
#2463=CARTESIAN_POINT('Ctrl Pts',(-9.33564547710982,2.80433885976149,-5.79349269898705));
#2464=CARTESIAN_POINT('Ctrl Pts',(-9.35592691690848,2.67864663896638,-6.11879753554859));
#2465=CARTESIAN_POINT('Ctrl Pts',(-9.40964631170824,2.629980157,-6.35353392738138));
#2466=CARTESIAN_POINT('Ctrl Pts',(-9.49763207456893,2.629980157,-6.5659503493754));
#2467=CARTESIAN_POINT('Ctrl Pts',(-9.49763207456893,2.629980157,-6.5659503493754));
#2468=CARTESIAN_POINT('Ctrl Pts',(-9.58561783742962,2.629980157,-6.77836677136943));
#2469=CARTESIAN_POINT('Ctrl Pts',(-9.7136161835417,2.67864663896638,-6.9823358141698));
#2470=CARTESIAN_POINT('Ctrl Pts',(-9.9293002958133,2.80433885976149,-7.22670221366911));
#2471=CARTESIAN_POINT('Ctrl Pts',(-9.99932622649866,2.84985506365278,-7.29521113235223));
#2472=CARTESIAN_POINT('Ctrl Pts',(-10.0710179684471,2.89998015699232,-7.35666893804269));
#2473=CARTESIAN_POINT('Origin',(-11.4377790928426,0.919980157000003,-5.76231514140871));
#2474=CARTESIAN_POINT('Origin',(-11.4377790927258,1.219980157,-15.2375569267199));
#2475=CARTESIAN_POINT('',(-12.2414143006924,0.919980157000001,-13.2974099084462));
#2476=CARTESIAN_POINT('Origin',(-11.4377790927258,0.919980157000001,-15.2375569267199));
#2477=CARTESIAN_POINT('',(-12.2414143006924,1.219980157,-13.2974099084462));
#2478=CARTESIAN_POINT('Ctrl Pts',(-10.0710179686494,2.89998015708942,-13.6432031298124));
#2479=CARTESIAN_POINT('Ctrl Pts',(-9.99932622658943,2.84985506366176,-13.7046609355735));
#2480=CARTESIAN_POINT('Ctrl Pts',(-9.92930029579383,2.80433885969205,-13.7731698543491));
#2481=CARTESIAN_POINT('Ctrl Pts',(-9.71361618342447,2.67864663883983,-14.0175362539594));
#2482=CARTESIAN_POINT('Ctrl Pts',(-9.58561783731262,2.62998015687349,-14.2215052967595));
#2483=CARTESIAN_POINT('Ctrl Pts',(-9.40964631159148,2.62998015687349,-14.646338140747));
#2484=CARTESIAN_POINT('Ctrl Pts',(-9.35592691679174,2.67864663883983,-14.8810745325794));
#2485=CARTESIAN_POINT('Ctrl Pts',(-9.33564547698373,2.80433885969205,-15.2063793692886));
#2486=CARTESIAN_POINT('Ctrl Pts',(-9.33671816647023,2.84985506366176,-15.304338300851));
#2487=CARTESIAN_POINT('Ctrl Pts',(-9.34395465222536,2.89998015708942,-15.3984892490272));
#2488=CARTESIAN_POINT('Origin',(-11.4377790927258,0.919980157000001,-15.2375569267199));
#2489=CARTESIAN_POINT('Origin',(-4.73777137303272,1.219980157,-21.9375646465783));
#2490=CARTESIAN_POINT('',(-6.67791839130642,0.919980157,-21.1339294386116));
#2491=CARTESIAN_POINT('Origin',(-4.73777137303272,0.919980157,-21.9375646465783));
#2492=CARTESIAN_POINT('',(-6.67791839130642,1.219980157,-21.1339294386116));
#2493=CARTESIAN_POINT('Ctrl Pts',(-3.14341757639875,2.89998015699231,-20.5708035221828));
#2494=CARTESIAN_POINT('Ctrl Pts',(-3.2048753820892,2.84985506365277,-20.4991117802343));
#2495=CARTESIAN_POINT('Ctrl Pts',(-3.27338430077232,2.80433885976148,-20.4290858495489));
#2496=CARTESIAN_POINT('Ctrl Pts',(-3.51775070027163,2.67864663896638,-20.2134017372773));
#2497=CARTESIAN_POINT('Ctrl Pts',(-3.721719743072,2.629980157,-20.0854033911653));
#2498=CARTESIAN_POINT('Ctrl Pts',(-4.14655258706005,2.629980157,-19.9094318654439));
#2499=CARTESIAN_POINT('Ctrl Pts',(-4.38128897889284,2.67864663896638,-19.8557124706441));
#2500=CARTESIAN_POINT('Ctrl Pts',(-4.70659381545438,2.80433885976148,-19.8354310308454));
#2501=CARTESIAN_POINT('Ctrl Pts',(-4.8045527468735,2.84985506365277,-19.8365037203194));
#2502=CARTESIAN_POINT('Ctrl Pts',(-4.89870369492091,2.89998015699231,-19.8437402060457));
#2503=CARTESIAN_POINT('Origin',(-4.73777137303272,0.919980157,-21.9375646465783));
#2504=CARTESIAN_POINT('Origin',(4.73747041227849,1.219980157,-21.9375646464614));
#2505=CARTESIAN_POINT('',(2.79732339400479,0.919980156999999,-22.7411998544281));
#2506=CARTESIAN_POINT('Origin',(4.73747041227849,0.919980156999999,-21.9375646464614));
#2507=CARTESIAN_POINT('',(2.79732339400479,1.219980157,-22.7411998544281));
#2508=CARTESIAN_POINT('Ctrl Pts',(4.89840273458575,2.89998015708942,-19.843740205961));
#2509=CARTESIAN_POINT('Ctrl Pts',(4.80425178640958,2.84985506366175,-19.8365037202058));
#2510=CARTESIAN_POINT('Ctrl Pts',(4.70629285484713,2.80433885969205,-19.8354310307193));
#2511=CARTESIAN_POINT('Ctrl Pts',(4.38098801813798,2.67864663883983,-19.8557124705274));
#2512=CARTESIAN_POINT('Ctrl Pts',(4.14625162630554,2.62998015687349,-19.9094318653271));
#2513=CARTESIAN_POINT('Ctrl Pts',(3.72141878231807,2.62998015687349,-20.0854033910482));
#2514=CARTESIAN_POINT('Ctrl Pts',(3.51744973951796,2.67864663883983,-20.2134017371601));
#2515=CARTESIAN_POINT('Ctrl Pts',(3.27308333997161,2.80433885965916,-20.429085849473));
#2516=CARTESIAN_POINT('Ctrl Pts',(3.20457442124922,2.84985506358375,-20.4991117802051));
#2517=CARTESIAN_POINT('Ctrl Pts',(3.14311661552876,2.89998015696073,-20.5708035222009));
#2518=CARTESIAN_POINT('Origin',(4.73747041227849,0.919980156999999,-21.9375646464614));
#2519=CARTESIAN_POINT('Origin',(11.4374781321368,1.219980157,-15.2375569267683));
#2520=CARTESIAN_POINT('',(10.6338429241701,0.919980157000001,-17.177703945042));
#2521=CARTESIAN_POINT('Origin',(11.4374781321368,0.919980157000001,-15.2375569267683));
#2522=CARTESIAN_POINT('',(10.6338429241701,1.219980157,-17.177703945042));
#2523=CARTESIAN_POINT('Ctrl Pts',(9.34365369160423,2.89998015699236,-15.3984892486566));
#2524=CARTESIAN_POINT('Ctrl Pts',(9.33641720587794,2.8498550636528,-15.3043383006092));
#2525=CARTESIAN_POINT('Ctrl Pts',(9.33534451640401,2.80433885976149,-15.20637936919));
#2526=CARTESIAN_POINT('Ctrl Pts',(9.35562595620267,2.67864663896638,-14.8810745326285));
#2527=CARTESIAN_POINT('Ctrl Pts',(9.40934535100243,2.629980157,-14.6463381407957));
#2528=CARTESIAN_POINT('Ctrl Pts',(9.58531687672382,2.629980157,-14.2215052968076));
#2529=CARTESIAN_POINT('Ctrl Pts',(9.7133152228359,2.67864663896638,-14.0175362540073));
#2530=CARTESIAN_POINT('Ctrl Pts',(9.92899933510751,2.80433885976149,-13.7731698545079));
#2531=CARTESIAN_POINT('Ctrl Pts',(9.99902526579289,2.8498550636528,-13.7046609358248));
#2532=CARTESIAN_POINT('Ctrl Pts',(10.0707170077414,2.89998015699236,-13.6432031301343));
#2533=CARTESIAN_POINT('Origin',(11.4374781321368,0.919980157000001,-15.2375569267683));
#2534=CARTESIAN_POINT('Origin',(11.4374781320199,1.219980157,-5.76231514145713));
#2535=CARTESIAN_POINT('',(12.2411133399866,0.919980157000003,-7.70246215973083));
#2536=CARTESIAN_POINT('Origin',(11.4374781320199,0.919980157000004,-5.76231514145713));
#2537=CARTESIAN_POINT('',(12.2411133399866,1.219980157,-7.70246215973083));
#2538=CARTESIAN_POINT('Ctrl Pts',(9.34365369150097,2.89998015696073,-5.6013828193916));
#2539=CARTESIAN_POINT('Ctrl Pts',(9.33641720576247,2.84985506358376,-5.69553376749366));
#2540=CARTESIAN_POINT('Ctrl Pts',(9.33534451628323,2.80433885965916,-5.79349269897362));
#2541=CARTESIAN_POINT('Ctrl Pts',(9.35562595608593,2.67864663883984,-6.11879753559764));
#2542=CARTESIAN_POINT('Ctrl Pts',(9.40934535088567,2.62998015687349,-6.35353392743008));
#2543=CARTESIAN_POINT('Ctrl Pts',(9.58531687660681,2.62998015687349,-6.77836677141755));
#2544=CARTESIAN_POINT('Ctrl Pts',(9.71331522271866,2.67864663883984,-6.98233581421767));
#2545=CARTESIAN_POINT('Ctrl Pts',(9.92899933503157,2.80433885965916,-7.22670221376401));
#2546=CARTESIAN_POINT('Ctrl Pts',(9.99902526576371,2.84985506358376,-7.2952111324864));
#2547=CARTESIAN_POINT('Ctrl Pts',(10.0707170077595,2.89998015696073,-7.35666893820686));
#2548=CARTESIAN_POINT('Origin',(11.4374781320199,0.919980157000004,-5.76231514145713));
#2549=CARTESIAN_POINT('Origin',(-0.000150480352905658,2.899980157,-10.4999360340885));
#2550=CARTESIAN_POINT('',(-9.74707954834698,2.899980157,-6.46262582263683));
#2551=UNCERTAINTY_MEASURE_WITH_UNIT(LENGTH_MEASURE(0.01),#2555,
'DISTANCE_ACCURACY_VALUE',
'Maximum model space distance between geometric entities at asserted c
onnectivities');
#2552=UNCERTAINTY_MEASURE_WITH_UNIT(LENGTH_MEASURE(0.01),#2555,
'DISTANCE_ACCURACY_VALUE',
'Maximum model space distance between geometric entities at asserted c
onnectivities');
#2553=(
GEOMETRIC_REPRESENTATION_CONTEXT(3)
GLOBAL_UNCERTAINTY_ASSIGNED_CONTEXT((#2551))
GLOBAL_UNIT_ASSIGNED_CONTEXT((#2555,#2557,#2558))
REPRESENTATION_CONTEXT('','3D')
);
#2554=(
GEOMETRIC_REPRESENTATION_CONTEXT(3)
GLOBAL_UNCERTAINTY_ASSIGNED_CONTEXT((#2552))
GLOBAL_UNIT_ASSIGNED_CONTEXT((#2555,#2557,#2558))
REPRESENTATION_CONTEXT('','3D')
);
#2555=(
LENGTH_UNIT()
NAMED_UNIT(*)
SI_UNIT(.MILLI.,.METRE.)
);
#2556=(
LENGTH_UNIT()
NAMED_UNIT(*)
SI_UNIT($,.METRE.)
);
#2557=(
NAMED_UNIT(*)
PLANE_ANGLE_UNIT()
SI_UNIT($,.RADIAN.)
);
#2558=(
NAMED_UNIT(*)
SI_UNIT($,.STERADIAN.)
SOLID_ANGLE_UNIT()
);
#2559=SHAPE_DEFINITION_REPRESENTATION(#2560,#2561);
#2560=PRODUCT_DEFINITION_SHAPE('',$,#2563);
#2561=SHAPE_REPRESENTATION('',(#816),#2553);
#2562=PRODUCT_DEFINITION_CONTEXT('part definition',#2567,'design');
#2563=PRODUCT_DEFINITION('2025-09-07-12-03-26-564','base',#2564,#2562);
#2564=PRODUCT_DEFINITION_FORMATION('',$,#2569);
#2565=PRODUCT_RELATED_PRODUCT_CATEGORY('base','base',(#2569));
#2566=APPLICATION_PROTOCOL_DEFINITION('international standard',
'automotive_design',2009,#2567);
#2567=APPLICATION_CONTEXT(
'Core Data for Automotive Mechanical Design Process');
#2568=PRODUCT_CONTEXT('part definition',#2567,'mechanical');
#2569=PRODUCT('2025-09-07-12-03-26-564','base',$,(#2568));
#2570=PRESENTATION_STYLE_ASSIGNMENT((#2572));
#2571=PRESENTATION_STYLE_ASSIGNMENT((#2573));
#2572=SURFACE_STYLE_USAGE(.BOTH.,#2574);
#2573=SURFACE_STYLE_USAGE(.BOTH.,#2575);
#2574=SURFACE_SIDE_STYLE('',(#2576));
#2575=SURFACE_SIDE_STYLE('',(#2577));
#2576=SURFACE_STYLE_FILL_AREA(#2578);
#2577=SURFACE_STYLE_FILL_AREA(#2579);
#2578=FILL_AREA_STYLE('Steel - Satin',(#2580));
#2579=FILL_AREA_STYLE('Opaque(173,173,173)',(#2581));
#2580=FILL_AREA_STYLE_COLOUR('Steel - Satin',#2582);
#2581=FILL_AREA_STYLE_COLOUR('Opaque(173,173,173)',#2583);
#2582=COLOUR_RGB('Steel - Satin',0.627450980392157,0.627450980392157,0.627450980392157);
#2583=COLOUR_RGB('Opaque(173,173,173)',0.67843137254902,0.67843137254902,
0.67843137254902);
ENDSEC;
END-ISO-10303-21;
