ISO-10303-21;
HEADER;
/* Generated by software containing ST-Developer
 * from STEP Tools, Inc. (www.steptools.com) 
 */

FILE_DESCRIPTION(
/* description */ (''),
/* implementation_level */ '2;1');

FILE_NAME(
/* name */ 'inner up.step',
/* time_stamp */ '2025-09-07T12:03:08+03:00',
/* author */ (''),
/* organization */ (''),
/* preprocessor_version */ 'ST-DEVELOPER v20.1',
/* originating_system */ 'Autodesk Translation Framework v14.10.0.0',
/* authorisation */ '');

FILE_SCHEMA (('AUTOMOTIVE_DESIGN { 1 0 10303 214 3 1 1 }'));
ENDSEC;

DATA;
#10=MECHANICAL_DESIGN_GEOMETRIC_PRESENTATION_REPRESENTATION('',(#585,#586,
#587,#588,#589,#590,#591,#592,#593,#594,#595,#596,#597,#598),#2986);
#11=SHAPE_REPRESENTATION_RELATIONSHIP('SRR','None',#2993,#12);
#12=ADVANCED_BREP_SHAPE_REPRESENTATION('',(#13),#2985);
#13=MANIFOLD_SOLID_BREP('inner up',#636);
#14=TOROIDAL_SURFACE('',#703,10.,1.);
#15=PLANE('',#675);
#16=PLANE('',#677);
#17=PLANE('',#678);
#18=PLANE('',#681);
#19=PLANE('',#684);
#20=PLANE('',#687);
#21=PLANE('',#690);
#22=PLANE('',#693);
#23=PLANE('',#696);
#24=PLANE('',#699);
#25=PLANE('',#702);
#26=FACE_BOUND('',#91,.T.);
#27=FACE_BOUND('',#92,.T.);
#28=FACE_BOUND('',#93,.T.);
#29=FACE_BOUND('',#94,.T.);
#30=FACE_BOUND('',#95,.T.);
#31=FACE_BOUND('',#96,.T.);
#32=FACE_BOUND('',#97,.T.);
#33=FACE_BOUND('',#100,.T.);
#34=FACE_BOUND('',#102,.T.);
#35=FACE_BOUND('',#104,.T.);
#36=B_SPLINE_SURFACE_WITH_KNOTS('',3,3,((#1482,#1483,#1484,#1485,#1486,
#1487,#1488,#1489,#1490,#1491,#1492,#1493,#1494,#1495,#1496,#1497,#1498,
#1499,#1500,#1501,#1502,#1503,#1504,#1505,#1506,#1507,#1508,#1509,#1510,
#1511,#1512,#1513,#1514,#1515,#1516,#1517,#1518,#1519,#1520,#1521,#1522,
#1523,#1524,#1525,#1526,#1527,#1528,#1529,#1530,#1531,#1532,#1533,#1534,
#1535,#1536,#1537,#1538,#1539,#1540,#1541,#1542,#1543,#1544,#1545,#1546,
#1547,#1548,#1549,#1550,#1551,#1552,#1553,#1554),(#1555,#1556,#1557,#1558,
#1559,#1560,#1561,#1562,#1563,#1564,#1565,#1566,#1567,#1568,#1569,#1570,
#1571,#1572,#1573,#1574,#1575,#1576,#1577,#1578,#1579,#1580,#1581,#1582,
#1583,#1584,#1585,#1586,#1587,#1588,#1589,#1590,#1591,#1592,#1593,#1594,
#1595,#1596,#1597,#1598,#1599,#1600,#1601,#1602,#1603,#1604,#1605,#1606,
#1607,#1608,#1609,#1610,#1611,#1612,#1613,#1614,#1615,#1616,#1617,#1618,
#1619,#1620,#1621,#1622,#1623,#1624,#1625,#1626,#1627),(#1628,#1629,#1630,
#1631,#1632,#1633,#1634,#1635,#1636,#1637,#1638,#1639,#1640,#1641,#1642,
#1643,#1644,#1645,#1646,#1647,#1648,#1649,#1650,#1651,#1652,#1653,#1654,
#1655,#1656,#1657,#1658,#1659,#1660,#1661,#1662,#1663,#1664,#1665,#1666,
#1667,#1668,#1669,#1670,#1671,#1672,#1673,#1674,#1675,#1676,#1677,#1678,
#1679,#1680,#1681,#1682,#1683,#1684,#1685,#1686,#1687,#1688,#1689,#1690,
#1691,#1692,#1693,#1694,#1695,#1696,#1697,#1698,#1699,#1700),(#1701,#1702,
#1703,#1704,#1705,#1706,#1707,#1708,#1709,#1710,#1711,#1712,#1713,#1714,
#1715,#1716,#1717,#1718,#1719,#1720,#1721,#1722,#1723,#1724,#1725,#1726,
#1727,#1728,#1729,#1730,#1731,#1732,#1733,#1734,#1735,#1736,#1737,#1738,
#1739,#1740,#1741,#1742,#1743,#1744,#1745,#1746,#1747,#1748,#1749,#1750,
#1751,#1752,#1753,#1754,#1755,#1756,#1757,#1758,#1759,#1760,#1761,#1762,
#1763,#1764,#1765,#1766,#1767,#1768,#1769,#1770,#1771,#1772,#1773)),
 .UNSPECIFIED.,.F.,.F.,.F.,(4,4),(4,1,1,1,1,1,1,1,1,1,1,1,1,1,1,1,1,1,1,
1,1,1,1,1,1,1,1,1,1,1,1,1,1,1,1,1,1,1,1,1,1,1,1,1,1,1,1,1,1,1,1,1,1,1,1,
1,1,1,1,1,1,1,1,1,1,1,1,1,1,1,4),(0.,0.0354146655120916),(8.24653389376279,
8.74507293172531,9.24361196968784,9.74215100765036,10.2406900456129,10.7392290835754,
11.2377681215379,11.7363071595004,12.234846197463,12.7333852354255,13.231924273388,
13.7304633113505,14.229002349313,14.7275413872756,15.2260804252381,15.7246194632006,
16.2231585011631,16.7216975391256,17.2202365770882,17.7187756150507,18.2173146530132,
18.7158536909757,19.2143927289383,19.7129317669008,20.2114708048633,20.7100098428258,
21.2085488807883,21.7070879187509,22.2056269567134,22.7041659946759,23.2027050326384,
23.7012440706009,24.1997831085635,24.698322146526,25.1968611844885,25.695400222451,
26.1939392604135,26.6924782983761,27.1910173363386,27.6895563743011,28.1880954122636,
28.6866344502261,29.1851734881887,29.6837125261512,30.1822515641137,30.6807906020762,
31.1793296400387,31.6778686780013,32.1764077159638,32.6749467539263,33.1734857918888,
33.6720248298513,34.1705638678139,34.6691029057764,35.1676419437389,35.6661809817014,
36.1647200196639,36.6632590576265,37.161798095589,37.6603371335515,38.158876171514,
38.6574152094766,39.1559542474391,39.6544932854016,40.1530323233641,40.6515713613266,
41.1501103992892,41.6486494372517,42.1471884752142,42.6457275131767,43.1442665511392),
 .UNSPECIFIED.);
#37=B_SPLINE_SURFACE_WITH_KNOTS('',3,3,((#2063,#2064,#2065,#2066,#2067,
#2068,#2069,#2070,#2071,#2072,#2073,#2074,#2075,#2076,#2077,#2078,#2079,
#2080,#2081,#2082,#2083,#2084,#2085,#2086,#2087,#2088,#2089,#2090,#2091,
#2092,#2093,#2094,#2095,#2096,#2097,#2098,#2099,#2100,#2101,#2102,#2103,
#2104,#2105,#2106,#2107,#2108,#2109,#2110,#2111,#2112,#2113,#2114,#2115,
#2116,#2117,#2118,#2119,#2120,#2121,#2122,#2123,#2124,#2125,#2126,#2127,
#2128,#2129,#2130,#2131,#2132,#2133,#2134,#2135),(#2136,#2137,#2138,#2139,
#2140,#2141,#2142,#2143,#2144,#2145,#2146,#2147,#2148,#2149,#2150,#2151,
#2152,#2153,#2154,#2155,#2156,#2157,#2158,#2159,#2160,#2161,#2162,#2163,
#2164,#2165,#2166,#2167,#2168,#2169,#2170,#2171,#2172,#2173,#2174,#2175,
#2176,#2177,#2178,#2179,#2180,#2181,#2182,#2183,#2184,#2185,#2186,#2187,
#2188,#2189,#2190,#2191,#2192,#2193,#2194,#2195,#2196,#2197,#2198,#2199,
#2200,#2201,#2202,#2203,#2204,#2205,#2206,#2207,#2208),(#2209,#2210,#2211,
#2212,#2213,#2214,#2215,#2216,#2217,#2218,#2219,#2220,#2221,#2222,#2223,
#2224,#2225,#2226,#2227,#2228,#2229,#2230,#2231,#2232,#2233,#2234,#2235,
#2236,#2237,#2238,#2239,#2240,#2241,#2242,#2243,#2244,#2245,#2246,#2247,
#2248,#2249,#2250,#2251,#2252,#2253,#2254,#2255,#2256,#2257,#2258,#2259,
#2260,#2261,#2262,#2263,#2264,#2265,#2266,#2267,#2268,#2269,#2270,#2271,
#2272,#2273,#2274,#2275,#2276,#2277,#2278,#2279,#2280,#2281),(#2282,#2283,
#2284,#2285,#2286,#2287,#2288,#2289,#2290,#2291,#2292,#2293,#2294,#2295,
#2296,#2297,#2298,#2299,#2300,#2301,#2302,#2303,#2304,#2305,#2306,#2307,
#2308,#2309,#2310,#2311,#2312,#2313,#2314,#2315,#2316,#2317,#2318,#2319,
#2320,#2321,#2322,#2323,#2324,#2325,#2326,#2327,#2328,#2329,#2330,#2331,
#2332,#2333,#2334,#2335,#2336,#2337,#2338,#2339,#2340,#2341,#2342,#2343,
#2344,#2345,#2346,#2347,#2348,#2349,#2350,#2351,#2352,#2353,#2354)),
 .UNSPECIFIED.,.F.,.F.,.F.,(4,4),(4,1,1,1,1,1,1,1,1,1,1,1,1,1,1,1,1,1,1,
1,1,1,1,1,1,1,1,1,1,1,1,1,1,1,1,1,1,1,1,1,1,1,1,1,1,1,1,1,1,1,1,1,1,1,1,
1,1,1,1,1,1,1,1,1,1,1,1,1,1,1,4),(0.,0.0354146655120915),(11.5194456213232,
12.0179846592857,12.5165236972483,13.0150627352108,13.5136017731733,14.0121408111358,
14.5106798490983,15.0092188870609,15.5077579250234,16.0062969629859,16.5048360009484,
17.0033750389109,17.5019140768734,18.000453114836,18.4989921527985,18.997531190761,
19.4960702287235,19.994609266686,20.4931483046486,20.9916873426111,21.4902263805736,
21.9887654185361,22.4873044564986,22.9858434944612,23.4843825324237,23.9829215703862,
24.4814606083487,24.9799996463112,25.4785386842738,25.9770777222363,26.4756167601988,
26.9741557981613,27.4726948361238,27.9712338740864,28.4697729120489,28.9683119500114,
29.4668509879739,29.9653900259364,30.4639290638989,30.9624681018615,31.461007139824,
31.9595461777865,32.458085215749,32.9566242537115,33.4551632916741,33.9537023296366,
34.4522413675991,34.9507804055616,35.4493194435241,35.9478584814867,36.4463975194492,
36.9449365574117,37.4434755953742,37.9420146333367,38.4405536712993,38.9390927092618,
39.4376317472243,39.9361707851868,40.4347098231493,40.9332488611118,41.4317878990744,
41.9303269370369,42.4288659749994,42.9274050129619,43.4259440509244,43.924483088887,
44.4230221268495,44.921561164812,45.4201002027745,45.9186392407371,46.4171782786996),
 .UNSPECIFIED.);
#38=FACE_OUTER_BOUND('',#75,.T.);
#39=FACE_OUTER_BOUND('',#76,.T.);
#40=FACE_OUTER_BOUND('',#77,.T.);
#41=FACE_OUTER_BOUND('',#78,.T.);
#42=FACE_OUTER_BOUND('',#79,.T.);
#43=FACE_OUTER_BOUND('',#80,.T.);
#44=FACE_OUTER_BOUND('',#81,.T.);
#45=FACE_OUTER_BOUND('',#82,.T.);
#46=FACE_OUTER_BOUND('',#83,.T.);
#47=FACE_OUTER_BOUND('',#84,.T.);
#48=FACE_OUTER_BOUND('',#85,.T.);
#49=FACE_OUTER_BOUND('',#86,.T.);
#50=FACE_OUTER_BOUND('',#87,.T.);
#51=FACE_OUTER_BOUND('',#88,.T.);
#52=FACE_OUTER_BOUND('',#89,.T.);
#53=FACE_OUTER_BOUND('',#90,.T.);
#54=FACE_OUTER_BOUND('',#98,.T.);
#55=FACE_OUTER_BOUND('',#99,.T.);
#56=FACE_OUTER_BOUND('',#101,.T.);
#57=FACE_OUTER_BOUND('',#103,.T.);
#58=FACE_OUTER_BOUND('',#105,.T.);
#59=FACE_OUTER_BOUND('',#106,.T.);
#60=FACE_OUTER_BOUND('',#107,.T.);
#61=FACE_OUTER_BOUND('',#108,.T.);
#62=FACE_OUTER_BOUND('',#109,.T.);
#63=FACE_OUTER_BOUND('',#110,.T.);
#64=FACE_OUTER_BOUND('',#111,.T.);
#65=FACE_OUTER_BOUND('',#112,.T.);
#66=FACE_OUTER_BOUND('',#113,.T.);
#67=FACE_OUTER_BOUND('',#114,.T.);
#68=FACE_OUTER_BOUND('',#115,.T.);
#69=FACE_OUTER_BOUND('',#116,.T.);
#70=FACE_OUTER_BOUND('',#117,.T.);
#71=FACE_OUTER_BOUND('',#118,.T.);
#72=FACE_OUTER_BOUND('',#119,.T.);
#73=FACE_OUTER_BOUND('',#120,.T.);
#74=FACE_OUTER_BOUND('',#121,.T.);
#75=EDGE_LOOP('',(#384,#385,#386,#387));
#76=EDGE_LOOP('',(#388,#389,#390,#391));
#77=EDGE_LOOP('',(#392,#393,#394,#395));
#78=EDGE_LOOP('',(#396,#397,#398,#399));
#79=EDGE_LOOP('',(#400,#401,#402,#403));
#80=EDGE_LOOP('',(#404,#405,#406,#407,#408));
#81=EDGE_LOOP('',(#409,#410,#411,#412));
#82=EDGE_LOOP('',(#413,#414,#415,#416));
#83=EDGE_LOOP('',(#417,#418,#419,#420));
#84=EDGE_LOOP('',(#421,#422,#423,#424));
#85=EDGE_LOOP('',(#425,#426,#427,#428));
#86=EDGE_LOOP('',(#429,#430,#431,#432,#433,#434,#435,#436,#437,#438,#439,
#440,#441,#442,#443));
#87=EDGE_LOOP('',(#444,#445,#446,#447));
#88=EDGE_LOOP('',(#448,#449,#450,#451,#452,#453,#454,#455,#456,#457,#458,
#459,#460,#461));
#89=EDGE_LOOP('',(#462,#463,#464));
#90=EDGE_LOOP('',(#465,#466,#467,#468,#469,#470,#471,#472,#473,#474));
#91=EDGE_LOOP('',(#475,#476));
#92=EDGE_LOOP('',(#477,#478));
#93=EDGE_LOOP('',(#479,#480));
#94=EDGE_LOOP('',(#481,#482));
#95=EDGE_LOOP('',(#483,#484));
#96=EDGE_LOOP('',(#485,#486));
#97=EDGE_LOOP('',(#487,#488));
#98=EDGE_LOOP('',(#489,#490,#491,#492,#493));
#99=EDGE_LOOP('',(#494));
#100=EDGE_LOOP('',(#495));
#101=EDGE_LOOP('',(#496,#497,#498,#499,#500));
#102=EDGE_LOOP('',(#501));
#103=EDGE_LOOP('',(#502));
#104=EDGE_LOOP('',(#503,#504,#505,#506));
#105=EDGE_LOOP('',(#507,#508,#509,#510,#511));
#106=EDGE_LOOP('',(#512));
#107=EDGE_LOOP('',(#513,#514,#515,#516,#517));
#108=EDGE_LOOP('',(#518));
#109=EDGE_LOOP('',(#519,#520,#521,#522,#523,#524,#525));
#110=EDGE_LOOP('',(#526));
#111=EDGE_LOOP('',(#527,#528,#529,#530,#531));
#112=EDGE_LOOP('',(#532));
#113=EDGE_LOOP('',(#533,#534,#535,#536,#537));
#114=EDGE_LOOP('',(#538));
#115=EDGE_LOOP('',(#539,#540,#541,#542,#543));
#116=EDGE_LOOP('',(#544));
#117=EDGE_LOOP('',(#545,#546,#547,#548,#549));
#118=EDGE_LOOP('',(#550));
#119=EDGE_LOOP('',(#551,#552,#553,#554,#555));
#120=EDGE_LOOP('',(#556));
#121=EDGE_LOOP('',(#557,#558,#559,#560,#561));
#122=CIRCLE('',#651,9.5);
#123=CIRCLE('',#657,9.5);
#124=CIRCLE('',#659,9.1933);
#125=CIRCLE('',#665,9.1933);
#126=CIRCLE('',#667,9.5);
#127=CIRCLE('',#669,12.);
#128=CIRCLE('',#670,12.);
#129=CIRCLE('',#672,9.);
#130=CIRCLE('',#673,9.);
#131=CIRCLE('',#674,9.);
#132=CIRCLE('',#676,10.);
#133=CIRCLE('',#680,2.1);
#134=CIRCLE('',#683,2.1);
#135=CIRCLE('',#686,2.1);
#136=CIRCLE('',#689,2.1);
#137=CIRCLE('',#692,2.1);
#138=CIRCLE('',#695,2.1);
#139=CIRCLE('',#698,2.1);
#140=CIRCLE('',#701,2.1);
#141=CIRCLE('',#704,1.);
#142=B_SPLINE_CURVE_WITH_KNOTS('',3,(#845,#846,#847,#848,#849,#850,#851,
#852,#853,#854,#855,#856,#857,#858,#859,#860),.UNSPECIFIED.,.F.,.F.,(4,
3,3,3,3,4),(-4.18851764662575,-3.98831230370016,-3.48977326573764,-2.99123422777512,
-2.4926951898126,-2.22516906004245),.UNSPECIFIED.);
#143=B_SPLINE_CURVE_WITH_KNOTS('',3,(#863,#864,#865,#866,#867,#868,#869,
#870,#871,#872),.UNSPECIFIED.,.F.,.F.,(4,3,3,4),(0.,0.49853903796252,0.997078075925042,
1.17824406700657),.UNSPECIFIED.);
#144=B_SPLINE_CURVE_WITH_KNOTS('',3,(#877,#878,#879,#880,#881,#882,#883,
#884,#885,#886,#887,#888,#889,#890,#891,#892,#893,#894,#895,#896,#897,#898,
#899,#900,#901,#902,#903,#904,#905,#906,#907,#908,#909,#910,#911,#912,#913,
#914,#915,#916,#917,#918,#919),.UNSPECIFIED.,.F.,.F.,(4,3,3,3,3,3,3,3,3,
3,3,3,3,3,4),(-10.4717029538053,-10.4693197972129,-9.97078075925039,-9.47224172128787,
-8.97370268332535,-8.47516364536283,-7.97662460740031,-7.47808556943779,
-6.97954653147527,-6.48100749351275,-5.98246845555023,-5.48392941758771,
-4.9853903796252,-4.48685134166268,-4.18851764662575),.UNSPECIFIED.);
#145=B_SPLINE_CURVE_WITH_KNOTS('',3,(#920,#921,#922,#923,#924,#925,#926,
#927,#928,#929,#930,#931,#932,#933,#934,#935,#936,#937,#938,#939,#940,#941,
#942,#943,#944,#945,#946,#947,#948,#949,#950,#951,#952,#953,#954,#955,#956,
#957,#958,#959),.UNSPECIFIED.,.F.,.F.,(4,3,3,3,3,3,3,3,3,3,3,3,3,4),(1.17824406700657,
1.49561711388756,1.99415615185008,2.49269518981261,2.99123422777512,3.48977326573765,
3.98831230370017,4.48685134166268,4.98539037962521,5.48392941758773,5.98246845555025,
6.48100749351277,6.97954653147529,7.46142937418616),.UNSPECIFIED.);
#146=B_SPLINE_CURVE_WITH_KNOTS('',3,(#964,#965,#966,#967,#968,#969,#970,
#971,#972,#973,#974,#975,#976,#977,#978,#979,#980,#981,#982,#983,#984,#985,
#986,#987,#988,#989,#990,#991,#992,#993,#994,#995,#996,#997,#998,#999,#1000,
#1001,#1002,#1003),.UNSPECIFIED.,.F.,.F.,(4,3,3,3,3,3,3,3,3,3,3,3,3,4),
(-16.7548882609849,-16.4517882527631,-15.9532492148006,-15.4547101768381,
-14.9561711388756,-14.4576321009131,-13.9590930629505,-13.460554024988,
-12.9620149870255,-12.463475949063,-11.9649369111005,-11.4663978731379,
-10.9678588351754,-10.4717029538053),.UNSPECIFIED.);
#147=B_SPLINE_CURVE_WITH_KNOTS('',3,(#1004,#1005,#1006,#1007,#1008,#1009,
#1010,#1011,#1012,#1013,#1014,#1015,#1016,#1017,#1018,#1019,#1020,#1021,
#1022,#1023,#1024,#1025,#1026,#1027,#1028,#1029,#1030,#1031,#1032,#1033,
#1034,#1035,#1036,#1037,#1038,#1039,#1040,#1041,#1042,#1043,#1044,#1045,
#1046),.UNSPECIFIED.,.F.,.F.,(4,3,3,3,3,3,3,3,3,3,3,3,3,3,4),(7.46142937418616,
7.47808556943781,7.97662460740033,8.47516364536285,8.97370268332537,9.47224172128789,
9.97078075925042,10.4693197972129,10.9678588351755,11.466397873138,11.9649369111005,
12.463475949063,12.9620149870255,13.4605540249881,13.7446146813657),
 .UNSPECIFIED.);
#148=B_SPLINE_CURVE_WITH_KNOTS('',3,(#1051,#1052,#1053,#1054,#1055,#1056,
#1057,#1058,#1059,#1060,#1061,#1062,#1063,#1064,#1065,#1066,#1067,#1068,
#1069,#1070,#1071,#1072,#1073,#1074,#1075,#1076,#1077,#1078,#1079,#1080,
#1081,#1082,#1083,#1084,#1085,#1086,#1087,#1088,#1089,#1090,#1091,#1092,
#1093),.UNSPECIFIED.,.F.,.F.,(4,3,3,3,3,3,3,3,3,3,3,3,3,3,4),(-23.0380735681645,
-22.9327957462759,-22.4342567083134,-21.9357176703509,-21.4371786323883,
-20.9386395944258,-20.4401005564633,-19.9415615185008,-19.4430224805383,
-18.9444834425757,-18.4459444046132,-17.9474053666507,-17.4488663286882,
-16.9503272907257,-16.7548882609849),.UNSPECIFIED.);
#149=B_SPLINE_CURVE_WITH_KNOTS('',3,(#1094,#1095,#1096,#1097,#1098,#1099,
#1100,#1101,#1102,#1103,#1104,#1105,#1106,#1107,#1108,#1109,#1110,#1111,
#1112,#1113,#1114,#1115,#1116,#1117,#1118,#1119,#1120,#1121,#1122,#1123,
#1124,#1125,#1126,#1127,#1128,#1129,#1130,#1131,#1132,#1133,#1134,#1135,
#1136),.UNSPECIFIED.,.F.,.F.,(4,3,3,3,3,3,3,3,3,3,3,3,3,3,4),(13.7446146813657,
13.9590930629506,14.4576321009131,14.9561711388756,15.4547101768381,15.9532492148007,
16.4517882527632,16.9503272907257,17.4488663286882,17.9474053666507,18.4459444046133,
18.9444834425758,19.4430224805383,19.9415615185008,20.0277999885453),
 .UNSPECIFIED.);
#150=B_SPLINE_CURVE_WITH_KNOTS('',3,(#1141,#1142,#1143,#1144,#1145,#1146,
#1147,#1148,#1149,#1150,#1151,#1152,#1153,#1154,#1155,#1156,#1157,#1158,
#1159,#1160,#1161,#1162,#1163,#1164,#1165,#1166,#1167,#1168,#1169,#1170,
#1171,#1172,#1173,#1174,#1175,#1176,#1177,#1178,#1179,#1180),
 .UNSPECIFIED.,.F.,.F.,(4,3,3,3,3,3,3,3,3,3,3,3,3,4),(-29.3212588753441,
-28.9152642018261,-28.4167251638636,-27.9181861259011,-27.4196470879386,
-26.921108049976,-26.4225690120135,-25.924029974051,-25.4254909360885,-24.926951898126,
-24.4284128601634,-23.9298738222009,-23.4313347842384,-23.0380735681645),
 .UNSPECIFIED.);
#151=B_SPLINE_CURVE_WITH_KNOTS('',3,(#1181,#1182,#1183,#1184,#1185,#1186,
#1187,#1188,#1189,#1190,#1191,#1192,#1193,#1194,#1195,#1196,#1197,#1198,
#1199,#1200,#1201,#1202,#1203,#1204,#1205,#1206,#1207,#1208,#1209,#1210,
#1211,#1212,#1213,#1214,#1215,#1216,#1217,#1218,#1219,#1220),
 .UNSPECIFIED.,.F.,.F.,(4,3,3,3,3,3,3,3,3,3,3,3,3,4),(20.0277999885453,
20.4401005564633,20.9386395944259,21.4371786323884,21.9357176703509,22.4342567083134,
22.9327957462759,23.4313347842385,23.929873822201,24.4284128601635,24.926951898126,
25.4254909360886,25.9240299740511,26.3109852957249),.UNSPECIFIED.);
#152=B_SPLINE_CURVE_WITH_KNOTS('',3,(#1227,#1228,#1229,#1230,#1231,#1232,
#1233,#1234,#1235,#1236,#1237,#1238,#1239,#1240,#1241,#1242,#1243,#1244,
#1245,#1246,#1247,#1248,#1249,#1250,#1251,#1252,#1253,#1254,#1255,#1256,
#1257,#1258,#1259,#1260,#1261,#1262,#1263),.UNSPECIFIED.,.F.,.F.,(4,3,3,
3,3,3,3,3,3,3,3,3,4),(-34.8977326573763,-34.3991936194138,-33.9006545814513,
-33.4021155434888,-32.9035765055263,-32.4050374675638,-31.9064984296012,
-31.4079593916387,-30.9094203536762,-30.4108813157137,-29.9123422777512,
-29.4138032397886,-29.3212588753441),.UNSPECIFIED.);
#153=B_SPLINE_CURVE_WITH_KNOTS('',3,(#1264,#1265,#1266,#1267,#1268,#1269,
#1270,#1271,#1272,#1273,#1274,#1275,#1276,#1277,#1278,#1279,#1280,#1281,
#1282,#1283,#1284,#1285,#1286,#1287,#1288,#1289,#1290,#1291,#1292,#1293,
#1294,#1295,#1296,#1297,#1298,#1299,#1300,#1301,#1302,#1303,#1304,#1305,
#1306),.UNSPECIFIED.,.F.,.F.,(4,3,3,3,3,3,3,3,3,3,3,3,3,3,4),(26.3109852957249,
26.4225690120136,26.9211080499761,27.4196470879386,27.9181861259012,28.4167251638637,
28.9152642018262,29.4138032397887,29.9123422777512,30.4108813157138,30.9094203536763,
31.4079593916388,31.9064984296013,32.4050374675638,32.5941706029045),
 .UNSPECIFIED.);
#154=B_SPLINE_CURVE_WITH_KNOTS('',3,(#1312,#1313,#1314,#1315,#1316,#1317,
#1318,#1319,#1320,#1321,#1322),.UNSPECIFIED.,.F.,.F.,(4,1,1,1,1,1,1,1,4),
(40.8407044966673,40.9332488611118,41.4317878990744,41.9303269370369,42.4288659749994,
42.9274050129619,43.4259440509244,43.924483088887,44.192009218657),
 .UNSPECIFIED.);
#155=B_SPLINE_CURVE_WITH_KNOTS('',3,(#1325,#1326,#1327,#1328,#1329,#1330,
#1331,#1332),.UNSPECIFIED.,.F.,.F.,(4,1,1,1,1,4),(40.8407044966673,41.1501103992892,
41.6486494372517,42.1471884752142,42.6457275131767,43.1442665511392),
 .UNSPECIFIED.);
#156=B_SPLINE_CURVE_WITH_KNOTS('',3,(#1337,#1338,#1339,#1340,#1341,#1342,
#1343,#1344,#1345,#1346,#1347,#1348,#1349,#1350,#1351,#1352),
 .UNSPECIFIED.,.F.,.F.,(4,1,1,1,1,1,1,1,1,1,1,1,1,4),(34.5575191894877,
34.9507804055616,35.4493194435241,35.9478584814867,36.4463975194492,36.9449365574117,
37.4434755953742,37.9420146333367,38.4405536712993,38.9390927092618,39.4376317472243,
39.9361707851868,40.4347098231493,40.8407044966673),.UNSPECIFIED.);
#157=B_SPLINE_CURVE_WITH_KNOTS('',3,(#1353,#1354,#1355,#1356,#1357,#1358,
#1359,#1360,#1361,#1362,#1363,#1364,#1365,#1366,#1367,#1368,#1369),
 .UNSPECIFIED.,.F.,.F.,(4,1,1,1,1,1,1,1,1,1,1,1,1,1,4),(34.5575191894877,
34.6691029057764,35.1676419437389,35.6661809817014,36.1647200196639,36.6632590576265,
37.161798095589,37.6603371335515,38.158876171514,38.6574152094766,39.1559542474391,
39.6544932854016,40.1530323233641,40.6515713613266,40.8407044966673),
 .UNSPECIFIED.);
#158=B_SPLINE_CURVE_WITH_KNOTS('',3,(#1374,#1375,#1376,#1377,#1378,#1379,
#1380,#1381,#1382,#1383,#1384,#1385,#1386,#1387,#1388,#1389,#1390),
 .UNSPECIFIED.,.F.,.F.,(4,1,1,1,1,1,1,1,1,1,1,1,1,1,4),(28.2743338823081,
28.4697729120489,28.9683119500114,29.4668509879739,29.9653900259364,30.4639290638989,
30.9624681018615,31.461007139824,31.9595461777865,32.458085215749,32.9566242537115,
33.4551632916741,33.9537023296366,34.4522413675991,34.5575191894877),
 .UNSPECIFIED.);
#159=B_SPLINE_CURVE_WITH_KNOTS('',3,(#1391,#1392,#1393,#1394,#1395,#1396,
#1397,#1398,#1399,#1400,#1401,#1402,#1403,#1404,#1405,#1406),
 .UNSPECIFIED.,.F.,.F.,(4,1,1,1,1,1,1,1,1,1,1,1,1,4),(28.2743338823081,
28.6866344502261,29.1851734881887,29.6837125261512,30.1822515641137,30.6807906020762,
31.1793296400387,31.6778686780013,32.1764077159638,32.6749467539263,33.1734857918888,
33.6720248298513,34.1705638678139,34.5575191894877),.UNSPECIFIED.);
#160=B_SPLINE_CURVE_WITH_KNOTS('',3,(#1411,#1412,#1413,#1414,#1415,#1416,
#1417,#1418,#1419,#1420,#1421,#1422,#1423,#1424,#1425,#1426),
 .UNSPECIFIED.,.F.,.F.,(4,1,1,1,1,1,1,1,1,1,1,1,1,4),(21.9911485751286,
22.4873044564986,22.9858434944612,23.4843825324237,23.9829215703862,24.4814606083487,
24.9799996463112,25.4785386842738,25.9770777222363,26.4756167601988,26.9741557981613,
27.4726948361238,27.9712338740864,28.2743338823081),.UNSPECIFIED.);
#161=B_SPLINE_CURVE_WITH_KNOTS('',3,(#1427,#1428,#1429,#1430,#1431,#1432,
#1433,#1434,#1435,#1436,#1437,#1438,#1439,#1440,#1441,#1442,#1443),
 .UNSPECIFIED.,.F.,.F.,(4,1,1,1,1,1,1,1,1,1,1,1,1,1,4),(21.9911485751285,
22.2056269567134,22.7041659946759,23.2027050326384,23.7012440706009,24.1997831085635,
24.698322146526,25.1968611844885,25.695400222451,26.1939392604135,26.6924782983761,
27.1910173363386,27.6895563743011,28.1880954122636,28.2743338823081),
 .UNSPECIFIED.);
#162=B_SPLINE_CURVE_WITH_KNOTS('',3,(#1448,#1449,#1450,#1451,#1452,#1453,
#1454,#1455,#1456,#1457,#1458,#1459,#1460,#1461,#1462,#1463,#1464),
 .UNSPECIFIED.,.F.,.F.,(4,1,1,1,1,1,1,1,1,1,1,1,1,1,4),(15.707963267949,
16.0062969629859,16.5048360009484,17.0033750389109,17.5019140768734,18.000453114836,
18.4989921527985,18.997531190761,19.4960702287235,19.994609266686,20.4931483046486,
20.9916873426111,21.4902263805736,21.9887654185361,21.9911485751286),
 .UNSPECIFIED.);
#163=B_SPLINE_CURVE_WITH_KNOTS('',3,(#1465,#1466,#1467,#1468,#1469,#1470,
#1471,#1472,#1473,#1474,#1475,#1476,#1477,#1478,#1479,#1480,#1481),
 .UNSPECIFIED.,.F.,.F.,(4,1,1,1,1,1,1,1,1,1,1,1,1,1,4),(15.707963267949,
15.7246194632006,16.2231585011631,16.7216975391256,17.2202365770882,17.7187756150507,
18.2173146530132,18.7158536909757,19.2143927289383,19.7129317669008,20.2114708048633,
20.7100098428258,21.2085488807883,21.7070879187509,21.9911485751285),
 .UNSPECIFIED.);
#164=B_SPLINE_CURVE_WITH_KNOTS('',3,(#1775,#1776,#1777,#1778,#1779,#1780,
#1781,#1782,#1783,#1784,#1785,#1786,#1787,#1788,#1789,#1790,#1791,#1792,
#1793,#1794,#1795,#1796,#1797,#1798,#1799,#1800,#1801,#1802,#1803,#1804,
#1805,#1806,#1807,#1808,#1809,#1810,#1811,#1812,#1813,#1814,#1815,#1816,
#1817,#1818,#1819,#1820,#1821,#1822,#1823,#1824,#1825,#1826,#1827,#1828,
#1829,#1830,#1831,#1832,#1833,#1834,#1835,#1836,#1837,#1838,#1839,#1840,
#1841,#1842,#1843,#1844,#1845,#1846,#1847,#1848,#1849,#1850,#1851,#1852,
#1853,#1854,#1855,#1856,#1857,#1858,#1859,#1860,#1861,#1862,#1863,#1864,
#1865,#1866,#1867,#1868,#1869,#1870,#1871,#1872,#1873,#1874,#1875,#1876,
#1877,#1878,#1879,#1880,#1881,#1882,#1883,#1884,#1885,#1886,#1887,#1888,
#1889,#1890,#1891,#1892,#1893,#1894,#1895,#1896,#1897,#1898,#1899,#1900,
#1901),.UNSPECIFIED.,.F.,.F.,(4,3,3,3,3,3,3,3,3,3,3,3,3,3,3,3,3,3,3,3,3,
3,3,3,3,3,3,3,3,3,3,3,3,3,3,3,3,3,3,3,3,3,4),(0.,0.0720038084300193,0.145938566125213,
0.219873323820406,0.292023378931641,0.342000114800162,0.366178440529943,
0.375668896636317,0.446952315421049,0.518843486164095,0.590536322377676,
0.661264343454591,0.691837265879813,0.721109678554389,0.734204381010118,
0.743724314879011,0.814382423266969,0.885769396299753,0.957251032033737,
1.02823257522776,1.09421422195039,1.10261795944036,1.10993276116997,1.16019586867303,
1.23083277612859,1.30204393547015,1.37328943380364,1.43630820073639,1.46073301861215,
1.46833827352334,1.53920035143406,1.60989139194678,1.62536450153464,1.69626420507886,
1.74507987230501,1.76643672671646,1.77676588014432,1.78479064247205,1.85509431421494,
1.92576611833677,1.99611588762633,2.065409178421,2.08678954288811),
 .UNSPECIFIED.);
#165=B_SPLINE_CURVE_WITH_KNOTS('',3,(#1902,#1903,#1904,#1905),
 .UNSPECIFIED.,.F.,.F.,(4,4),(32.5941706029045,32.6725635973339),
 .UNSPECIFIED.);
#166=B_SPLINE_CURVE_WITH_KNOTS('',3,(#1907,#1908,#1909,#1910,#1911,#1912,
#1913,#1914,#1915,#1916,#1917,#1918,#1919,#1920,#1921,#1922,#1923,#1924,
#1925,#1926,#1927,#1928,#1929,#1930,#1931,#1932,#1933,#1934,#1935,#1936,
#1937,#1938,#1939,#1940,#1941,#1942,#1943,#1944,#1945,#1946,#1947,#1948,
#1949,#1950,#1951,#1952,#1953,#1954,#1955,#1956,#1957,#1958,#1959,#1960,
#1961,#1962,#1963,#1964,#1965,#1966,#1967,#1968,#1969,#1970,#1971,#1972,
#1973,#1974,#1975,#1976,#1977,#1978,#1979,#1980,#1981,#1982,#1983,#1984,
#1985,#1986,#1987,#1988,#1989,#1990,#1991,#1992,#1993,#1994,#1995,#1996,
#1997,#1998,#1999,#2000,#2001,#2002,#2003,#2004,#2005,#2006,#2007,#2008,
#2009,#2010,#2011,#2012,#2013,#2014,#2015,#2016,#2017,#2018,#2019,#2020,
#2021,#2022,#2023,#2024,#2025,#2026,#2027,#2028,#2029,#2030,#2031,#2032,
#2033),.UNSPECIFIED.,.F.,.F.,(4,3,3,3,3,3,3,3,3,3,3,3,3,3,3,3,3,3,3,3,3,
3,3,3,3,3,3,3,3,3,3,3,3,3,3,3,3,3,3,3,3,3,4),(-2.08678954288812,-2.01628090897237,
-1.94480793455957,-1.87333496014677,-1.81547504950799,-1.79016133860352,
-1.77900382683671,-1.76963490243289,-1.69944333848725,-1.62719642262458,
-1.556397163598,-1.48342641931727,-1.46833245708165,-1.46000824262365,-1.41045567503654,
-1.34007363393792,-1.26899042990453,-1.19770543318367,-1.13418743237786,
-1.10869896569026,-1.09854601422188,-1.02720174492842,-0.95567014582553,
-0.943633429960437,-0.872264501960504,-0.800722835051249,-0.759804693459985,
-0.746431396566413,-0.738373895190249,-0.730248673931576,-0.658660612234877,
-0.586779139726936,-0.515248987698196,-0.473377702321135,-0.414205489530993,
-0.388317646435306,-0.370961871750895,-0.362533933476911,-0.291355290081628,
-0.218516467561221,-0.146369232392027,-0.0731846161960134,0.),
 .UNSPECIFIED.);
#167=B_SPLINE_CURVE_WITH_KNOTS('',3,(#2034,#2035,#2036,#2037,#2038,#2039,
#2040,#2041,#2042,#2043,#2044,#2045,#2046,#2047),.UNSPECIFIED.,.F.,.F.,
(4,1,1,1,1,1,1,1,1,1,1,4),(10.4717029538054,10.7392290835754,11.2377681215379,
11.7363071595004,12.234846197463,12.7333852354255,13.231924273388,13.7304633113505,
14.229002349313,14.7275413872756,15.2260804252381,15.707963267949),
 .UNSPECIFIED.);
#168=B_SPLINE_CURVE_WITH_KNOTS('',3,(#2051,#2052,#2053,#2054,#2055,#2056,
#2057,#2058,#2059,#2060,#2061,#2062),.UNSPECIFIED.,.F.,.F.,(4,1,1,1,1,1,
1,1,1,4),(11.5194456213232,12.0179846592857,12.5165236972483,13.0150627352108,
13.5136017731733,14.0121408111358,14.5106798490983,15.0092188870609,15.5077579250234,
15.707963267949),.UNSPECIFIED.);
#169=B_SPLINE_CURVE_WITH_KNOTS('',3,(#2355,#2356,#2357,#2358,#2359,#2360,
#2361,#2362,#2363,#2364,#2365,#2366,#2367,#2368,#2369,#2370,#2371,#2372,
#2373,#2374,#2375,#2376,#2377,#2378,#2379,#2380,#2381,#2382,#2383,#2384,
#2385,#2386,#2387,#2388,#2389,#2390,#2391,#2392,#2393,#2394,#2395,#2396,
#2397,#2398,#2399,#2400,#2401,#2402,#2403,#2404,#2405,#2406,#2407,#2408,
#2409,#2410,#2411,#2412,#2413,#2414,#2415,#2416,#2417,#2418,#2419,#2420,
#2421,#2422,#2423,#2424,#2425,#2426,#2427,#2428,#2429,#2430,#2431,#2432,
#2433,#2434,#2435,#2436,#2437,#2438,#2439,#2440,#2441,#2442,#2443,#2444,
#2445,#2446,#2447,#2448,#2449,#2450,#2451,#2452,#2453,#2454,#2455,#2456,
#2457,#2458,#2459,#2460,#2461,#2462,#2463,#2464,#2465,#2466,#2467,#2468,
#2469,#2470,#2471,#2472,#2473,#2474,#2475,#2476,#2477,#2478,#2479,#2480,
#2481),.UNSPECIFIED.,.F.,.F.,(4,3,3,3,3,3,3,3,3,3,3,3,3,3,3,3,3,3,3,3,3,
3,3,3,3,3,3,3,3,3,3,3,3,3,3,3,3,3,3,3,3,3,4),(0.,0.0704116335418781,0.14194833064082,
0.213485027739762,0.284128553972034,0.333186681518281,0.357596705751471,
0.365401161376116,0.435571527607945,0.506580109020038,0.577539807083674,
0.647712326127906,0.676593574342009,0.705732785056138,0.719259802708825,
0.727464103392273,0.797553895288735,0.868497005455409,0.939802567267993,
1.01074592554026,1.07678343565417,1.0854244935487,1.093170471619,1.14282094576807,
1.2135144643245,1.2849225885036,1.35654301768588,1.4205530609682,1.4450723411912,
1.45361392938989,1.52530192384023,1.59703127953867,1.61258319081515,1.68427372282245,
1.73440843231539,1.75634236771855,1.76605614435641,1.77439922195822,1.84587683481963,
1.91798416782955,1.98991840115899,2.06093442887343,2.08535139876598),
 .UNSPECIFIED.);
#170=B_SPLINE_CURVE_WITH_KNOTS('',3,(#2482,#2483,#2484,#2485,#2486,#2487,
#2488,#2489,#2490,#2491,#2492,#2493,#2494,#2495,#2496,#2497,#2498,#2499,
#2500,#2501,#2502,#2503,#2504,#2505,#2506,#2507,#2508,#2509,#2510,#2511,
#2512,#2513,#2514,#2515,#2516,#2517,#2518,#2519,#2520,#2521,#2522,#2523,
#2524,#2525,#2526,#2527,#2528,#2529,#2530,#2531,#2532,#2533,#2534,#2535,
#2536,#2537,#2538,#2539,#2540,#2541,#2542,#2543,#2544,#2545,#2546,#2547,
#2548,#2549,#2550,#2551,#2552,#2553,#2554,#2555,#2556,#2557,#2558,#2559,
#2560,#2561,#2562,#2563,#2564,#2565,#2566,#2567,#2568,#2569,#2570,#2571,
#2572,#2573,#2574,#2575,#2576,#2577,#2578,#2579,#2580,#2581,#2582,#2583,
#2584,#2585,#2586,#2587,#2588,#2589,#2590,#2591,#2592,#2593,#2594,#2595,
#2596,#2597,#2598,#2599,#2600,#2601,#2602,#2603,#2604,#2605,#2606,#2607,
#2608),.UNSPECIFIED.,.F.,.F.,(4,3,3,3,3,3,3,3,3,3,3,3,3,3,3,3,3,3,3,3,3,
3,3,3,3,3,3,3,3,3,3,3,3,3,3,3,3,3,3,3,3,3,4),(-2.08535139876599,-2.01334243008724,
-1.93957048578372,-1.8657985414802,-1.80691259224323,-1.78114998945206,
-1.77111969524026,-1.76257992209342,-1.69128600346256,-1.61714223949303,
-1.54559676346926,-1.47471034218728,-1.45619173072807,-1.44740953692823,
-1.39471094758444,-1.32372731747411,-1.25217707034372,-1.18059706300353,
-1.1170499556179,-1.09183340144448,-1.08106152554782,-1.00988134470812,
-0.938723854991961,-0.926408633461019,-0.855168688215089,-0.783931438068975,
-0.743615516932554,-0.730149346971917,-0.7225783153184,-0.71453110454107,
-0.643666881833748,-0.572662812835041,-0.502221832627144,-0.461404068977607,
-0.403728560355406,-0.378495525333193,-0.361195539350974,-0.353282776675032,
-0.283281862539834,-0.212461396904875,-0.141883239250472,-0.0709416196252359,
0.),.UNSPECIFIED.);
#171=B_SPLINE_CURVE_WITH_KNOTS('',3,(#2617,#2618,#2619,#2620,#2621,#2622,
#2623,#2624,#2625,#2626),.UNSPECIFIED.,.F.,.F.,(4,2,2,2,4),(0.634239381904505,
0.713520594713009,0.792801807521513,0.872080439486294,0.951359071451074),
 .UNSPECIFIED.);
#172=B_SPLINE_CURVE_WITH_KNOTS('',3,(#2628,#2629,#2630,#2631,#2632,#2633,
#2634,#2635,#2636,#2637),.UNSPECIFIED.,.F.,.F.,(4,2,2,2,4),(1.58559845241846,
1.66487708461751,1.74415571681657,1.82343692985936,1.90271814290215),
 .UNSPECIFIED.);
#173=B_SPLINE_CURVE_WITH_KNOTS('',3,(#2642,#2643,#2644,#2645,#2646,#2647,
#2648,#2649,#2650,#2651),.UNSPECIFIED.,.F.,.F.,(4,2,2,2,4),(1.26847876193477,
1.34775997497755,1.42704118802034,1.5063198202194,1.58559845241846),
 .UNSPECIFIED.);
#174=B_SPLINE_CURVE_WITH_KNOTS('',3,(#2652,#2653,#2654,#2655,#2656,#2657,
#2658,#2659,#2660,#2661),.UNSPECIFIED.,.F.,.F.,(4,2,2,2,4),(0.951359071451074,
1.03063770365013,1.10991633584919,1.18919754889198,1.26847876193477),
 .UNSPECIFIED.);
#175=B_SPLINE_CURVE_WITH_KNOTS('',3,(#2664,#2665,#2666,#2667,#2668,#2669,
#2670,#2671,#2672,#2673,#2674,#2675,#2676,#2677,#2678,#2679,#2680,#2681,
#2682,#2683,#2684,#2685,#2686,#2687,#2688,#2689),.UNSPECIFIED.,.F.,.F.,
(4,2,2,2,2,2,2,2,2,2,2,2,4),(0.,0.079281213042788,0.158562426085576,0.237841058284634,
0.317119690483691,0.396398322682749,0.475676954881807,0.554958167924595,
0.634239380967383,0.713520594010171,0.792801807052959,0.872080439252017,
0.951359071451074),.UNSPECIFIED.);
#176=B_SPLINE_CURVE_WITH_KNOTS('',3,(#2690,#2691,#2692,#2693,#2694,#2695,
#2696,#2697,#2698,#2699),.UNSPECIFIED.,.F.,.F.,(4,2,2,2,4),(-0.317119690483691,
-0.237841058284634,-0.158562426085576,-0.0792812130427882,0.),
 .UNSPECIFIED.);
#177=B_SPLINE_CURVE_WITH_KNOTS('',3,(#2702,#2703,#2704,#2705,#2706,#2707,
#2708,#2709,#2710,#2711,#2712,#2713,#2714,#2715,#2716,#2717,#2718,#2719),
 .UNSPECIFIED.,.F.,.F.,(4,2,2,2,2,2,2,2,4),(0.634239381904505,0.713520594830151,
0.792801807755797,0.872080439837716,0.951359071919635,1.03063770400155,
1.10991633608347,1.18919754900912,1.26847876193477),.UNSPECIFIED.);
#178=B_SPLINE_CURVE_WITH_KNOTS('',3,(#2720,#2721,#2722,#2723,#2724,#2725,
#2726,#2727,#2728,#2729,#2730,#2731,#2732,#2733,#2734,#2735,#2736,#2737),
 .UNSPECIFIED.,.F.,.F.,(4,2,2,2,2,2,2,2,4),(1.26847876193477,1.34775997497755,
1.42704118802034,1.5063198202194,1.58559845241846,1.66487708461751,1.74415571681657,
1.82343692985936,1.90271814290215),.UNSPECIFIED.);
#179=B_SPLINE_CURVE_WITH_KNOTS('',3,(#2740,#2741,#2742,#2743,#2744,#2745,
#2746,#2747,#2748,#2749,#2750,#2751,#2752,#2753,#2754,#2755,#2756,#2757),
 .UNSPECIFIED.,.F.,.F.,(4,2,2,2,2,2,2,2,4),(0.634239381904507,0.713520594830153,
0.792801807755799,0.872080439837718,0.951359071919637,1.03063770400156,
1.10991633608347,1.18919754900912,1.26847876193477),.UNSPECIFIED.);
#180=B_SPLINE_CURVE_WITH_KNOTS('',3,(#2758,#2759,#2760,#2761,#2762,#2763,
#2764,#2765,#2766,#2767,#2768,#2769,#2770,#2771,#2772,#2773,#2774,#2775),
 .UNSPECIFIED.,.F.,.F.,(4,2,2,2,2,2,2,2,4),(1.26847876193477,1.34775997497755,
1.42704118802034,1.5063198202194,1.58559845241846,1.66487708461752,1.74415571681657,
1.82343692985936,1.90271814290215),.UNSPECIFIED.);
#181=B_SPLINE_CURVE_WITH_KNOTS('',3,(#2778,#2779,#2780,#2781,#2782,#2783,
#2784,#2785,#2786,#2787,#2788,#2789,#2790,#2791,#2792,#2793,#2794,#2795),
 .UNSPECIFIED.,.F.,.F.,(4,2,2,2,2,2,2,2,4),(0.634239381904507,0.713520594830153,
0.792801807755799,0.872080439837718,0.951359071919637,1.03063770400156,
1.10991633608347,1.18919754900912,1.26847876193477),.UNSPECIFIED.);
#182=B_SPLINE_CURVE_WITH_KNOTS('',3,(#2796,#2797,#2798,#2799,#2800,#2801,
#2802,#2803,#2804,#2805,#2806,#2807,#2808,#2809,#2810,#2811,#2812,#2813),
 .UNSPECIFIED.,.F.,.F.,(4,2,2,2,2,2,2,2,4),(1.26847876193477,1.34775997497755,
1.42704118802034,1.5063198202194,1.58559845241846,1.66487708461752,1.74415571681657,
1.82343692985936,1.90271814290215),.UNSPECIFIED.);
#183=B_SPLINE_CURVE_WITH_KNOTS('',3,(#2816,#2817,#2818,#2819,#2820,#2821,
#2822,#2823,#2824,#2825,#2826,#2827,#2828,#2829,#2830,#2831,#2832,#2833),
 .UNSPECIFIED.,.F.,.F.,(4,2,2,2,2,2,2,2,4),(0.634239380967383,0.713520594010171,
0.792801807052959,0.872080439252017,0.951359071451074,1.03063770365013,
1.10991633584919,1.18919754889198,1.26847876193477),.UNSPECIFIED.);
#184=B_SPLINE_CURVE_WITH_KNOTS('',3,(#2834,#2835,#2836,#2837,#2838,#2839,
#2840,#2841,#2842,#2843,#2844,#2845,#2846,#2847,#2848,#2849,#2850,#2851),
 .UNSPECIFIED.,.F.,.F.,(4,2,2,2,2,2,2,2,4),(1.26847876193477,1.3477599748604,
1.42704118778603,1.50631981986793,1.58559845194983,1.66487708403174,1.74415571611364,
1.82343692903927,1.9027181419649),.UNSPECIFIED.);
#185=B_SPLINE_CURVE_WITH_KNOTS('',3,(#2854,#2855,#2856,#2857,#2858,#2859,
#2860,#2861,#2862,#2863,#2864,#2865,#2866,#2867,#2868,#2869,#2870,#2871),
 .UNSPECIFIED.,.F.,.F.,(4,2,2,2,2,2,2,2,4),(0.634239381904507,0.713520594830153,
0.792801807755799,0.872080439837718,0.951359071919637,1.03063770400156,
1.10991633608347,1.18919754900912,1.26847876193477),.UNSPECIFIED.);
#186=B_SPLINE_CURVE_WITH_KNOTS('',3,(#2872,#2873,#2874,#2875,#2876,#2877,
#2878,#2879,#2880,#2881,#2882,#2883,#2884,#2885,#2886,#2887,#2888,#2889),
 .UNSPECIFIED.,.F.,.F.,(4,2,2,2,2,2,2,2,4),(1.26847876193477,1.34775997497755,
1.42704118802034,1.5063198202194,1.58559845241846,1.66487708461752,1.74415571681657,
1.82343692985936,1.90271814290215),.UNSPECIFIED.);
#187=B_SPLINE_CURVE_WITH_KNOTS('',3,(#2892,#2893,#2894,#2895,#2896,#2897,
#2898,#2899,#2900,#2901,#2902,#2903,#2904,#2905,#2906,#2907,#2908,#2909),
 .UNSPECIFIED.,.F.,.F.,(4,2,2,2,2,2,2,2,4),(0.634239381904507,0.713520594830153,
0.792801807755799,0.872080439837718,0.951359071919637,1.03063770400156,
1.10991633608347,1.18919754900912,1.26847876193477),.UNSPECIFIED.);
#188=B_SPLINE_CURVE_WITH_KNOTS('',3,(#2910,#2911,#2912,#2913,#2914,#2915,
#2916,#2917,#2918,#2919,#2920,#2921,#2922,#2923,#2924,#2925,#2926,#2927),
 .UNSPECIFIED.,.F.,.F.,(4,2,2,2,2,2,2,2,4),(1.26847876193477,1.34775997497755,
1.42704118802034,1.5063198202194,1.58559845241846,1.66487708461752,1.74415571681657,
1.82343692985936,1.90271814290215),.UNSPECIFIED.);
#189=LINE('',#843,#211);
#190=LINE('',#876,#212);
#191=LINE('',#963,#213);
#192=LINE('',#1050,#214);
#193=LINE('',#1140,#215);
#194=LINE('',#1224,#216);
#195=LINE('',#1310,#217);
#196=LINE('',#1336,#218);
#197=LINE('',#1373,#219);
#198=LINE('',#1410,#220);
#199=LINE('',#1447,#221);
#200=LINE('',#2615,#222);
#201=LINE('',#2639,#223);
#202=LINE('',#2934,#224);
#203=LINE('',#2943,#225);
#204=LINE('',#2948,#226);
#205=LINE('',#2953,#227);
#206=LINE('',#2958,#228);
#207=LINE('',#2963,#229);
#208=LINE('',#2968,#230);
#209=LINE('',#2973,#231);
#210=LINE('',#2978,#232);
#211=VECTOR('',#709,9.5);
#212=VECTOR('',#714,9.5);
#213=VECTOR('',#717,9.5);
#214=VECTOR('',#720,9.5);
#215=VECTOR('',#723,9.5);
#216=VECTOR('',#726,9.5);
#217=VECTOR('',#731,9.1933);
#218=VECTOR('',#736,9.1933);
#219=VECTOR('',#739,9.1933);
#220=VECTOR('',#742,9.1933);
#221=VECTOR('',#745,9.1933);
#222=VECTOR('',#758,12.);
#223=VECTOR('',#759,12.);
#224=VECTOR('',#768,9.);
#225=VECTOR('',#781,2.1);
#226=VECTOR('',#788,2.1);
#227=VECTOR('',#795,2.1);
#228=VECTOR('',#802,2.1);
#229=VECTOR('',#809,2.1);
#230=VECTOR('',#816,2.1);
#231=VECTOR('',#823,2.1);
#232=VECTOR('',#830,2.1);
#233=VERTEX_POINT('',#841);
#234=VERTEX_POINT('',#842);
#235=VERTEX_POINT('',#844);
#236=VERTEX_POINT('',#861);
#237=VERTEX_POINT('',#874);
#238=VERTEX_POINT('',#875);
#239=VERTEX_POINT('',#961);
#240=VERTEX_POINT('',#962);
#241=VERTEX_POINT('',#1048);
#242=VERTEX_POINT('',#1049);
#243=VERTEX_POINT('',#1138);
#244=VERTEX_POINT('',#1139);
#245=VERTEX_POINT('',#1222);
#246=VERTEX_POINT('',#1223);
#247=VERTEX_POINT('',#1225);
#248=VERTEX_POINT('',#1308);
#249=VERTEX_POINT('',#1309);
#250=VERTEX_POINT('',#1311);
#251=VERTEX_POINT('',#1323);
#252=VERTEX_POINT('',#1334);
#253=VERTEX_POINT('',#1335);
#254=VERTEX_POINT('',#1371);
#255=VERTEX_POINT('',#1372);
#256=VERTEX_POINT('',#1408);
#257=VERTEX_POINT('',#1409);
#258=VERTEX_POINT('',#1445);
#259=VERTEX_POINT('',#1446);
#260=VERTEX_POINT('',#1774);
#261=VERTEX_POINT('',#1906);
#262=VERTEX_POINT('',#2049);
#263=VERTEX_POINT('',#2612);
#264=VERTEX_POINT('',#2614);
#265=VERTEX_POINT('',#2616);
#266=VERTEX_POINT('',#2627);
#267=VERTEX_POINT('',#2638);
#268=VERTEX_POINT('',#2641);
#269=VERTEX_POINT('',#2662);
#270=VERTEX_POINT('',#2663);
#271=VERTEX_POINT('',#2700);
#272=VERTEX_POINT('',#2701);
#273=VERTEX_POINT('',#2738);
#274=VERTEX_POINT('',#2739);
#275=VERTEX_POINT('',#2776);
#276=VERTEX_POINT('',#2777);
#277=VERTEX_POINT('',#2814);
#278=VERTEX_POINT('',#2815);
#279=VERTEX_POINT('',#2852);
#280=VERTEX_POINT('',#2853);
#281=VERTEX_POINT('',#2890);
#282=VERTEX_POINT('',#2891);
#283=VERTEX_POINT('',#2929);
#284=VERTEX_POINT('',#2930);
#285=VERTEX_POINT('',#2933);
#286=VERTEX_POINT('',#2937);
#287=VERTEX_POINT('',#2942);
#288=VERTEX_POINT('',#2947);
#289=VERTEX_POINT('',#2952);
#290=VERTEX_POINT('',#2957);
#291=VERTEX_POINT('',#2962);
#292=VERTEX_POINT('',#2967);
#293=VERTEX_POINT('',#2972);
#294=VERTEX_POINT('',#2977);
#295=EDGE_CURVE('',#233,#234,#189,.T.);
#296=EDGE_CURVE('',#233,#235,#142,.T.);
#297=EDGE_CURVE('',#236,#235,#122,.T.);
#298=EDGE_CURVE('',#236,#234,#143,.T.);
#299=EDGE_CURVE('',#237,#238,#190,.T.);
#300=EDGE_CURVE('',#237,#233,#144,.T.);
#301=EDGE_CURVE('',#234,#238,#145,.T.);
#302=EDGE_CURVE('',#239,#240,#191,.T.);
#303=EDGE_CURVE('',#239,#237,#146,.T.);
#304=EDGE_CURVE('',#238,#240,#147,.T.);
#305=EDGE_CURVE('',#241,#242,#192,.T.);
#306=EDGE_CURVE('',#241,#239,#148,.T.);
#307=EDGE_CURVE('',#240,#242,#149,.T.);
#308=EDGE_CURVE('',#243,#244,#193,.T.);
#309=EDGE_CURVE('',#243,#241,#150,.T.);
#310=EDGE_CURVE('',#242,#244,#151,.T.);
#311=EDGE_CURVE('',#245,#246,#194,.T.);
#312=EDGE_CURVE('',#247,#245,#123,.T.);
#313=EDGE_CURVE('',#247,#243,#152,.T.);
#314=EDGE_CURVE('',#244,#246,#153,.T.);
#315=EDGE_CURVE('',#248,#249,#195,.T.);
#316=EDGE_CURVE('',#248,#250,#154,.T.);
#317=EDGE_CURVE('',#251,#250,#124,.T.);
#318=EDGE_CURVE('',#249,#251,#155,.T.);
#319=EDGE_CURVE('',#252,#253,#196,.T.);
#320=EDGE_CURVE('',#252,#248,#156,.T.);
#321=EDGE_CURVE('',#253,#249,#157,.T.);
#322=EDGE_CURVE('',#254,#255,#197,.T.);
#323=EDGE_CURVE('',#254,#252,#158,.T.);
#324=EDGE_CURVE('',#255,#253,#159,.T.);
#325=EDGE_CURVE('',#256,#257,#198,.T.);
#326=EDGE_CURVE('',#256,#254,#160,.T.);
#327=EDGE_CURVE('',#257,#255,#161,.T.);
#328=EDGE_CURVE('',#258,#259,#199,.T.);
#329=EDGE_CURVE('',#258,#256,#162,.T.);
#330=EDGE_CURVE('',#259,#257,#163,.T.);
#331=EDGE_CURVE('',#260,#251,#164,.T.);
#332=EDGE_CURVE('',#246,#260,#165,.T.);
#333=EDGE_CURVE('',#261,#236,#166,.T.);
#334=EDGE_CURVE('',#261,#259,#167,.T.);
#335=EDGE_CURVE('',#262,#261,#125,.T.);
#336=EDGE_CURVE('',#262,#258,#168,.T.);
#337=EDGE_CURVE('',#250,#247,#169,.T.);
#338=EDGE_CURVE('',#235,#262,#170,.T.);
#339=EDGE_CURVE('',#245,#260,#126,.T.);
#340=EDGE_CURVE('',#263,#263,#127,.T.);
#341=EDGE_CURVE('',#263,#264,#200,.T.);
#342=EDGE_CURVE('',#265,#264,#171,.T.);
#343=EDGE_CURVE('',#266,#265,#172,.T.);
#344=EDGE_CURVE('',#266,#267,#201,.T.);
#345=EDGE_CURVE('',#267,#267,#128,.T.);
#346=EDGE_CURVE('',#268,#266,#173,.T.);
#347=EDGE_CURVE('',#264,#268,#174,.T.);
#348=EDGE_CURVE('',#269,#270,#175,.F.);
#349=EDGE_CURVE('',#270,#269,#176,.F.);
#350=EDGE_CURVE('',#271,#272,#177,.T.);
#351=EDGE_CURVE('',#272,#271,#178,.T.);
#352=EDGE_CURVE('',#273,#274,#179,.T.);
#353=EDGE_CURVE('',#274,#273,#180,.T.);
#354=EDGE_CURVE('',#275,#276,#181,.T.);
#355=EDGE_CURVE('',#276,#275,#182,.T.);
#356=EDGE_CURVE('',#277,#278,#183,.T.);
#357=EDGE_CURVE('',#278,#277,#184,.T.);
#358=EDGE_CURVE('',#279,#280,#185,.T.);
#359=EDGE_CURVE('',#280,#279,#186,.T.);
#360=EDGE_CURVE('',#281,#282,#187,.T.);
#361=EDGE_CURVE('',#282,#281,#188,.T.);
#362=EDGE_CURVE('',#283,#284,#129,.T.);
#363=EDGE_CURVE('',#284,#283,#130,.T.);
#364=EDGE_CURVE('',#283,#285,#202,.T.);
#365=EDGE_CURVE('',#285,#285,#131,.T.);
#366=EDGE_CURVE('',#286,#286,#132,.T.);
#367=EDGE_CURVE('',#272,#287,#203,.T.);
#368=EDGE_CURVE('',#287,#287,#133,.T.);
#369=EDGE_CURVE('',#274,#288,#204,.T.);
#370=EDGE_CURVE('',#288,#288,#134,.T.);
#371=EDGE_CURVE('',#268,#289,#205,.T.);
#372=EDGE_CURVE('',#289,#289,#135,.T.);
#373=EDGE_CURVE('',#276,#290,#206,.T.);
#374=EDGE_CURVE('',#290,#290,#136,.T.);
#375=EDGE_CURVE('',#278,#291,#207,.T.);
#376=EDGE_CURVE('',#291,#291,#137,.T.);
#377=EDGE_CURVE('',#280,#292,#208,.T.);
#378=EDGE_CURVE('',#292,#292,#138,.T.);
#379=EDGE_CURVE('',#270,#293,#209,.T.);
#380=EDGE_CURVE('',#293,#293,#139,.T.);
#381=EDGE_CURVE('',#282,#294,#210,.T.);
#382=EDGE_CURVE('',#294,#294,#140,.T.);
#383=EDGE_CURVE('',#284,#286,#141,.T.);
#384=ORIENTED_EDGE('',*,*,#295,.F.);
#385=ORIENTED_EDGE('',*,*,#296,.T.);
#386=ORIENTED_EDGE('',*,*,#297,.F.);
#387=ORIENTED_EDGE('',*,*,#298,.T.);
#388=ORIENTED_EDGE('',*,*,#299,.F.);
#389=ORIENTED_EDGE('',*,*,#300,.T.);
#390=ORIENTED_EDGE('',*,*,#295,.T.);
#391=ORIENTED_EDGE('',*,*,#301,.T.);
#392=ORIENTED_EDGE('',*,*,#302,.F.);
#393=ORIENTED_EDGE('',*,*,#303,.T.);
#394=ORIENTED_EDGE('',*,*,#299,.T.);
#395=ORIENTED_EDGE('',*,*,#304,.T.);
#396=ORIENTED_EDGE('',*,*,#305,.F.);
#397=ORIENTED_EDGE('',*,*,#306,.T.);
#398=ORIENTED_EDGE('',*,*,#302,.T.);
#399=ORIENTED_EDGE('',*,*,#307,.T.);
#400=ORIENTED_EDGE('',*,*,#308,.F.);
#401=ORIENTED_EDGE('',*,*,#309,.T.);
#402=ORIENTED_EDGE('',*,*,#305,.T.);
#403=ORIENTED_EDGE('',*,*,#310,.T.);
#404=ORIENTED_EDGE('',*,*,#311,.F.);
#405=ORIENTED_EDGE('',*,*,#312,.F.);
#406=ORIENTED_EDGE('',*,*,#313,.T.);
#407=ORIENTED_EDGE('',*,*,#308,.T.);
#408=ORIENTED_EDGE('',*,*,#314,.T.);
#409=ORIENTED_EDGE('',*,*,#315,.F.);
#410=ORIENTED_EDGE('',*,*,#316,.T.);
#411=ORIENTED_EDGE('',*,*,#317,.F.);
#412=ORIENTED_EDGE('',*,*,#318,.F.);
#413=ORIENTED_EDGE('',*,*,#319,.F.);
#414=ORIENTED_EDGE('',*,*,#320,.T.);
#415=ORIENTED_EDGE('',*,*,#315,.T.);
#416=ORIENTED_EDGE('',*,*,#321,.F.);
#417=ORIENTED_EDGE('',*,*,#322,.F.);
#418=ORIENTED_EDGE('',*,*,#323,.T.);
#419=ORIENTED_EDGE('',*,*,#319,.T.);
#420=ORIENTED_EDGE('',*,*,#324,.F.);
#421=ORIENTED_EDGE('',*,*,#325,.F.);
#422=ORIENTED_EDGE('',*,*,#326,.T.);
#423=ORIENTED_EDGE('',*,*,#322,.T.);
#424=ORIENTED_EDGE('',*,*,#327,.F.);
#425=ORIENTED_EDGE('',*,*,#328,.F.);
#426=ORIENTED_EDGE('',*,*,#329,.T.);
#427=ORIENTED_EDGE('',*,*,#325,.T.);
#428=ORIENTED_EDGE('',*,*,#330,.F.);
#429=ORIENTED_EDGE('',*,*,#331,.F.);
#430=ORIENTED_EDGE('',*,*,#332,.F.);
#431=ORIENTED_EDGE('',*,*,#314,.F.);
#432=ORIENTED_EDGE('',*,*,#310,.F.);
#433=ORIENTED_EDGE('',*,*,#307,.F.);
#434=ORIENTED_EDGE('',*,*,#304,.F.);
#435=ORIENTED_EDGE('',*,*,#301,.F.);
#436=ORIENTED_EDGE('',*,*,#298,.F.);
#437=ORIENTED_EDGE('',*,*,#333,.F.);
#438=ORIENTED_EDGE('',*,*,#334,.T.);
#439=ORIENTED_EDGE('',*,*,#330,.T.);
#440=ORIENTED_EDGE('',*,*,#327,.T.);
#441=ORIENTED_EDGE('',*,*,#324,.T.);
#442=ORIENTED_EDGE('',*,*,#321,.T.);
#443=ORIENTED_EDGE('',*,*,#318,.T.);
#444=ORIENTED_EDGE('',*,*,#328,.T.);
#445=ORIENTED_EDGE('',*,*,#334,.F.);
#446=ORIENTED_EDGE('',*,*,#335,.F.);
#447=ORIENTED_EDGE('',*,*,#336,.T.);
#448=ORIENTED_EDGE('',*,*,#337,.F.);
#449=ORIENTED_EDGE('',*,*,#316,.F.);
#450=ORIENTED_EDGE('',*,*,#320,.F.);
#451=ORIENTED_EDGE('',*,*,#323,.F.);
#452=ORIENTED_EDGE('',*,*,#326,.F.);
#453=ORIENTED_EDGE('',*,*,#329,.F.);
#454=ORIENTED_EDGE('',*,*,#336,.F.);
#455=ORIENTED_EDGE('',*,*,#338,.F.);
#456=ORIENTED_EDGE('',*,*,#296,.F.);
#457=ORIENTED_EDGE('',*,*,#300,.F.);
#458=ORIENTED_EDGE('',*,*,#303,.F.);
#459=ORIENTED_EDGE('',*,*,#306,.F.);
#460=ORIENTED_EDGE('',*,*,#309,.F.);
#461=ORIENTED_EDGE('',*,*,#313,.F.);
#462=ORIENTED_EDGE('',*,*,#311,.T.);
#463=ORIENTED_EDGE('',*,*,#332,.T.);
#464=ORIENTED_EDGE('',*,*,#339,.F.);
#465=ORIENTED_EDGE('',*,*,#340,.T.);
#466=ORIENTED_EDGE('',*,*,#341,.T.);
#467=ORIENTED_EDGE('',*,*,#342,.F.);
#468=ORIENTED_EDGE('',*,*,#343,.F.);
#469=ORIENTED_EDGE('',*,*,#344,.T.);
#470=ORIENTED_EDGE('',*,*,#345,.F.);
#471=ORIENTED_EDGE('',*,*,#344,.F.);
#472=ORIENTED_EDGE('',*,*,#346,.F.);
#473=ORIENTED_EDGE('',*,*,#347,.F.);
#474=ORIENTED_EDGE('',*,*,#341,.F.);
#475=ORIENTED_EDGE('',*,*,#348,.F.);
#476=ORIENTED_EDGE('',*,*,#349,.F.);
#477=ORIENTED_EDGE('',*,*,#350,.F.);
#478=ORIENTED_EDGE('',*,*,#351,.F.);
#479=ORIENTED_EDGE('',*,*,#352,.F.);
#480=ORIENTED_EDGE('',*,*,#353,.F.);
#481=ORIENTED_EDGE('',*,*,#354,.F.);
#482=ORIENTED_EDGE('',*,*,#355,.F.);
#483=ORIENTED_EDGE('',*,*,#356,.F.);
#484=ORIENTED_EDGE('',*,*,#357,.F.);
#485=ORIENTED_EDGE('',*,*,#358,.F.);
#486=ORIENTED_EDGE('',*,*,#359,.F.);
#487=ORIENTED_EDGE('',*,*,#360,.F.);
#488=ORIENTED_EDGE('',*,*,#361,.F.);
#489=ORIENTED_EDGE('',*,*,#362,.T.);
#490=ORIENTED_EDGE('',*,*,#363,.T.);
#491=ORIENTED_EDGE('',*,*,#364,.T.);
#492=ORIENTED_EDGE('',*,*,#365,.F.);
#493=ORIENTED_EDGE('',*,*,#364,.F.);
#494=ORIENTED_EDGE('',*,*,#345,.T.);
#495=ORIENTED_EDGE('',*,*,#366,.T.);
#496=ORIENTED_EDGE('',*,*,#337,.T.);
#497=ORIENTED_EDGE('',*,*,#312,.T.);
#498=ORIENTED_EDGE('',*,*,#339,.T.);
#499=ORIENTED_EDGE('',*,*,#331,.T.);
#500=ORIENTED_EDGE('',*,*,#317,.T.);
#501=ORIENTED_EDGE('',*,*,#365,.T.);
#502=ORIENTED_EDGE('',*,*,#340,.F.);
#503=ORIENTED_EDGE('',*,*,#297,.T.);
#504=ORIENTED_EDGE('',*,*,#338,.T.);
#505=ORIENTED_EDGE('',*,*,#335,.T.);
#506=ORIENTED_EDGE('',*,*,#333,.T.);
#507=ORIENTED_EDGE('',*,*,#350,.T.);
#508=ORIENTED_EDGE('',*,*,#367,.T.);
#509=ORIENTED_EDGE('',*,*,#368,.F.);
#510=ORIENTED_EDGE('',*,*,#367,.F.);
#511=ORIENTED_EDGE('',*,*,#351,.T.);
#512=ORIENTED_EDGE('',*,*,#368,.T.);
#513=ORIENTED_EDGE('',*,*,#352,.T.);
#514=ORIENTED_EDGE('',*,*,#369,.T.);
#515=ORIENTED_EDGE('',*,*,#370,.F.);
#516=ORIENTED_EDGE('',*,*,#369,.F.);
#517=ORIENTED_EDGE('',*,*,#353,.T.);
#518=ORIENTED_EDGE('',*,*,#370,.T.);
#519=ORIENTED_EDGE('',*,*,#342,.T.);
#520=ORIENTED_EDGE('',*,*,#347,.T.);
#521=ORIENTED_EDGE('',*,*,#371,.T.);
#522=ORIENTED_EDGE('',*,*,#372,.F.);
#523=ORIENTED_EDGE('',*,*,#371,.F.);
#524=ORIENTED_EDGE('',*,*,#346,.T.);
#525=ORIENTED_EDGE('',*,*,#343,.T.);
#526=ORIENTED_EDGE('',*,*,#372,.T.);
#527=ORIENTED_EDGE('',*,*,#354,.T.);
#528=ORIENTED_EDGE('',*,*,#373,.T.);
#529=ORIENTED_EDGE('',*,*,#374,.F.);
#530=ORIENTED_EDGE('',*,*,#373,.F.);
#531=ORIENTED_EDGE('',*,*,#355,.T.);
#532=ORIENTED_EDGE('',*,*,#374,.T.);
#533=ORIENTED_EDGE('',*,*,#356,.T.);
#534=ORIENTED_EDGE('',*,*,#375,.T.);
#535=ORIENTED_EDGE('',*,*,#376,.F.);
#536=ORIENTED_EDGE('',*,*,#375,.F.);
#537=ORIENTED_EDGE('',*,*,#357,.T.);
#538=ORIENTED_EDGE('',*,*,#376,.T.);
#539=ORIENTED_EDGE('',*,*,#358,.T.);
#540=ORIENTED_EDGE('',*,*,#377,.T.);
#541=ORIENTED_EDGE('',*,*,#378,.F.);
#542=ORIENTED_EDGE('',*,*,#377,.F.);
#543=ORIENTED_EDGE('',*,*,#359,.T.);
#544=ORIENTED_EDGE('',*,*,#378,.T.);
#545=ORIENTED_EDGE('',*,*,#348,.T.);
#546=ORIENTED_EDGE('',*,*,#379,.T.);
#547=ORIENTED_EDGE('',*,*,#380,.F.);
#548=ORIENTED_EDGE('',*,*,#379,.F.);
#549=ORIENTED_EDGE('',*,*,#349,.T.);
#550=ORIENTED_EDGE('',*,*,#380,.T.);
#551=ORIENTED_EDGE('',*,*,#360,.T.);
#552=ORIENTED_EDGE('',*,*,#381,.T.);
#553=ORIENTED_EDGE('',*,*,#382,.F.);
#554=ORIENTED_EDGE('',*,*,#381,.F.);
#555=ORIENTED_EDGE('',*,*,#361,.T.);
#556=ORIENTED_EDGE('',*,*,#382,.T.);
#557=ORIENTED_EDGE('',*,*,#362,.F.);
#558=ORIENTED_EDGE('',*,*,#363,.F.);
#559=ORIENTED_EDGE('',*,*,#383,.T.);
#560=ORIENTED_EDGE('',*,*,#366,.F.);
#561=ORIENTED_EDGE('',*,*,#383,.F.);
#562=CYLINDRICAL_SURFACE('',#650,9.5);
#563=CYLINDRICAL_SURFACE('',#652,9.5);
#564=CYLINDRICAL_SURFACE('',#653,9.5);
#565=CYLINDRICAL_SURFACE('',#654,9.5);
#566=CYLINDRICAL_SURFACE('',#655,9.5);
#567=CYLINDRICAL_SURFACE('',#656,9.5);
#568=CYLINDRICAL_SURFACE('',#658,9.1933);
#569=CYLINDRICAL_SURFACE('',#660,9.1933);
#570=CYLINDRICAL_SURFACE('',#661,9.1933);
#571=CYLINDRICAL_SURFACE('',#662,9.1933);
#572=CYLINDRICAL_SURFACE('',#663,9.1933);
#573=CYLINDRICAL_SURFACE('',#664,9.1933);
#574=CYLINDRICAL_SURFACE('',#666,9.5);
#575=CYLINDRICAL_SURFACE('',#668,12.);
#576=CYLINDRICAL_SURFACE('',#671,9.);
#577=CYLINDRICAL_SURFACE('',#679,2.1);
#578=CYLINDRICAL_SURFACE('',#682,2.1);
#579=CYLINDRICAL_SURFACE('',#685,2.1);
#580=CYLINDRICAL_SURFACE('',#688,2.1);
#581=CYLINDRICAL_SURFACE('',#691,2.1);
#582=CYLINDRICAL_SURFACE('',#694,2.1);
#583=CYLINDRICAL_SURFACE('',#697,2.1);
#584=CYLINDRICAL_SURFACE('',#700,2.1);
#585=STYLED_ITEM('',(#3004),#599);
#586=STYLED_ITEM('',(#3004),#600);
#587=STYLED_ITEM('',(#3004),#601);
#588=STYLED_ITEM('',(#3004),#602);
#589=STYLED_ITEM('',(#3004),#603);
#590=STYLED_ITEM('',(#3004),#604);
#591=STYLED_ITEM('',(#3004),#613);
#592=STYLED_ITEM('',(#3004),#614);
#593=STYLED_ITEM('',(#3004),#615);
#594=STYLED_ITEM('',(#3004),#616);
#595=STYLED_ITEM('',(#3004),#617);
#596=STYLED_ITEM('',(#3004),#618);
#597=STYLED_ITEM('',(#3004),#635);
#598=STYLED_ITEM('',(#3003),#13);
#599=ADVANCED_FACE('',(#38),#562,.T.);
#600=ADVANCED_FACE('',(#39),#563,.T.);
#601=ADVANCED_FACE('',(#40),#564,.T.);
#602=ADVANCED_FACE('',(#41),#565,.T.);
#603=ADVANCED_FACE('',(#42),#566,.T.);
#604=ADVANCED_FACE('',(#43),#567,.T.);
#605=ADVANCED_FACE('',(#44),#568,.T.);
#606=ADVANCED_FACE('',(#45),#569,.T.);
#607=ADVANCED_FACE('',(#46),#570,.T.);
#608=ADVANCED_FACE('',(#47),#571,.T.);
#609=ADVANCED_FACE('',(#48),#572,.T.);
#610=ADVANCED_FACE('',(#49),#36,.F.);
#611=ADVANCED_FACE('',(#50),#573,.T.);
#612=ADVANCED_FACE('',(#51),#37,.F.);
#613=ADVANCED_FACE('',(#52),#574,.T.);
#614=ADVANCED_FACE('',(#53,#26,#27,#28,#29,#30,#31,#32),#575,.T.);
#615=ADVANCED_FACE('',(#54),#576,.F.);
#616=ADVANCED_FACE('',(#55,#33),#15,.T.);
#617=ADVANCED_FACE('',(#56,#34),#16,.F.);
#618=ADVANCED_FACE('',(#57,#35),#17,.F.);
#619=ADVANCED_FACE('',(#58),#577,.F.);
#620=ADVANCED_FACE('',(#59),#18,.T.);
#621=ADVANCED_FACE('',(#60),#578,.F.);
#622=ADVANCED_FACE('',(#61),#19,.T.);
#623=ADVANCED_FACE('',(#62),#579,.F.);
#624=ADVANCED_FACE('',(#63),#20,.T.);
#625=ADVANCED_FACE('',(#64),#580,.F.);
#626=ADVANCED_FACE('',(#65),#21,.T.);
#627=ADVANCED_FACE('',(#66),#581,.F.);
#628=ADVANCED_FACE('',(#67),#22,.T.);
#629=ADVANCED_FACE('',(#68),#582,.F.);
#630=ADVANCED_FACE('',(#69),#23,.T.);
#631=ADVANCED_FACE('',(#70),#583,.F.);
#632=ADVANCED_FACE('',(#71),#24,.T.);
#633=ADVANCED_FACE('',(#72),#584,.F.);
#634=ADVANCED_FACE('',(#73),#25,.T.);
#635=ADVANCED_FACE('',(#74),#14,.T.);
#636=CLOSED_SHELL('',(#599,#600,#601,#602,#603,#604,#605,#606,#607,#608,
#609,#610,#611,#612,#613,#614,#615,#616,#617,#618,#619,#620,#621,#622,#623,
#624,#625,#626,#627,#628,#629,#630,#631,#632,#633,#634,#635));
#637=DERIVED_UNIT_ELEMENT(#639,1.);
#638=DERIVED_UNIT_ELEMENT(#2988,-3.);
#639=(
MASS_UNIT()
NAMED_UNIT(*)
SI_UNIT(.KILO.,.GRAM.)
);
#640=DERIVED_UNIT((#637,#638));
#641=MEASURE_REPRESENTATION_ITEM('density measure',
POSITIVE_RATIO_MEASURE(7850.),#640);
#642=PROPERTY_DEFINITION_REPRESENTATION(#647,#644);
#643=PROPERTY_DEFINITION_REPRESENTATION(#648,#645);
#644=REPRESENTATION('material name',(#646),#2985);
#645=REPRESENTATION('density',(#641),#2985);
#646=DESCRIPTIVE_REPRESENTATION_ITEM('Steel','Steel');
#647=PROPERTY_DEFINITION('material property','material name',#2995);
#648=PROPERTY_DEFINITION('material property','density of part',#2995);
#649=AXIS2_PLACEMENT_3D('',#839,#705,#706);
#650=AXIS2_PLACEMENT_3D('',#840,#707,#708);
#651=AXIS2_PLACEMENT_3D('',#862,#710,#711);
#652=AXIS2_PLACEMENT_3D('',#873,#712,#713);
#653=AXIS2_PLACEMENT_3D('',#960,#715,#716);
#654=AXIS2_PLACEMENT_3D('',#1047,#718,#719);
#655=AXIS2_PLACEMENT_3D('',#1137,#721,#722);
#656=AXIS2_PLACEMENT_3D('',#1221,#724,#725);
#657=AXIS2_PLACEMENT_3D('',#1226,#727,#728);
#658=AXIS2_PLACEMENT_3D('',#1307,#729,#730);
#659=AXIS2_PLACEMENT_3D('',#1324,#732,#733);
#660=AXIS2_PLACEMENT_3D('',#1333,#734,#735);
#661=AXIS2_PLACEMENT_3D('',#1370,#737,#738);
#662=AXIS2_PLACEMENT_3D('',#1407,#740,#741);
#663=AXIS2_PLACEMENT_3D('',#1444,#743,#744);
#664=AXIS2_PLACEMENT_3D('',#2048,#746,#747);
#665=AXIS2_PLACEMENT_3D('',#2050,#748,#749);
#666=AXIS2_PLACEMENT_3D('',#2609,#750,#751);
#667=AXIS2_PLACEMENT_3D('',#2610,#752,#753);
#668=AXIS2_PLACEMENT_3D('',#2611,#754,#755);
#669=AXIS2_PLACEMENT_3D('',#2613,#756,#757);
#670=AXIS2_PLACEMENT_3D('',#2640,#760,#761);
#671=AXIS2_PLACEMENT_3D('',#2928,#762,#763);
#672=AXIS2_PLACEMENT_3D('',#2931,#764,#765);
#673=AXIS2_PLACEMENT_3D('',#2932,#766,#767);
#674=AXIS2_PLACEMENT_3D('',#2935,#769,#770);
#675=AXIS2_PLACEMENT_3D('',#2936,#771,#772);
#676=AXIS2_PLACEMENT_3D('',#2938,#773,#774);
#677=AXIS2_PLACEMENT_3D('',#2939,#775,#776);
#678=AXIS2_PLACEMENT_3D('',#2940,#777,#778);
#679=AXIS2_PLACEMENT_3D('',#2941,#779,#780);
#680=AXIS2_PLACEMENT_3D('',#2944,#782,#783);
#681=AXIS2_PLACEMENT_3D('',#2945,#784,#785);
#682=AXIS2_PLACEMENT_3D('',#2946,#786,#787);
#683=AXIS2_PLACEMENT_3D('',#2949,#789,#790);
#684=AXIS2_PLACEMENT_3D('',#2950,#791,#792);
#685=AXIS2_PLACEMENT_3D('',#2951,#793,#794);
#686=AXIS2_PLACEMENT_3D('',#2954,#796,#797);
#687=AXIS2_PLACEMENT_3D('',#2955,#798,#799);
#688=AXIS2_PLACEMENT_3D('',#2956,#800,#801);
#689=AXIS2_PLACEMENT_3D('',#2959,#803,#804);
#690=AXIS2_PLACEMENT_3D('',#2960,#805,#806);
#691=AXIS2_PLACEMENT_3D('',#2961,#807,#808);
#692=AXIS2_PLACEMENT_3D('',#2964,#810,#811);
#693=AXIS2_PLACEMENT_3D('',#2965,#812,#813);
#694=AXIS2_PLACEMENT_3D('',#2966,#814,#815);
#695=AXIS2_PLACEMENT_3D('',#2969,#817,#818);
#696=AXIS2_PLACEMENT_3D('',#2970,#819,#820);
#697=AXIS2_PLACEMENT_3D('',#2971,#821,#822);
#698=AXIS2_PLACEMENT_3D('',#2974,#824,#825);
#699=AXIS2_PLACEMENT_3D('',#2975,#826,#827);
#700=AXIS2_PLACEMENT_3D('',#2976,#828,#829);
#701=AXIS2_PLACEMENT_3D('',#2979,#831,#832);
#702=AXIS2_PLACEMENT_3D('',#2980,#833,#834);
#703=AXIS2_PLACEMENT_3D('',#2981,#835,#836);
#704=AXIS2_PLACEMENT_3D('',#2982,#837,#838);
#705=DIRECTION('axis',(0.,0.,1.));
#706=DIRECTION('refdir',(1.,0.,0.));
#707=DIRECTION('center_axis',(0.,-1.,2.22044604925031E-16));
#708=DIRECTION('ref_axis',(-0.923879532511287,8.49727915508613E-17,0.38268343236509));
#709=DIRECTION('',(0.,1.,-2.22044604925031E-16));
#710=DIRECTION('center_axis',(0.,1.,-2.22044604925031E-16));
#711=DIRECTION('ref_axis',(0.923879532511287,-8.49727915508613E-17,-0.38268343236509));
#712=DIRECTION('center_axis',(0.,-1.,2.22044604925031E-16));
#713=DIRECTION('ref_axis',(-0.923879532511287,8.49727915508613E-17,0.38268343236509));
#714=DIRECTION('',(0.,1.,-2.22044604925031E-16));
#715=DIRECTION('center_axis',(0.,-1.,2.22044604925031E-16));
#716=DIRECTION('ref_axis',(-0.923879532511287,8.49727915508613E-17,0.38268343236509));
#717=DIRECTION('',(0.,1.,-2.22044604925031E-16));
#718=DIRECTION('center_axis',(0.,-1.,2.22044604925031E-16));
#719=DIRECTION('ref_axis',(-0.923879532511287,8.49727915508613E-17,0.38268343236509));
#720=DIRECTION('',(0.,1.,-2.22044604925031E-16));
#721=DIRECTION('center_axis',(0.,-1.,2.22044604925031E-16));
#722=DIRECTION('ref_axis',(-0.923879532511287,8.49727915508613E-17,0.38268343236509));
#723=DIRECTION('',(0.,1.,-2.22044604925031E-16));
#724=DIRECTION('center_axis',(0.,-1.,2.22044604925031E-16));
#725=DIRECTION('ref_axis',(-0.923879532511287,8.49727915508613E-17,0.38268343236509));
#726=DIRECTION('',(0.,1.,-2.22044604925031E-16));
#727=DIRECTION('center_axis',(0.,-1.,2.22044604925031E-16));
#728=DIRECTION('ref_axis',(0.923879532511287,-8.49727915508613E-17,-0.38268343236509));
#729=DIRECTION('center_axis',(-1.23259516440783E-32,-1.,2.22044604925031E-16));
#730=DIRECTION('ref_axis',(0.283890414160395,2.12908964265145E-16,0.95885673212834));
#731=DIRECTION('',(1.57320360647329E-30,-1.,2.22044604925031E-16));
#732=DIRECTION('center_axis',(0.,-1.,2.22044604925031E-16));
#733=DIRECTION('ref_axis',(-0.92387953251129,8.49727915508614E-17,0.382683432365083));
#734=DIRECTION('center_axis',(-1.23259516440783E-32,-1.,2.22044604925031E-16));
#735=DIRECTION('ref_axis',(-0.92387953251129,8.49727915508614E-17,0.382683432365083));
#736=DIRECTION('',(1.57320360647329E-30,-1.,2.22044604925031E-16));
#737=DIRECTION('center_axis',(-1.23259516440783E-32,-1.,2.22044604925031E-16));
#738=DIRECTION('ref_axis',(-0.92387953251129,8.49727915508614E-17,0.382683432365083));
#739=DIRECTION('',(1.57320360647329E-30,-1.,2.22044604925031E-16));
#740=DIRECTION('center_axis',(-1.23259516440783E-32,-1.,2.22044604925031E-16));
#741=DIRECTION('ref_axis',(-0.92387953251129,8.49727915508614E-17,0.382683432365083));
#742=DIRECTION('',(1.57320360647329E-30,-1.,2.22044604925031E-16));
#743=DIRECTION('center_axis',(-1.23259516440783E-32,-1.,2.22044604925031E-16));
#744=DIRECTION('ref_axis',(-0.92387953251129,8.49727915508614E-17,0.382683432365083));
#745=DIRECTION('',(1.57320360647329E-30,-1.,2.22044604925031E-16));
#746=DIRECTION('center_axis',(-1.23259516440783E-32,-1.,2.22044604925031E-16));
#747=DIRECTION('ref_axis',(-0.991462604718309,-2.89526951921661E-17,-0.130391347278818));
#748=DIRECTION('center_axis',(8.49727915508613E-17,1.,-1.690213913024E-17));
#749=DIRECTION('ref_axis',(-0.92387953251129,8.49727915508614E-17,0.382683432365083));
#750=DIRECTION('center_axis',(0.,-1.,2.22044604925031E-16));
#751=DIRECTION('ref_axis',(0.938163852435079,-7.68699648875178E-17,-0.346191545223408));
#752=DIRECTION('center_axis',(0.,-1.,2.22044604925031E-16));
#753=DIRECTION('ref_axis',(0.923879532511287,-8.49727915508613E-17,-0.38268343236509));
#754=DIRECTION('center_axis',(0.,-1.,2.22044604925031E-16));
#755=DIRECTION('ref_axis',(-0.923879532511287,8.49727915508613E-17,0.38268343236509));
#756=DIRECTION('center_axis',(0.,1.,-2.22044604925031E-16));
#757=DIRECTION('ref_axis',(0.923879532511287,-8.49727915508613E-17,-0.38268343236509));
#758=DIRECTION('',(0.,1.,-2.22044604925031E-16));
#759=DIRECTION('',(0.,1.,-2.22044604925031E-16));
#760=DIRECTION('center_axis',(0.,1.,-2.22044604925031E-16));
#761=DIRECTION('ref_axis',(0.923879532511287,-8.49727915508613E-17,-0.38268343236509));
#762=DIRECTION('center_axis',(0.,-1.,2.22044604925031E-16));
#763=DIRECTION('ref_axis',(-0.923879532511287,8.49727915508613E-17,0.38268343236509));
#764=DIRECTION('center_axis',(0.,1.,-2.22044604925031E-16));
#765=DIRECTION('ref_axis',(0.923879532511287,-8.49727915508613E-17,-0.38268343236509));
#766=DIRECTION('center_axis',(0.,1.,-2.22044604925031E-16));
#767=DIRECTION('ref_axis',(0.923879532511287,-8.49727915508613E-17,-0.38268343236509));
#768=DIRECTION('',(0.,-1.,2.22044604925031E-16));
#769=DIRECTION('center_axis',(0.,1.,-2.22044604925031E-16));
#770=DIRECTION('ref_axis',(0.923879532511287,-8.49727915508613E-17,-0.38268343236509));
#771=DIRECTION('center_axis',(0.,1.,-2.22044604925031E-16));
#772=DIRECTION('ref_axis',(0.923879532511287,-8.49727915508613E-17,-0.38268343236509));
#773=DIRECTION('center_axis',(0.,-1.,2.22044604925031E-16));
#774=DIRECTION('ref_axis',(0.923879532511287,-8.49727915508613E-17,-0.38268343236509));
#775=DIRECTION('center_axis',(0.,1.,-2.22044604925031E-16));
#776=DIRECTION('ref_axis',(0.923879532511287,-8.49727915508613E-17,-0.38268343236509));
#777=DIRECTION('center_axis',(0.,1.,-2.22044604925031E-16));
#778=DIRECTION('ref_axis',(0.923879532511287,-8.49727915508613E-17,-0.38268343236509));
#779=DIRECTION('center_axis',(-0.38268343236509,-2.05142465794791E-16,-0.923879532511287));
#780=DIRECTION('ref_axis',(-0.923879532511287,8.49727915508613E-17,0.38268343236509));
#781=DIRECTION('',(-0.38268343236509,-2.05142465794791E-16,-0.923879532511287));
#782=DIRECTION('center_axis',(0.38268343236509,2.05142465794791E-16,0.923879532511287));
#783=DIRECTION('ref_axis',(1.46737519572361E-32,-1.,2.22044604925031E-16));
#784=DIRECTION('center_axis',(0.38268343236509,2.05142465794791E-16,0.923879532511287));
#785=DIRECTION('ref_axis',(0.923879532511287,-8.49727915508613E-17,-0.38268343236509));
#786=DIRECTION('center_axis',(-0.923879532511287,-8.49727915508613E-17,
-0.38268343236509));
#787=DIRECTION('ref_axis',(-0.38268343236509,2.05142465794791E-16,0.923879532511287));
#788=DIRECTION('',(-0.923879532511287,-8.49727915508613E-17,-0.38268343236509));
#789=DIRECTION('center_axis',(0.923879532511287,8.49727915508613E-17,0.38268343236509));
#790=DIRECTION('ref_axis',(0.38268343236509,-2.05142465794791E-16,-0.923879532511287));
#791=DIRECTION('center_axis',(0.923879532511287,8.49727915508613E-17,0.38268343236509));
#792=DIRECTION('ref_axis',(0.38268343236509,-2.05142465794791E-16,-0.923879532511287));
#793=DIRECTION('center_axis',(-0.923879532511287,8.49727915508613E-17,0.38268343236509));
#794=DIRECTION('ref_axis',(0.38268343236509,2.05142465794791E-16,0.923879532511287));
#795=DIRECTION('',(-0.923879532511287,8.49727915508613E-17,0.38268343236509));
#796=DIRECTION('center_axis',(0.923879532511287,-8.49727915508613E-17,-0.38268343236509));
#797=DIRECTION('ref_axis',(-0.38268343236509,-2.05142465794791E-16,-0.923879532511287));
#798=DIRECTION('center_axis',(0.923879532511287,-8.49727915508613E-17,-0.38268343236509));
#799=DIRECTION('ref_axis',(-0.38268343236509,-2.05142465794791E-16,-0.923879532511287));
#800=DIRECTION('center_axis',(-0.38268343236509,2.05142465794791E-16,0.923879532511287));
#801=DIRECTION('ref_axis',(0.923879532511287,8.49727915508613E-17,0.38268343236509));
#802=DIRECTION('',(-0.38268343236509,2.05142465794791E-16,0.923879532511287));
#803=DIRECTION('center_axis',(0.38268343236509,-2.05142465794791E-16,-0.923879532511287));
#804=DIRECTION('ref_axis',(-0.923879532511287,-8.49727915508613E-17,-0.38268343236509));
#805=DIRECTION('center_axis',(0.38268343236509,-2.05142465794791E-16,-0.923879532511287));
#806=DIRECTION('ref_axis',(-0.923879532511287,-8.49727915508613E-17,-0.38268343236509));
#807=DIRECTION('center_axis',(0.38268343236509,2.05142465794791E-16,0.923879532511287));
#808=DIRECTION('ref_axis',(0.923879532511287,-8.49727915508613E-17,-0.38268343236509));
#809=DIRECTION('',(0.38268343236509,2.05142465794791E-16,0.923879532511287));
#810=DIRECTION('center_axis',(-0.38268343236509,-2.05142465794791E-16,-0.923879532511287));
#811=DIRECTION('ref_axis',(-0.923879532511287,8.49727915508613E-17,0.38268343236509));
#812=DIRECTION('center_axis',(-0.38268343236509,-2.05142465794791E-16,-0.923879532511287));
#813=DIRECTION('ref_axis',(-0.923879532511287,8.49727915508613E-17,0.38268343236509));
#814=DIRECTION('center_axis',(0.923879532511287,8.49727915508613E-17,0.38268343236509));
#815=DIRECTION('ref_axis',(0.38268343236509,-2.05142465794791E-16,-0.923879532511287));
#816=DIRECTION('',(0.923879532511287,8.49727915508613E-17,0.38268343236509));
#817=DIRECTION('center_axis',(-0.923879532511287,-8.49727915508613E-17,
-0.38268343236509));
#818=DIRECTION('ref_axis',(-0.38268343236509,2.05142465794791E-16,0.923879532511287));
#819=DIRECTION('center_axis',(-0.923879532511287,-8.49727915508613E-17,
-0.38268343236509));
#820=DIRECTION('ref_axis',(-0.38268343236509,2.05142465794791E-16,0.923879532511287));
#821=DIRECTION('center_axis',(0.923879532511287,-8.49727915508613E-17,-0.38268343236509));
#822=DIRECTION('ref_axis',(-0.38268343236509,-2.05142465794791E-16,-0.923879532511287));
#823=DIRECTION('',(0.923879532511287,-8.49727915508613E-17,-0.38268343236509));
#824=DIRECTION('center_axis',(-0.923879532511287,8.49727915508613E-17,0.38268343236509));
#825=DIRECTION('ref_axis',(0.38268343236509,2.05142465794791E-16,0.923879532511287));
#826=DIRECTION('center_axis',(-0.923879532511287,8.49727915508613E-17,0.38268343236509));
#827=DIRECTION('ref_axis',(0.38268343236509,2.05142465794791E-16,0.923879532511287));
#828=DIRECTION('center_axis',(0.38268343236509,-2.05142465794791E-16,-0.923879532511287));
#829=DIRECTION('ref_axis',(-0.923879532511287,-8.49727915508613E-17,-0.38268343236509));
#830=DIRECTION('',(0.38268343236509,-2.05142465794791E-16,-0.923879532511287));
#831=DIRECTION('center_axis',(-0.38268343236509,2.05142465794791E-16,0.923879532511287));
#832=DIRECTION('ref_axis',(0.923879532511287,8.49727915508613E-17,0.38268343236509));
#833=DIRECTION('center_axis',(-0.38268343236509,2.05142465794791E-16,0.923879532511287));
#834=DIRECTION('ref_axis',(0.923879532511287,8.49727915508613E-17,0.38268343236509));
#835=DIRECTION('center_axis',(0.,1.,-2.22044604925031E-16));
#836=DIRECTION('ref_axis',(0.923879532511287,0.,-0.38268343236509));
#837=DIRECTION('center_axis',(0.38268343236509,2.05142465794791E-16,0.923879532511287));
#838=DIRECTION('ref_axis',(-0.923879532511287,0.,0.38268343236509));
#839=CARTESIAN_POINT('',(0.,0.,0.));
#840=CARTESIAN_POINT('Origin',(0.,16.0999802762093,-10.500019843));
#841=CARTESIAN_POINT('',(8.77617088864021,15.1437419599257,-14.1353778245409));
#842=CARTESIAN_POINT('',(8.77630033182689,15.2062185924929,-14.1354057559399));
#843=CARTESIAN_POINT('',(8.77685555885722,16.0999802762093,-14.1355124504684));
#844=CARTESIAN_POINT('',(-6.71652807057184,15.2999802762093,-17.2185204701653));
#845=CARTESIAN_POINT('Ctrl Pts',(8.77617088864021,15.1437419599257,-14.1353778245409));
#846=CARTESIAN_POINT('Ctrl Pts',(8.53380874069696,15.1490525715857,-14.7213360369507));
#847=CARTESIAN_POINT('Ctrl Pts',(8.23338625091281,15.1543631832457,-15.2831766137338));
#848=CARTESIAN_POINT('Ctrl Pts',(7.87922889527395,15.1596737949057,-15.8088117019302));
#849=CARTESIAN_POINT('Ctrl Pts',(6.99732801896631,15.1728979536084,-17.1177158868011));
#850=CARTESIAN_POINT('Ctrl Pts',(5.78222852975698,15.186122112311,-18.2021174441026));
#851=CARTESIAN_POINT('Ctrl Pts',(4.38182580463015,15.1993462710137,-18.9300318821129));
#852=CARTESIAN_POINT('Ctrl Pts',(2.98142307950331,15.2125704297164,-19.6579463201232));
#853=CARTESIAN_POINT('Ctrl Pts',(1.39571711845897,15.225794588419,-20.0293736388422));
#854=CARTESIAN_POINT('Ctrl Pts',(-0.182275036976321,15.2390187471217,-19.9990910609519));
#855=CARTESIAN_POINT('Ctrl Pts',(-1.76026719241161,15.2522429058244,-19.9688084830616));
#856=CARTESIAN_POINT('Ctrl Pts',(-3.33054554223786,15.265467064527,-19.536816008562));
#857=CARTESIAN_POINT('Ctrl Pts',(-4.701995478572,15.2786912232297,-18.7557219172291));
#858=CARTESIAN_POINT('Ctrl Pts',(-5.43794324936336,15.2857875742229,-18.3365710316842));
#859=CARTESIAN_POINT('Ctrl Pts',(-6.11663613892055,15.2928839252161,-17.8168924033516));
#860=CARTESIAN_POINT('Ctrl Pts',(-6.71601368435963,15.2999802762093,-17.2179349634763));
#861=CARTESIAN_POINT('',(-0.00139480814359716,15.2999802762093,-20.0000197406058));
#862=CARTESIAN_POINT('Origin',(0.,15.2999802762093,-10.500019843));
#863=CARTESIAN_POINT('Ctrl Pts',(-0.00139480814383587,15.2999802762093,
-20.0000197406058));
#864=CARTESIAN_POINT('Ctrl Pts',(1.57731212838831,15.2867561175066,-20.0002515293759));
#865=CARTESIAN_POINT('Ctrl Pts',(3.15528497834022,15.273531958804,-19.599320804506));
#866=CARTESIAN_POINT('Ctrl Pts',(4.54146821958251,15.2603078001013,-18.8450847597325));
#867=CARTESIAN_POINT('Ctrl Pts',(5.92765146082482,15.2470836413986,-18.0908487149589));
#868=CARTESIAN_POINT('Ctrl Pts',(7.12204509335751,15.2338594826959,-16.9833073502817));
#869=CARTESIAN_POINT('Ctrl Pts',(7.97890790277006,15.2206353239933,-15.6577976706227));
#870=CARTESIAN_POINT('Ctrl Pts',(8.29028652764677,15.2158297468265,-15.1761156828189));
#871=CARTESIAN_POINT('Ctrl Pts',(8.55709250364204,15.2110241696597,-14.6656498788256));
#872=CARTESIAN_POINT('Ctrl Pts',(8.77630033182689,15.2062185924929,-14.1354057559399));
#873=CARTESIAN_POINT('Origin',(0.,16.0999802762093,-10.500019843));
#874=CARTESIAN_POINT('',(8.77760684427759,14.6437419599257,-14.135832307873));
#875=CARTESIAN_POINT('',(8.77760665361498,14.7062185924929,-14.1357636610352));
#876=CARTESIAN_POINT('',(8.77685555885722,16.0999802762093,-14.1355124504684));
#877=CARTESIAN_POINT('Ctrl Pts',(8.77760650732348,14.6437419599257,-14.1358321644158));
#878=CARTESIAN_POINT('Ctrl Pts',(8.77471964464956,14.6438051751177,-14.142802651451));
#879=CARTESIAN_POINT('Ctrl Pts',(8.77182430510689,14.6438683903096,-14.1497696262969));
#880=CARTESIAN_POINT('Ctrl Pts',(8.7689204918417,14.6439316055016,-14.1567330675297));
#881=CARTESIAN_POINT('Ctrl Pts',(8.16146386214856,14.6571557642043,-15.6134343620123));
#882=CARTESIAN_POINT('Ctrl Pts',(7.1831835849178,14.6703799229069,-16.9154990926873));
#883=CARTESIAN_POINT('Ctrl Pts',(5.95315393281658,14.6836040816096,-17.9044426059086));
#884=CARTESIAN_POINT('Ctrl Pts',(4.72312428071537,14.6968282403123,-18.89338611913));
#885=CARTESIAN_POINT('Ctrl Pts',(3.2413452537437,14.7100523990149,-19.5692084148978));
#886=CARTESIAN_POINT('Ctrl Pts',(1.68817596009329,14.7232765577176,-19.8496497886447));
#887=CARTESIAN_POINT('Ctrl Pts',(0.135006666442873,14.7365007164203,-20.1300911623916));
#888=CARTESIAN_POINT('Ctrl Pts',(-1.48955289388629,14.749724875123,-20.0151516141176));
#889=CARTESIAN_POINT('Ctrl Pts',(-2.98776465584856,14.7629490338256,-19.5188213473345));
#890=CARTESIAN_POINT('Ctrl Pts',(-4.48597641781083,14.7761731925283,-19.0224910805514));
#891=CARTESIAN_POINT('Ctrl Pts',(-5.85784038140621,14.789397351231,-18.1447700952593));
#892=CARTESIAN_POINT('Ctrl Pts',(-6.93637607763187,14.8026215099336,-16.9924927985328));
#893=CARTESIAN_POINT('Ctrl Pts',(-8.01491177385752,14.8158456686363,-15.8402155018064));
#894=CARTESIAN_POINT('Ctrl Pts',(-8.80011920271345,14.829069827339,-14.4133818936457));
#895=CARTESIAN_POINT('Ctrl Pts',(-9.19642451642698,14.8422939860416,-12.8856632272403));
#896=CARTESIAN_POINT('Ctrl Pts',(-9.59272983014051,14.8555181447443,-11.3579445608349));
#897=CARTESIAN_POINT('Ctrl Pts',(-9.60013302871163,14.868742303447,-9.72934083618487));
#898=CARTESIAN_POINT('Ctrl Pts',(-9.21773302472861,14.8819664621496,-8.198082388187));
#899=CARTESIAN_POINT('Ctrl Pts',(-8.83533302074559,14.8951906208523,-6.66682394018912));
#900=CARTESIAN_POINT('Ctrl Pts',(-8.06312981420844,14.908414779555,-5.23291076884343));
#901=CARTESIAN_POINT('Ctrl Pts',(-6.99511436848765,14.9216389382577,-4.0708758003829));
#902=CARTESIAN_POINT('Ctrl Pts',(-5.92709892276686,14.9348630969603,-2.90884083192238));
#903=CARTESIAN_POINT('Ctrl Pts',(-4.56327123786243,14.948087255663,-2.01868406634702));
#904=CARTESIAN_POINT('Ctrl Pts',(-3.06963368707005,14.9613114143657,-1.50875366114741));
#905=CARTESIAN_POINT('Ctrl Pts',(-1.57599613627767,14.9745355730683,-0.998823255947804));
#906=CARTESIAN_POINT('Ctrl Pts',(0.0474512804026458,14.987759731771,-0.869119211123951));
#907=CARTESIAN_POINT('Ctrl Pts',(1.60310598870348,15.0009838904737,-1.13542863841723));
#908=CARTESIAN_POINT('Ctrl Pts',(3.15876069700431,15.0142080491763,-1.40173806571051));
#909=CARTESIAN_POINT('Ctrl Pts',(4.64662269692565,15.027432207879,-2.06406096512093));
#910=CARTESIAN_POINT('Ctrl Pts',(5.88559222803648,15.0406563665817,-3.04178115093026));
#911=CARTESIAN_POINT('Ctrl Pts',(7.12456175914731,15.0538805252843,-4.0195013367396));
#912=CARTESIAN_POINT('Ctrl Pts',(8.11463882144764,15.067104683987,-5.31261880894785));
#913=CARTESIAN_POINT('Ctrl Pts',(8.73531375503873,15.0803288426897,-6.76373714688913));
#914=CARTESIAN_POINT('Ctrl Pts',(9.35598868862981,15.0935530013924,-8.21485548483041));
#915=CARTESIAN_POINT('Ctrl Pts',(9.60726149351166,15.106777160095,-9.82397468850473));
#916=CARTESIAN_POINT('Ctrl Pts',(9.4585467642496,15.1200013187977,-11.395237696562));
#917=CARTESIAN_POINT('Ctrl Pts',(9.36955350332366,15.1279148658404,-12.3355064887198));
#918=CARTESIAN_POINT('Ctrl Pts',(9.13732406305808,15.135828412883,-13.2622189163371));
#919=CARTESIAN_POINT('Ctrl Pts',(8.77617088864021,15.1437419599257,-14.1353778245409));
#920=CARTESIAN_POINT('Ctrl Pts',(8.77630033182689,15.2062185924929,-14.1354057559399));
#921=CARTESIAN_POINT('Ctrl Pts',(9.1603164262156,15.197800010957,-13.2065051832312));
#922=CARTESIAN_POINT('Ctrl Pts',(9.39825722042905,15.1893814294212,-12.2169063690555));
#923=CARTESIAN_POINT('Ctrl Pts',(9.4738568516704,15.1809628478853,-11.2150251902285));
#924=CARTESIAN_POINT('Ctrl Pts',(9.59261100486576,15.1677386891826,-9.64124038413411));
#925=CARTESIAN_POINT('Ctrl Pts',(9.31078732496407,15.1545145304799,-8.03714876658608));
#926=CARTESIAN_POINT('Ctrl Pts',(8.66260786559681,15.1412903717773,-6.59809789827083));
#927=CARTESIAN_POINT('Ctrl Pts',(8.01442840622954,15.1280662130746,-5.15904702995559));
#928=CARTESIAN_POINT('Ctrl Pts',(6.99989316739671,15.1148420543719,-3.88503691087312));
#929=CARTESIAN_POINT('Ctrl Pts',(5.74252936986911,15.1016178956693,-2.93108765723671));
#930=CARTESIAN_POINT('Ctrl Pts',(4.4851655723415,15.0883937369666,-1.97713840360031));
#931=CARTESIAN_POINT('Ctrl Pts',(2.98497321611912,15.0751695782639,-1.34325001540996));
#932=CARTESIAN_POINT('Ctrl Pts',(1.42453278143395,15.0619454195613,-1.10660276135247));
#933=CARTESIAN_POINT('Ctrl Pts',(-0.135907653251242,15.0487212608586,-0.869955507294976));
#934=CARTESIAN_POINT('Ctrl Pts',(-1.75659616639923,15.0354971021559,-1.03054938737034));
#935=CARTESIAN_POINT('Ctrl Pts',(-3.24025602372446,15.0222729434532,-1.56882501193839));
#936=CARTESIAN_POINT('Ctrl Pts',(-4.72391588104967,15.0090487847506,-2.10710063650643));
#937=CARTESIAN_POINT('Ctrl Pts',(-6.07054708255211,14.9958246260479,-3.02305800556715));
#938=CARTESIAN_POINT('Ctrl Pts',(-7.11624531780079,14.9826004673453,-4.20521472787205));
#939=CARTESIAN_POINT('Ctrl Pts',(-8.16194355304946,14.9693763086426,-5.38737145017695));
#940=CARTESIAN_POINT('Ctrl Pts',(-8.90670882204437,14.9561521499399,-6.83572752572604));
#941=CARTESIAN_POINT('Ctrl Pts',(-9.25988740071577,14.9429279912372,-8.37398901204511));
#942=CARTESIAN_POINT('Ctrl Pts',(-9.61306597938718,14.9297038325346,-9.91225049836418));
#943=CARTESIAN_POINT('Ctrl Pts',(-9.57465786773507,14.9164796738319,-11.5404173954532));
#944=CARTESIAN_POINT('Ctrl Pts',(-9.14933922254006,14.9032555151292,-13.06031405308));
#945=CARTESIAN_POINT('Ctrl Pts',(-8.72402057734505,14.8900313564266,-14.5802107107067));
#946=CARTESIAN_POINT('Ctrl Pts',(-7.91179139860713,14.8768071977239,-15.9918371288712));
#947=CARTESIAN_POINT('Ctrl Pts',(-6.81151396385645,14.8635830390212,-17.1233722913282));
#948=CARTESIAN_POINT('Ctrl Pts',(-5.71123652910576,14.8503588803185,-18.2549074537852));
#949=CARTESIAN_POINT('Ctrl Pts',(-4.32291083834232,14.8371347216159,-19.1063513605347));
#950=CARTESIAN_POINT('Ctrl Pts',(-2.81552134691453,14.8239105629132,-19.5740683690809));
#951=CARTESIAN_POINT('Ctrl Pts',(-1.30813185548674,14.8106864042105,-20.0417853776271));
#952=CARTESIAN_POINT('Ctrl Pts',(0.318321436605383,14.7974622455079,-20.1257754879701));
#953=CARTESIAN_POINT('Ctrl Pts',(1.86587011121872,14.7842380868052,-19.8158154141852));
#954=CARTESIAN_POINT('Ctrl Pts',(3.41341878583206,14.7710139281025,-19.5058553404003));
#955=CARTESIAN_POINT('Ctrl Pts',(4.88206284296662,14.7577897693999,-18.8019450824875));
#956=CARTESIAN_POINT('Ctrl Pts',(6.09304186265918,14.7445656106972,-17.7897632457904));
#957=CARTESIAN_POINT('Ctrl Pts',(7.26356205874571,14.7317832712958,-16.8113984164256));
#958=CARTESIAN_POINT('Ctrl Pts',(8.19334678822514,14.7190009318943,-15.5450166209363));
#959=CARTESIAN_POINT('Ctrl Pts',(8.77760665361498,14.7062185924929,-14.1357636610352));
#960=CARTESIAN_POINT('Origin',(0.,16.0999802762093,-10.500019843));
#961=CARTESIAN_POINT('',(8.77630330680699,14.1437419599257,-14.135123262628));
#962=CARTESIAN_POINT('',(8.77620516760673,14.2062185924929,-14.1351351230992));
#963=CARTESIAN_POINT('',(8.77685555885722,16.0999802762093,-14.1355124504684));
#964=CARTESIAN_POINT('Ctrl Pts',(8.77630330680699,14.1437419599257,-14.135123262628));
#965=CARTESIAN_POINT('Ctrl Pts',(8.40843949363197,14.1517819373523,-15.0218343446604));
#966=CARTESIAN_POINT('Ctrl Pts',(7.90735022209737,14.1598219147789,-15.8535313882578));
#967=CARTESIAN_POINT('Ctrl Pts',(7.29227330592279,14.1678618922055,-16.5900336549824));
#968=CARTESIAN_POINT('Ctrl Pts',(6.28059450108992,14.1810860509082,-17.801432934264));
#969=CARTESIAN_POINT('Ctrl Pts',(4.9605371007907,14.1943102096109,-18.755295252584));
#970=CARTESIAN_POINT('Ctrl Pts',(3.49277578884997,14.2075343683135,-19.3355184416776));
#971=CARTESIAN_POINT('Ctrl Pts',(2.02501447690924,14.2207585270162,-19.9157416307713));
#972=CARTESIAN_POINT('Ctrl Pts',(0.409549253326997,14.2339826857189,-20.1223256906385));
#973=CARTESIAN_POINT('Ctrl Pts',(-1.15698876269707,14.2472068444215,-19.9301256325127));
#974=CARTESIAN_POINT('Ctrl Pts',(-2.72352677872115,14.2604310031242,-19.7379255743869));
#975=CARTESIAN_POINT('Ctrl Pts',(-4.24113758718704,14.2736551618269,-19.146941398268));
#976=CARTESIAN_POINT('Ctrl Pts',(-5.52510070793647,14.2868793205295,-18.2291064879778));
#977=CARTESIAN_POINT('Ctrl Pts',(-6.8090638286859,14.3001034792322,-17.3112715776875));
#978=CARTESIAN_POINT('Ctrl Pts',(-7.85937926171885,14.3133276379349,-16.0665859332259));
#979=CARTESIAN_POINT('Ctrl Pts',(-8.54820476314542,14.3265517966375,-14.6465501426291));
#980=CARTESIAN_POINT('Ctrl Pts',(-9.23703026457199,14.3397759553402,-13.2265143520323));
#981=CARTESIAN_POINT('Ctrl Pts',(-9.56436583439218,14.3530001140429,-11.6311284153003));
#982=CARTESIAN_POINT('Ctrl Pts',(-9.49036885729573,14.3662242727456,-10.0545794419492));
#983=CARTESIAN_POINT('Ctrl Pts',(-9.41637188019927,14.3794484314482,-8.47803046859795));
#984=CARTESIAN_POINT('Ctrl Pts',(-8.94104235618616,14.3926725901509,-6.92031845862756));
#985=CARTESIAN_POINT('Ctrl Pts',(-8.12223642164134,14.4058967488536,-5.57104492833742));
#986=CARTESIAN_POINT('Ctrl Pts',(-7.30343048709654,14.4191209075562,-4.2217713980473));
#987=CARTESIAN_POINT('Ctrl Pts',(-6.14114814202002,14.4323450662589,-3.08093634743743));
#988=CARTESIAN_POINT('Ctrl Pts',(-4.7768600135673,14.4455692249616,-2.28739988289193));
#989=CARTESIAN_POINT('Ctrl Pts',(-3.41257188511457,14.4587933836642,-1.49386341834643));
#990=CARTESIAN_POINT('Ctrl Pts',(-1.84627797328563,14.4720175423669,-1.0476255398653));
#991=CARTESIAN_POINT('Ctrl Pts',(-0.268624365909787,14.4852417010696,-1.00300140832566));
#992=CARTESIAN_POINT('Ctrl Pts',(1.30902924146605,14.4984658597722,-0.95837727678601));
#993=CARTESIAN_POINT('Ctrl Pts',(2.89804254438878,14.5116900184749,-1.31536689218785));
#994=CARTESIAN_POINT('Ctrl Pts',(4.30500409730514,14.5249141771776,-2.03051820946987));
#995=CARTESIAN_POINT('Ctrl Pts',(5.7119656502215,14.5381383358803,-2.74566952675189));
#996=CARTESIAN_POINT('Ctrl Pts',(6.93687545313149,14.5513624945829,-3.81898254591409));
#997=CARTESIAN_POINT('Ctrl Pts',(7.83063999288723,14.5645866532856,-5.11981580406026));
#998=CARTESIAN_POINT('Ctrl Pts',(8.72440453264296,14.5778108119883,-6.42064906220643));
#999=CARTESIAN_POINT('Ctrl Pts',(9.28702380924443,14.5910349706909,-7.94900255933654));
#1000=CARTESIAN_POINT('Ctrl Pts',(9.45001695646741,14.6042591293936,-9.51884823704671));
#1001=CARTESIAN_POINT('Ctrl Pts',(9.6122309506778,14.6174200729043,-11.0811896116011));
#1002=CARTESIAN_POINT('Ctrl Pts',(9.37863033384799,14.630581016415,-12.6846274263283));
#1003=CARTESIAN_POINT('Ctrl Pts',(8.77760650732348,14.6437419599257,-14.1358321644158));
#1004=CARTESIAN_POINT('Ctrl Pts',(8.77760665361498,14.7062185924929,-14.1357636610352));
#1005=CARTESIAN_POINT('Ctrl Pts',(8.79780149255319,14.7057767731917,-14.0870530816607));
#1006=CARTESIAN_POINT('Ctrl Pts',(8.8175835236066,14.7053349538904,-14.0381718102484));
#1007=CARTESIAN_POINT('Ctrl Pts',(8.83694841944176,14.7048931345892,-13.9891258406706));
#1008=CARTESIAN_POINT('Ctrl Pts',(9.41656197428122,14.6916689758865,-12.5211236877295));
#1009=CARTESIAN_POINT('Ctrl Pts',(9.62247510170955,14.6784448171839,-10.9055727973286));
#1010=CARTESIAN_POINT('Ctrl Pts',(9.42962445965764,14.6652206584812,-9.33911473799855));
#1011=CARTESIAN_POINT('Ctrl Pts',(9.23677381760573,14.6519964997785,-7.77265667866848));
#1012=CARTESIAN_POINT('Ctrl Pts',(8.64515940607356,14.6387723410759,-6.25529145040917));
#1013=CARTESIAN_POINT('Ctrl Pts',(7.72679132868501,14.6255481823732,-4.97170963088131));
#1014=CARTESIAN_POINT('Ctrl Pts',(6.80842325129646,14.6123240236705,-3.68812781135345));
#1015=CARTESIAN_POINT('Ctrl Pts',(5.56330150805152,14.5990998649679,-2.63832940055704));
#1016=CARTESIAN_POINT('Ctrl Pts',(4.14297976365442,14.5858757062652,-1.95009371693733));
#1017=CARTESIAN_POINT('Ctrl Pts',(2.72265801925731,14.5726515475625,-1.26185803331761));
#1018=CARTESIAN_POINT('Ctrl Pts',(1.12713627370803,14.5594273888598,-0.935185076874582));
#1019=CARTESIAN_POINT('Ctrl Pts',(-0.449381830931227,14.5462032301572,-1.00983680827502));
#1020=CARTESIAN_POINT('Ctrl Pts',(-2.02589993557048,14.5329790714545,-1.08448853967547));
#1021=CARTESIAN_POINT('Ctrl Pts',(-3.58341439929973,14.5197549127518,-1.56046495891937));
#1022=CARTESIAN_POINT('Ctrl Pts',(-4.93234775182587,14.5065307540492,-2.37983119219998));
#1023=CARTESIAN_POINT('Ctrl Pts',(-6.28128110435199,14.4933065953465,-3.19919742548058));
#1024=CARTESIAN_POINT('Ctrl Pts',(-7.42163334567501,14.4800824366438,-4.36195347279787));
#1025=CARTESIAN_POINT('Ctrl Pts',(-8.21460313542386,14.4668582779412,-5.72657104825971));
#1026=CARTESIAN_POINT('Ctrl Pts',(-9.00757292517271,14.4536341192385,-7.09118862372157));
#1027=CARTESIAN_POINT('Ctrl Pts',(-9.45316026334738,14.4404099605358,-8.65766772732799));
#1028=CARTESIAN_POINT('Ctrl Pts',(-9.4971291717913,14.4271858018331,-10.2353397304278));
#1029=CARTESIAN_POINT('Ctrl Pts',(-9.54109808023522,14.4139616431305,-11.8130117335275));
#1030=CARTESIAN_POINT('Ctrl Pts',(-9.1834485589484,14.4007374844278,-13.4018766361207));
#1031=CARTESIAN_POINT('Ctrl Pts',(-8.46771297521012,14.3875133257251,-14.8085410554485));
#1032=CARTESIAN_POINT('Ctrl Pts',(-7.75197739147183,14.3742891670225,-16.2152054747762));
#1033=CARTESIAN_POINT('Ctrl Pts',(-6.67815574528208,14.3610650083198,-17.4396694108386));
#1034=CARTESIAN_POINT('Ctrl Pts',(-5.37695140873096,14.3478408496171,-18.3328936206221));
#1035=CARTESIAN_POINT('Ctrl Pts',(-4.07574707217984,14.3346166909145,-19.2261178304057));
#1036=CARTESIAN_POINT('Ctrl Pts',(-2.54716004526734,14.3213925322118,-19.7881023139104));
#1037=CARTESIAN_POINT('Ctrl Pts',(-0.97724681095361,14.3081683735091,-19.9504434704792));
#1038=CARTESIAN_POINT('Ctrl Pts',(0.592666423360111,14.2949442148065,-20.112784627048));
#1039=CARTESIAN_POINT('Ctrl Pts',(2.20390586507508,14.2817200561038,-19.875482456681));
#1040=CARTESIAN_POINT('Ctrl Pts',(3.6603547484916,14.2684958974011,-19.2674208936768));
#1041=CARTESIAN_POINT('Ctrl Pts',(5.11680363190813,14.2552717386985,-18.6593593306727));
#1042=CARTESIAN_POINT('Ctrl Pts',(6.41846195702622,14.2420475799958,-17.6805383750315));
#1043=CARTESIAN_POINT('Ctrl Pts',(7.40689453778631,14.2288234212931,-16.4500981092376));
#1044=CARTESIAN_POINT('Ctrl Pts',(7.97008976683654,14.2212884783597,-15.7490102446575));
#1045=CARTESIAN_POINT('Ctrl Pts',(8.43159428581622,14.2137535354263,-14.9662325867645));
#1046=CARTESIAN_POINT('Ctrl Pts',(8.77620516760673,14.2062185924929,-14.1351351230992));
#1047=CARTESIAN_POINT('Origin',(0.,16.0999802762093,-10.500019843));
#1048=CARTESIAN_POINT('',(8.77685527370819,13.6437419599257,-14.1357742847889));
#1049=CARTESIAN_POINT('',(8.77703681469203,13.7062185924929,-14.1358301700406));
#1050=CARTESIAN_POINT('',(8.77685555885722,16.0999802762093,-14.1355124504684));
#1051=CARTESIAN_POINT('Ctrl Pts',(8.77685527370819,13.6437419599257,-14.1357742847889));
#1052=CARTESIAN_POINT('Ctrl Pts',(8.64960025925916,13.6465345408843,-14.4438934089025));
#1053=CARTESIAN_POINT('Ctrl Pts',(8.50614502386484,13.6493271218429,-14.7452639630811));
#1054=CARTESIAN_POINT('Ctrl Pts',(8.34694907214105,13.6521197028014,-15.0380766281524));
#1055=CARTESIAN_POINT('Ctrl Pts',(7.59308282380737,13.6653438615041,-16.4246796346464));
#1056=CARTESIAN_POINT('Ctrl Pts',(6.48623742575271,13.6785680202068,-17.6193754650465));
#1057=CARTESIAN_POINT('Ctrl Pts',(5.16113583341306,13.6917921789094,-18.4767481891056));
#1058=CARTESIAN_POINT('Ctrl Pts',(3.83603424107341,13.7050163376121,-19.3341209131647));
#1059=CARTESIAN_POINT('Ctrl Pts',(2.29267645444877,13.7182404963148,-19.8541705308828));
#1060=CARTESIAN_POINT('Ctrl Pts',(0.71891682318241,13.7314646550175,-19.9735976676515));
#1061=CARTESIAN_POINT('Ctrl Pts',(-0.854842808083947,13.7446888137201,-20.0930248044202));
#1062=CARTESIAN_POINT('Ctrl Pts',(-2.45900428399202,13.7579129724228,-19.8118294602393));
#1063=CARTESIAN_POINT('Ctrl Pts',(-3.89831235437486,13.7711371311255,-19.1642381566241));
#1064=CARTESIAN_POINT('Ctrl Pts',(-5.33762042475775,13.7843612898281,-18.5166468530088));
#1065=CARTESIAN_POINT('Ctrl Pts',(-6.61207508961541,13.7975854485308,-17.502659589959));
#1066=CARTESIAN_POINT('Ctrl Pts',(-7.56655233669951,13.8108096072335,-16.245696820903));
#1067=CARTESIAN_POINT('Ctrl Pts',(-8.52102958378358,13.8240337659361,-14.988734051847));
#1068=CARTESIAN_POINT('Ctrl Pts',(-9.15552941309411,13.8372579246388,-13.4887957767847));
#1069=CARTESIAN_POINT('Ctrl Pts',(-9.39282180460739,13.8504820833415,-11.9284514112932));
#1070=CARTESIAN_POINT('Ctrl Pts',(-9.63011419612066,13.8637062420441,-10.3681070458016));
#1071=CARTESIAN_POINT('Ctrl Pts',(-9.47019914983668,13.8769304007468,-8.74735658988066));
#1072=CARTESIAN_POINT('Ctrl Pts',(-8.93254119774686,13.8901545594495,-7.26347447038913));
#1073=CARTESIAN_POINT('Ctrl Pts',(-8.39488324565702,13.9033787181522,-5.77959235089759));
#1074=CARTESIAN_POINT('Ctrl Pts',(-7.47948238776134,13.9166028768548,-4.43257856783546));
#1075=CARTESIAN_POINT('Ctrl Pts',(-6.2977593421156,13.9298270355575,-3.38638888074139));
#1076=CARTESIAN_POINT('Ctrl Pts',(-5.11603629646987,13.9430511942602,-2.34019919364732));
#1077=CARTESIAN_POINT('Ctrl Pts',(-3.66799106307409,13.9562753529628,-1.59483360252132));
#1078=CARTESIAN_POINT('Ctrl Pts',(-2.12987674273022,13.9694995116655,-1.24101648091034));
#1079=CARTESIAN_POINT('Ctrl Pts',(-0.591762422386348,13.9827236703682,-0.887199359299364));
#1080=CARTESIAN_POINT('Ctrl Pts',(1.03642098490561,13.9959478290708,-0.924930707203421));
#1081=CARTESIAN_POINT('Ctrl Pts',(2.55649432866611,14.0091719877735,-1.34961794221399));
#1082=CARTESIAN_POINT('Ctrl Pts',(4.07656767242661,14.0223961464762,-1.77430517722456));
#1083=CARTESIAN_POINT('Ctrl Pts',(5.48853095265565,14.0356203051789,-2.58594829934164));
#1084=CARTESIAN_POINT('Ctrl Pts',(6.62052289000932,14.0488444638815,-3.68575576965556));
#1085=CARTESIAN_POINT('Ctrl Pts',(7.75251482736299,14.0620686225842,-4.78556323996949));
#1086=CARTESIAN_POINT('Ctrl Pts',(8.6045354218413,14.0752927812868,-6.17353505848026));
#1087=CARTESIAN_POINT('Ctrl Pts',(9.07287847127531,14.0885169399895,-7.6807301374395));
#1088=CARTESIAN_POINT('Ctrl Pts',(9.54122152070932,14.1017410986922,-9.18792521639874));
#1089=CARTESIAN_POINT('Ctrl Pts',(9.62588702509902,14.1149652573949,-10.8143435558065));
#1090=CARTESIAN_POINT('Ctrl Pts',(9.31656967261061,14.1281894160975,-12.3620208456319));
#1091=CARTESIAN_POINT('Ctrl Pts',(9.19530999453328,14.1333735973736,-12.9687467484048));
#1092=CARTESIAN_POINT('Ctrl Pts',(9.01350206884416,14.1385577786496,-13.56337153438));
#1093=CARTESIAN_POINT('Ctrl Pts',(8.77630330680699,14.1437419599257,-14.135123262628));
#1094=CARTESIAN_POINT('Ctrl Pts',(8.77620516760673,14.2062185924929,-14.1351351230992));
#1095=CARTESIAN_POINT('Ctrl Pts',(9.03640165220786,14.2005293767236,-13.5076197141746));
#1096=CARTESIAN_POINT('Ctrl Pts',(9.22995802034951,14.1948401609544,-12.8525575750653));
#1097=CARTESIAN_POINT('Ctrl Pts',(9.35033025341028,14.1891509451851,-12.1843126383323));
#1098=CARTESIAN_POINT('Ctrl Pts',(9.63012655187205,14.1759267864824,-10.6310270091678));
#1099=CARTESIAN_POINT('Ctrl Pts',(9.51451231239352,14.1627026277798,-9.00651532678546));
#1100=CARTESIAN_POINT('Ctrl Pts',(9.0175598634751,14.1494784690771,-7.50850982682452));
#1101=CARTESIAN_POINT('Ctrl Pts',(8.52060741455668,14.1362543103744,-6.01050432686356));
#1102=CARTESIAN_POINT('Ctrl Pts',(7.64231675619836,14.1230301516718,-4.63900500932395));
#1103=CARTESIAN_POINT('Ctrl Pts',(6.48959162895316,14.1098059929691,-3.56094796286606));
#1104=CARTESIAN_POINT('Ctrl Pts',(5.33686650170796,14.0965818342664,-2.48289091640817));
#1105=CARTESIAN_POINT('Ctrl Pts',(3.90970690557586,14.0833576755638,-1.69827614103199));
#1106=CARTESIAN_POINT('Ctrl Pts',(2.38182378435721,14.0701335168611,-1.30260534062435));
#1107=CARTESIAN_POINT('Ctrl Pts',(0.853940663138565,14.0569093581584,-0.906934540216716));
#1108=CARTESIAN_POINT('Ctrl Pts',(-0.774665983166633,14.0436851994558,-0.900207714777621));
#1109=CARTESIAN_POINT('Ctrl Pts',(-2.30576548829318,14.0304610407531,-1.28324363972601));
#1110=CARTESIAN_POINT('Ctrl Pts',(-3.83686499341971,14.0172368820504,-1.6662795646744));
#1111=CARTESIAN_POINT('Ctrl Pts',(-5.27045735736758,14.0040127233477,-2.43907824001025));
#1112=CARTESIAN_POINT('Ctrl Pts',(-6.43204865300999,13.9907885646451,-3.50757619334837));
#1113=CARTESIAN_POINT('Ctrl Pts',(-7.59363994865241,13.9775644059424,-4.5760741466865));
#1114=CARTESIAN_POINT('Ctrl Pts',(-8.48323017598936,13.9643402472397,-5.94027137802689));
#1115=CARTESIAN_POINT('Ctrl Pts',(-8.99254023406774,13.9511160885371,-7.43412059369094));
#1116=CARTESIAN_POINT('Ctrl Pts',(-9.50185029214613,13.9378919298344,-8.92796980935497));
#1117=CARTESIAN_POINT('Ctrl Pts',(-9.63088018096597,13.9246677711317,-10.5514710093426));
#1118=CARTESIAN_POINT('Ctrl Pts',(-9.36392464666071,13.9114436124291,-12.1070149518604));
#1119=CARTESIAN_POINT('Ctrl Pts',(-9.09696911235546,13.8982194537264,-13.6625588943782));
#1120=CARTESIAN_POINT('Ctrl Pts',(-8.43402815492509,13.8849952950237,-15.1501455794261));
#1121=CARTESIAN_POINT('Ctrl Pts',(-7.45579359027513,13.8717711363211,-16.3887090016713));
#1122=CARTESIAN_POINT('Ctrl Pts',(-6.47755902562515,13.8585469776184,-17.6272724239167));
#1123=CARTESIAN_POINT('Ctrl Pts',(-5.18403085375559,13.8453228189157,-18.6168125833594));
#1124=CARTESIAN_POINT('Ctrl Pts',(-3.73265467512766,13.832098660213,-19.2368846779673));
#1125=CARTESIAN_POINT('Ctrl Pts',(-2.28127849649976,13.8188745015104,-19.8569567725752));
#1126=CARTESIAN_POINT('Ctrl Pts',(-0.67205431111353,13.8056503428077,-20.1075608023483));
#1127=CARTESIAN_POINT('Ctrl Pts',(0.899146408221128,13.792426184105,-19.9581937579174));
#1128=CARTESIAN_POINT('Ctrl Pts',(2.4703471275558,13.7792020254024,-19.8088267134866));
#1129=CARTESIAN_POINT('Ctrl Pts',(4.00352438083891,13.7659778666997,-19.2594885948517));
#1130=CARTESIAN_POINT('Ctrl Pts',(5.31206297212343,13.752753707997,-18.3770437129927));
#1131=CARTESIAN_POINT('Ctrl Pts',(6.62060156340796,13.7395295492944,-17.4945988311337));
#1132=CARTESIAN_POINT('Ctrl Pts',(7.70450149269388,13.7263053905917,-16.2790471860505));
#1133=CARTESIAN_POINT('Ctrl Pts',(8.43183267997335,13.713081231889,-14.8783432350278));
#1134=CARTESIAN_POINT('Ctrl Pts',(8.55764816086923,13.7107936854236,-14.6360461298399));
#1135=CARTESIAN_POINT('Ctrl Pts',(8.67279406942153,13.7085061389583,-14.3882087299204));
#1136=CARTESIAN_POINT('Ctrl Pts',(8.77703681469203,13.7062185924929,-14.1358301700406));
#1137=CARTESIAN_POINT('Origin',(0.,16.0999802762093,-10.500019843));
#1138=CARTESIAN_POINT('',(8.77715416174579,13.1437419599257,-14.1353854283239));
#1139=CARTESIAN_POINT('',(8.77698311444675,13.2062185924929,-14.1353002929201));
#1140=CARTESIAN_POINT('',(8.77685555885722,16.0999802762093,-14.1355124504684));
#1141=CARTESIAN_POINT('Ctrl Pts',(8.77715416174579,13.1437419599257,-14.1353854283239));
#1142=CARTESIAN_POINT('Ctrl Pts',(8.28399202792916,13.1545113031189,-15.3225660236969));
#1143=CARTESIAN_POINT('Ctrl Pts',(7.549031223699,13.1652806463121,-16.410151541695));
#1144=CARTESIAN_POINT('Ctrl Pts',(6.62817971893857,13.1760499895054,-17.3068363421733));
#1145=CARTESIAN_POINT('Ctrl Pts',(5.49742492525706,13.189274148208,-18.4079157576062));
#1146=CARTESIAN_POINT('Ctrl Pts',(4.08637514176857,13.2024983069107,-19.2211458372802));
#1147=CARTESIAN_POINT('Ctrl Pts',(2.56678024627368,13.2157224656134,-19.6475417857482));
#1148=CARTESIAN_POINT('Ctrl Pts',(1.04718535077877,13.228946624316,-20.0739377342163));
#1149=CARTESIAN_POINT('Ctrl Pts',(-0.580954656722532,13.2421707830187,-20.1134995514782));
#1150=CARTESIAN_POINT('Ctrl Pts',(-2.11946580289042,13.2553949417214,-19.7614119013959));
#1151=CARTESIAN_POINT('Ctrl Pts',(-3.65797694905831,13.268619100424,-19.4093242513137));
#1152=CARTESIAN_POINT('Ctrl Pts',(-5.10685923389278,13.2818432591267,-18.6655871338872));
#1153=CARTESIAN_POINT('Ctrl Pts',(-6.28975772465459,13.2950674178294,-17.6207266847532));
#1154=CARTESIAN_POINT('Ctrl Pts',(-7.47265621541639,13.3082915765321,-16.5758662356192));
#1155=CARTESIAN_POINT('Ctrl Pts',(-8.38957091210555,13.3215157352347,-15.2298824547777));
#1156=CARTESIAN_POINT('Ctrl Pts',(-8.92889680940513,13.3347398939374,-13.7466057436199));
#1157=CARTESIAN_POINT('Ctrl Pts',(-9.4682227067047,13.3479640526401,-12.2633290324621));
#1158=CARTESIAN_POINT('Ctrl Pts',(-9.6299598046147,13.3611882113427,-10.6427593909881));
#1159=CARTESIAN_POINT('Ctrl Pts',(-9.39442180759119,13.3744123700454,-9.08214923193425));
#1160=CARTESIAN_POINT('Ctrl Pts',(-9.15888381056768,13.3876365287481,-7.52153907288032));
#1161=CARTESIAN_POINT('Ctrl Pts',(-8.52607071861065,13.4008606874507,-6.02088839624648));
#1162=CARTESIAN_POINT('Ctrl Pts',(-7.57300723916318,13.4140848461534,-4.76285333252586));
#1163=CARTESIAN_POINT('Ctrl Pts',(-6.61994375971572,13.4273090048561,-3.50481826880523));
#1164=CARTESIAN_POINT('Ctrl Pts',(-5.34662989277781,13.4405331635587,-2.48939881799783));
#1165=CARTESIAN_POINT('Ctrl Pts',(-3.90805079816147,13.4537573222614,-1.84018975507553));
#1166=CARTESIAN_POINT('Ctrl Pts',(-2.46947170354515,13.4669814809641,-1.19098069215323));
#1167=CARTESIAN_POINT('Ctrl Pts',(-0.86562738125039,13.4802056396668,-0.907982017116029));
#1168=CARTESIAN_POINT('Ctrl Pts',(0.708265523397527,13.4934297983694,-1.02563974992502));
#1169=CARTESIAN_POINT('Ctrl Pts',(2.28215842804544,13.5066539570721,-1.14329748273401));
#1170=CARTESIAN_POINT('Ctrl Pts',(3.82609991504652,13.5198781157748,-1.6616116233892));
#1171=CARTESIAN_POINT('Ctrl Pts',(5.15216458719032,13.5331022744774,-2.5174940356384));
#1172=CARTESIAN_POINT('Ctrl Pts',(6.47822925933413,13.5463264331801,-3.37337644788761));
#1173=CARTESIAN_POINT('Ctrl Pts',(7.58641711662066,13.5595505918828,-4.56682713173084));
#1174=CARTESIAN_POINT('Ctrl Pts',(8.34184180256276,13.5727747505854,-5.95258171380384));
#1175=CARTESIAN_POINT('Ctrl Pts',(9.09726648850486,13.5859989092881,-7.33833629587685));
#1176=CARTESIAN_POINT('Ctrl Pts',(9.49992800310253,13.5992230679908,-8.91639477617962));
#1177=CARTESIAN_POINT('Ctrl Pts',(9.500815211095,13.6124472266934,-10.494679107625));
#1178=CARTESIAN_POINT('Ctrl Pts',(9.50151506500304,13.6228788044375,-11.7396729159961));
#1179=CARTESIAN_POINT('Ctrl Pts',(9.25221143928961,13.6333103821816,-12.9848072599131));
#1180=CARTESIAN_POINT('Ctrl Pts',(8.77685527370819,13.6437419599257,-14.1357742847889));
#1181=CARTESIAN_POINT('Ctrl Pts',(8.77703681469203,13.7062185924929,-14.1358301700406));
#1182=CARTESIAN_POINT('Ctrl Pts',(9.27541466223717,13.6952819802556,-12.9292245389912));
#1183=CARTESIAN_POINT('Ctrl Pts',(9.52457514711507,13.6843453680183,-11.6188200488861));
#1184=CARTESIAN_POINT('Ctrl Pts',(9.49899157012535,13.673408755781,-10.3138016405519));
#1185=CARTESIAN_POINT('Ctrl Pts',(9.46805682772492,13.6601845970784,-8.73582025406097));
#1186=CARTESIAN_POINT('Ctrl Pts',(9.03542489765112,13.6469604383757,-7.16571373804132));
#1187=CARTESIAN_POINT('Ctrl Pts',(8.25375485257595,13.633736279673,-5.79459224268282));
#1188=CARTESIAN_POINT('Ctrl Pts',(7.47208480750078,13.6205121209703,-4.42347074732431));
#1189=CARTESIAN_POINT('Ctrl Pts',(6.34137664742423,13.6072879622677,-3.25133427262696));
#1190=CARTESIAN_POINT('Ctrl Pts',(4.99925785436658,13.594063803565,-2.42085287023634));
#1191=CARTESIAN_POINT('Ctrl Pts',(3.65713906130894,13.5808396448623,-1.59037146784572));
#1192=CARTESIAN_POINT('Ctrl Pts',(2.10360963527019,13.5676154861597,-1.10154513776182));
#1193=CARTESIAN_POINT('Ctrl Pts',(0.527761996981741,13.554391327457,-1.01387281995865));
#1194=CARTESIAN_POINT('Ctrl Pts',(-1.04808564130671,13.5411671687543,-0.926200502155485));
#1195=CARTESIAN_POINT('Ctrl Pts',(-2.64625149184486,13.5279430100517,-1.23968219663305));
#1196=CARTESIAN_POINT('Ctrl Pts',(-4.07221007967598,13.514718851349,-1.91616155343573));
#1197=CARTESIAN_POINT('Ctrl Pts',(-5.49816866750711,13.5014946926463,-2.59264091023841));
#1198=CARTESIAN_POINT('Ctrl Pts',(-6.7519199926312,13.4882705339437,-3.63211792936621));
#1199=CARTESIAN_POINT('Ctrl Pts',(-7.68086001096979,13.475046375241,-4.90806959644924));
#1200=CARTESIAN_POINT('Ctrl Pts',(-8.60980002930838,13.4618222165383,-6.18402126353226));
#1201=CARTESIAN_POINT('Ctrl Pts',(-9.21392874086149,13.4485980578357,-7.69644757857052));
#1202=CARTESIAN_POINT('Ctrl Pts',(-9.41971283578,13.435373899133,-9.26125910738492));
#1203=CARTESIAN_POINT('Ctrl Pts',(-9.6254969306985,13.4221497404303,-10.8260706361993));
#1204=CARTESIAN_POINT('Ctrl Pts',(-9.43293640898242,13.4089255817276,-12.4432673787898));
#1205=CARTESIAN_POINT('Ctrl Pts',(-8.86546934322766,13.395701423025,-13.9160074588984));
#1206=CARTESIAN_POINT('Ctrl Pts',(-8.29800227747288,13.3824772643223,-15.388747539007));
#1207=CARTESIAN_POINT('Ctrl Pts',(-7.35562866767939,13.3692531056196,-16.7170309566337));
#1208=CARTESIAN_POINT('Ctrl Pts',(-6.15305229967484,13.356028946917,-17.7391817741899));
#1209=CARTESIAN_POINT('Ctrl Pts',(-4.95047593167032,13.3428047882143,-18.7613325917461));
#1210=CARTESIAN_POINT('Ctrl Pts',(-3.48769680545476,13.3295806295116,-19.4773508092318));
#1211=CARTESIAN_POINT('Ctrl Pts',(-1.94276140182007,13.316356470809,-19.8000841548809));
#1212=CARTESIAN_POINT('Ctrl Pts',(-0.397825998185348,13.3031323121063,-20.1228175005301));
#1213=CARTESIAN_POINT('Ctrl Pts',(1.2292656828685,13.2899081534036,-20.0522659743426));
#1214=CARTESIAN_POINT('Ctrl Pts',(2.74046737500588,13.276683994701,-19.5970169645276));
#1215=CARTESIAN_POINT('Ctrl Pts',(4.25166906714325,13.2634598359983,-19.1417679547125));
#1216=CARTESIAN_POINT('Ctrl Pts',(5.64698077036414,13.2502356772956,-18.3018214612699));
#1217=CARTESIAN_POINT('Ctrl Pts',(6.75656799823462,13.237011518593,-17.1794140496935));
#1218=CARTESIAN_POINT('Ctrl Pts',(7.61780583517624,13.2267472098929,-16.3082254607906));
#1219=CARTESIAN_POINT('Ctrl Pts',(8.30690805182756,13.2164829011929,-15.2668673920379));
#1220=CARTESIAN_POINT('Ctrl Pts',(8.77698311444675,13.2062185924929,-14.1353002929201));
#1221=CARTESIAN_POINT('Origin',(0.,16.0999802762093,-10.500019843));
#1222=CARTESIAN_POINT('',(8.77685555885722,12.6999802762093,-14.1355124504684));
#1223=CARTESIAN_POINT('',(8.77622360722126,12.7062185924929,-14.1354280829891));
#1224=CARTESIAN_POINT('',(8.77685555885722,16.0999802762093,-14.1355124504684));
#1225=CARTESIAN_POINT('',(4.31415248419557,12.6999802762093,-18.9639485019095));
#1226=CARTESIAN_POINT('Origin',(0.,12.6999802762093,-10.500019843));
#1227=CARTESIAN_POINT('Ctrl Pts',(4.31415248419533,12.6999802762093,-18.9639485019096));
#1228=CARTESIAN_POINT('Ctrl Pts',(2.90761953386337,12.713204434912,-19.6808729782743));
#1229=CARTESIAN_POINT('Ctrl Pts',(1.31961662090394,12.7264285936146,-20.0400256500204));
#1230=CARTESIAN_POINT('Ctrl Pts',(-0.257897691861269,12.7396527523173,-19.9973104331725));
#1231=CARTESIAN_POINT('Ctrl Pts',(-1.83541200462661,12.75287691102,-19.9545952163246));
#1232=CARTESIAN_POINT('Ctrl Pts',(-3.40243771719772,12.7661010697226,-19.5100121108827));
#1233=CARTESIAN_POINT('Ctrl Pts',(-4.76767685676894,12.7793252284253,-18.7179819453539));
#1234=CARTESIAN_POINT('Ctrl Pts',(-6.13291599634016,12.792549387128,-17.9259517798251));
#1235=CARTESIAN_POINT('Ctrl Pts',(-7.29636856291149,12.8057735458306,-16.7864745542095));
#1236=CARTESIAN_POINT('Ctrl Pts',(-8.11666264559797,12.8189977045333,-15.4381352689204));
#1237=CARTESIAN_POINT('Ctrl Pts',(-8.93695672828443,12.832221863236,-14.0897959836314));
#1238=CARTESIAN_POINT('Ctrl Pts',(-9.41409232708604,12.8454460219386,-12.532594638669));
#1239=CARTESIAN_POINT('Ctrl Pts',(-9.48987561895407,12.8586701806413,-10.9561236147178));
#1240=CARTESIAN_POINT('Ctrl Pts',(-9.5656589108221,12.871894339344,-9.37965259076663));
#1241=CARTESIAN_POINT('Ctrl Pts',(-9.24008989575653,12.8851184980466,-7.7839118878267));
#1242=CARTESIAN_POINT('Ctrl Pts',(-8.55285444916131,12.8983426567493,-6.36310565602405));
#1243=CARTESIAN_POINT('Ctrl Pts',(-7.86561900256607,12.911566815452,-4.94229942422139));
#1244=CARTESIAN_POINT('Ctrl Pts',(-6.81671712444117,12.9247909741547,-3.69642766355602));
#1245=CARTESIAN_POINT('Ctrl Pts',(-5.53379011931363,12.9380151328573,-2.77714828455661));
#1246=CARTESIAN_POINT('Ctrl Pts',(-4.25086311418609,12.95123929156,-1.8578689055572));
#1247=CARTESIAN_POINT('Ctrl Pts',(-2.73391098205593,12.9644634502627,-1.26518190822376));
#1248=CARTESIAN_POINT('Ctrl Pts',(-1.1675883494013,12.9776876089653,-1.07122152041122));
#1249=CARTESIAN_POINT('Ctrl Pts',(0.398734283253308,12.990911767668,-0.877261132598693));
#1250=CARTESIAN_POINT('Ctrl Pts',(2.01442741643237,13.0041359263707,-1.08202735430706));
#1251=CARTESIAN_POINT('Ctrl Pts',(3.48283928902634,13.0173600850733,-1.66059964298812));
#1252=CARTESIAN_POINT('Ctrl Pts',(4.95125116162031,13.030584243776,-2.23917193166917));
#1253=CARTESIAN_POINT('Ctrl Pts',(6.27238177362918,13.0438084024787,-3.19155028732293));
#1254=CARTESIAN_POINT('Ctrl Pts',(7.28542229280304,13.0570325611813,-4.40181158873701));
#1255=CARTESIAN_POINT('Ctrl Pts',(8.29846281197692,13.070256719884,-5.61207289015113));
#1256=CARTESIAN_POINT('Ctrl Pts',(9.00341323831577,13.0834808785867,-7.08021713732559));
#1257=CARTESIAN_POINT('Ctrl Pts',(9.31447019410429,13.0967050372894,-8.62754560088898));
#1258=CARTESIAN_POINT('Ctrl Pts',(9.62552714989278,13.109929195992,-10.1748740644523));
#1259=CARTESIAN_POINT('Ctrl Pts',(9.54269063513098,13.1231533546947,-11.8013867444046));
#1260=CARTESIAN_POINT('Ctrl Pts',(9.07604247581282,13.1363775133974,-13.3091074599766));
#1261=CARTESIAN_POINT('Ctrl Pts',(8.98941805117434,13.1388323289068,-13.5889873585553));
#1262=CARTESIAN_POINT('Ctrl Pts',(8.8895678933022,13.1412871444162,-13.8647738148077));
#1263=CARTESIAN_POINT('Ctrl Pts',(8.77715416174579,13.1437419599257,-14.1353854283239));
#1264=CARTESIAN_POINT('Ctrl Pts',(8.77698311444675,13.2062185924929,-14.1353002929201));
#1265=CARTESIAN_POINT('Ctrl Pts',(8.91253551412637,13.2032587424902,-13.8089978619226));
#1266=CARTESIAN_POINT('Ctrl Pts',(9.02987506192882,13.2002988924876,-13.4751942436168));
#1267=CARTESIAN_POINT('Ctrl Pts',(9.12787737443874,13.1973390424849,-13.1358067607282));
#1268=CARTESIAN_POINT('Ctrl Pts',(9.5657367702523,13.1841148837823,-11.6194752130492));
#1269=CARTESIAN_POINT('Ctrl Pts',(9.61759280935938,13.1708907250796,-9.99168044740117));
#1270=CARTESIAN_POINT('Ctrl Pts',(9.27713366886818,13.1576665663769,-8.45055430219568));
#1271=CARTESIAN_POINT('Ctrl Pts',(8.93667452837699,13.1444424076743,-6.90942815699019));
#1272=CARTESIAN_POINT('Ctrl Pts',(8.20390020828752,13.1312182489716,-5.45497063222721));
#1273=CARTESIAN_POINT('Ctrl Pts',(7.16800252260467,13.1179940902689,-4.26421533461549));
#1274=CARTESIAN_POINT('Ctrl Pts',(6.13210483692181,13.1047699315663,-3.07346003700377));
#1275=CARTESIAN_POINT('Ctrl Pts',(4.79308378564557,13.0915457728636,-2.14640696654329));
#1276=CARTESIAN_POINT('Ctrl Pts',(3.31392222058387,13.0783216141609,-1.59589509462839));
#1277=CARTESIAN_POINT('Ctrl Pts',(1.83476065552215,13.0650974554583,-1.04538322271348));
#1278=CARTESIAN_POINT('Ctrl Pts',(0.215458576674958,13.0518732967556,-0.871412549344145));
#1279=CARTESIAN_POINT('Ctrl Pts',(-1.34688578419605,13.0386491380529,-1.09515848940298));
#1280=CARTESIAN_POINT('Ctrl Pts',(-2.90923014506707,13.0254249793502,-1.31890442946181));
#1281=CARTESIAN_POINT('Ctrl Pts',(-4.4146167879619,13.0122008206476,-1.94036698294882));
#1282=CARTESIAN_POINT('Ctrl Pts',(-5.67981333158518,12.9989766619449,-2.88390287784316));
#1283=CARTESIAN_POINT('Ctrl Pts',(-6.94500987520847,12.9857525032422,-3.82743877273751));
#1284=CARTESIAN_POINT('Ctrl Pts',(-7.97001631956021,12.9725283445396,-5.0930480090392));
#1285=CARTESIAN_POINT('Ctrl Pts',(-8.63007057874474,12.9593041858369,-6.5266834690605));
#1286=CARTESIAN_POINT('Ctrl Pts',(-9.29012483792928,12.9460800271342,-7.96031892908179));
#1287=CARTESIAN_POINT('Ctrl Pts',(-9.58522691194661,12.9328558684316,-9.56198061282269));
#1288=CARTESIAN_POINT('Ctrl Pts',(-9.47945838795478,12.9196317097289,-11.136717041292));
#1289=CARTESIAN_POINT('Ctrl Pts',(-9.37368986396294,12.9064075510262,-12.7114534697612));
#1290=CARTESIAN_POINT('Ctrl Pts',(-8.86705074196193,12.8931833923236,-14.2592646429588));
#1291=CARTESIAN_POINT('Ctrl Pts',(-8.02120647008048,12.8799592336209,-15.5917551594167));
#1292=CARTESIAN_POINT('Ctrl Pts',(-7.17536219819902,12.8667350749182,-16.9242456758745));
#1293=CARTESIAN_POINT('Ctrl Pts',(-5.99031277643711,12.8535109162156,-18.0414155355927));
#1294=CARTESIAN_POINT('Ctrl Pts',(-4.61030327835445,12.8402867575129,-18.8072830832108));
#1295=CARTESIAN_POINT('Ctrl Pts',(-3.23029378027176,12.8270625988102,-19.5731506308288));
#1296=CARTESIAN_POINT('Ctrl Pts',(-1.65532420586832,12.8138384401075,-19.9877158663467));
#1297=CARTESIAN_POINT('Ctrl Pts',(-0.0770900022494396,12.8006142814049,
-20.0005228476423));
#1298=CARTESIAN_POINT('Ctrl Pts',(1.50114420136944,12.7873901227022,-20.0133298289379));
#1299=CARTESIAN_POINT('Ctrl Pts',(3.08264303420374,12.7741659639995,-19.6243785560113));
#1300=CARTESIAN_POINT('Ctrl Pts',(4.47489633495574,12.7609418052969,-18.8810031329587));
#1301=CARTESIAN_POINT('Ctrl Pts',(5.86714963570772,12.7477176465942,-18.1376277099061));
#1302=CARTESIAN_POINT('Ctrl Pts',(7.07015740437741,12.7344934878915,-17.0398281367276));
#1303=CARTESIAN_POINT('Ctrl Pts',(7.93751894970051,12.7212693291889,-15.7212429678663));
#1304=CARTESIAN_POINT('Ctrl Pts',(8.26657404077488,12.7162524169569,-15.221005016151));
#1305=CARTESIAN_POINT('Ctrl Pts',(8.54732117535108,12.7112355047249,-14.68899044903));
#1306=CARTESIAN_POINT('Ctrl Pts',(8.77622360722126,12.7062185924929,-14.1354280829891));
#1307=CARTESIAN_POINT('Origin',(0.,16.2166686323652,-10.500019843));
#1308=CARTESIAN_POINT('',(8.49379066896603,12.9666686323652,-14.0180205204273));
#1309=CARTESIAN_POINT('',(8.49289015665969,12.8832919200534,-14.0180617980202));
#1310=CARTESIAN_POINT('',(8.49350170623604,16.2166686323652,-14.0181434417619));
#1311=CARTESIAN_POINT('',(-9.03908239627375,12.6999802762093,-8.82732250039784));
#1312=CARTESIAN_POINT('Ctrl Pts',(8.49379066896603,12.9666686323652,-14.0180205204273));
#1313=CARTESIAN_POINT('Ctrl Pts',(8.60257521194683,12.9642138168558,-13.7561453892126));
#1314=CARTESIAN_POINT('Ctrl Pts',(9.21973180138462,12.9485348426437,-12.051556910026));
#1315=CARTESIAN_POINT('Ctrl Pts',(9.39493680823887,12.9196317097289,-8.61136913704966));
#1316=CARTESIAN_POINT('Ctrl Pts',(7.34836183314593,12.8799592336209,-4.34913002940271));
#1317=CARTESIAN_POINT('Ctrl Pts',(3.51292497355188,12.8402867575129,-1.58423531244533));
#1318=CARTESIAN_POINT('Ctrl Pts',(-1.17767029421292,12.8006142814049,-0.989768794751169));
#1319=CARTESIAN_POINT('Ctrl Pts',(-5.5816058846273,12.7609418052969,-2.71042649135713));
#1320=CARTESIAN_POINT('Ctrl Pts',(-8.15637410859674,12.7273971368983,-5.76870209120314));
#1321=CARTESIAN_POINT('Ctrl Pts',(-8.88970569013014,12.7070766272025,-8.0210483159243));
#1322=CARTESIAN_POINT('Ctrl Pts',(-9.03908239627375,12.6999802762093,-8.82732250039784));
#1323=CARTESIAN_POINT('',(-3.06642449982677,12.6999802762093,-1.83319772201113));
#1324=CARTESIAN_POINT('Origin',(0.,12.6999802762093,-10.500019843));
#1325=CARTESIAN_POINT('Ctrl Pts',(8.49289015665969,12.8832919200534,-14.0180617980202));
#1326=CARTESIAN_POINT('Ctrl Pts',(8.85526597266426,12.8750846735827,-13.1417163067793));
#1327=CARTESIAN_POINT('Ctrl Pts',(9.45091765371783,12.8536532684093,-10.707612035871));
#1328=CARTESIAN_POINT('Ctrl Pts',(8.7684124886934,12.8189977045333,-6.63407600237661));
#1329=CARTESIAN_POINT('Ctrl Pts',(5.85298521901902,12.7793252284253,-2.91220889232401));
#1330=CARTESIAN_POINT('Ctrl Pts',(1.51185340944961,12.7396527523173,-1.03693588767175));
#1331=CARTESIAN_POINT('Ctrl Pts',(-1.62617477903022,12.713204434912,-1.32362028196837));
#1332=CARTESIAN_POINT('Ctrl Pts',(-3.0664244998269,12.6999802762093,-1.83319772201117));
#1333=CARTESIAN_POINT('Origin',(0.,16.2166686323652,-10.500019843));
#1334=CARTESIAN_POINT('',(8.49350143029282,13.4666686323652,-14.0183968229682));
#1335=CARTESIAN_POINT('',(8.49362514379403,13.3832919200534,-14.0179381335527));
#1336=CARTESIAN_POINT('',(8.49350170623604,16.2166686323652,-14.0181434417619));
#1337=CARTESIAN_POINT('Ctrl Pts',(8.49350143029282,13.4666686323652,-14.0183968229682));
#1338=CARTESIAN_POINT('Ctrl Pts',(8.95351109734961,13.4562370546212,-12.9045878598323));
#1339=CARTESIAN_POINT('Ctrl Pts',(9.50060628630071,13.4325813181744,-10.1721486215124));
#1340=CARTESIAN_POINT('Ctrl Pts',(8.41390651648641,13.395701423025,-5.91329664502791));
#1341=CARTESIAN_POINT('Ctrl Pts',(5.19667385488888,13.356028946917,-2.44853343288814));
#1342=CARTESIAN_POINT('Ctrl Pts',(0.714384189905596,13.316356470809,-0.943791099429621));
#1343=CARTESIAN_POINT('Ctrl Pts',(-3.9418122337215,13.276683994701,-1.76537795813052));
#1344=CARTESIAN_POINT('Ctrl Pts',(-7.63843003569629,13.2370115185929,-4.71329026458559));
#1345=CARTESIAN_POINT('Ctrl Pts',(-9.47557969831372,13.197339042485,-9.06990032737436));
#1346=CARTESIAN_POINT('Ctrl Pts',(-9.00603306814025,13.1576665663769,-13.7746528173626));
#1347=CARTESIAN_POINT('Ctrl Pts',(-6.34409457938053,13.1179940902689,-17.6822420886503));
#1348=CARTESIAN_POINT('Ctrl Pts',(-2.13777578701147,13.0783216141609,-19.8414205439039));
#1349=CARTESIAN_POINT('Ctrl Pts',(2.58895459118695,13.0386491380529,-19.7265667582299));
#1350=CARTESIAN_POINT('Ctrl Pts',(6.43196164958905,13.0014314774543,-17.5117271594697));
#1351=CARTESIAN_POINT('Ctrl Pts',(8.01654988530115,12.9774379755585,-15.1668739275264));
#1352=CARTESIAN_POINT('Ctrl Pts',(8.49379066896603,12.9666686323652,-14.0180205204273));
#1353=CARTESIAN_POINT('Ctrl Pts',(8.49362514379403,13.3832919200534,-14.0179381335527));
#1354=CARTESIAN_POINT('Ctrl Pts',(8.62480134126505,13.3803320700507,-13.7021701189328));
#1355=CARTESIAN_POINT('Ctrl Pts',(9.24568272456556,13.3641480613454,-11.9359075402378));
#1356=CARTESIAN_POINT('Ctrl Pts',(9.35727832616915,13.3347398939374,-8.43284908672732));
#1357=CARTESIAN_POINT('Ctrl Pts',(7.22992648715485,13.2950674178294,-4.21034455123149));
#1358=CARTESIAN_POINT('Ctrl Pts',(3.34255104588184,13.2553949417214,-1.51897286933748));
#1359=CARTESIAN_POINT('Ctrl Pts',(-1.35852152300211,13.2157224656134,-1.01391036676288));
#1360=CARTESIAN_POINT('Ctrl Pts',(-5.72888079377844,13.1760499895054,-2.81810774349089));
#1361=CARTESIAN_POINT('Ctrl Pts',(-8.70462555531281,13.1363775133974,-6.49235786730953));
#1362=CARTESIAN_POINT('Ctrl Pts',(-9.56135036491183,13.0967050372894,-11.1422177695627));
#1363=CARTESIAN_POINT('Ctrl Pts',(-8.09050233113545,13.0570325611814,-15.635741703844));
#1364=CARTESIAN_POINT('Ctrl Pts',(-4.65012922089847,13.0173600850733,-18.8790504421642));
#1365=CARTESIAN_POINT('Ctrl Pts',(-0.0777604456258881,12.9776876089653,
-20.0825944146968));
#1366=CARTESIAN_POINT('Ctrl Pts',(4.51356372907797,12.9380151328573,-18.9534115502559));
#1367=CARTESIAN_POINT('Ctrl Pts',(7.28355953908748,12.90654990322,-16.4256637691277));
#1368=CARTESIAN_POINT('Ctrl Pts',(8.27137765908999,12.8883088322853,-14.5537528400965));
#1369=CARTESIAN_POINT('Ctrl Pts',(8.49289015665969,12.8832919200534,-14.0180617980202));
#1370=CARTESIAN_POINT('Origin',(0.,16.2166686323652,-10.500019843));
#1371=CARTESIAN_POINT('',(8.49296728320732,13.9666686323652,-14.0177668185436));
#1372=CARTESIAN_POINT('',(8.49367711036938,13.8832919200533,-14.0184509040085));
#1373=CARTESIAN_POINT('',(8.49350170623604,16.2166686323652,-14.0181434417619));
#1374=CARTESIAN_POINT('Ctrl Pts',(8.49296728320732,13.9666686323652,-14.0177668185436));
#1375=CARTESIAN_POINT('Ctrl Pts',(8.72250827047427,13.9614844510892,-13.4644736434592));
#1376=CARTESIAN_POINT('Ctrl Pts',(9.34724219012826,13.9430761111105,-11.4212058823993));
#1377=CARTESIAN_POINT('Ctrl Pts',(9.15125857103485,13.911443612429,-7.65637444821997));
#1378=CARTESIAN_POINT('Ctrl Pts',(6.67771722433461,13.8717711363211,-3.62688771586784));
#1379=CARTESIAN_POINT('Ctrl Pts',(2.57857974303052,13.832098660213,-1.2705681217966));
#1380=CARTESIAN_POINT('Ctrl Pts',(-2.14827663115596,13.7924261841051,-1.16102845842195));
#1381=CARTESIAN_POINT('Ctrl Pts',(-6.35216533984356,13.752753707997,-3.32493461281104));
#1382=CARTESIAN_POINT('Ctrl Pts',(-9.00970893149379,13.713081231889,-7.23551413233469));
#1383=CARTESIAN_POINT('Ctrl Pts',(-9.47396587728406,13.673408755781,-11.9407915533088));
#1384=CARTESIAN_POINT('Ctrl Pts',(-7.63191936755759,13.633736279673,-16.2953334093498));
#1385=CARTESIAN_POINT('Ctrl Pts',(-3.93198966110421,13.594063803565,-19.2390878636851));
#1386=CARTESIAN_POINT('Ctrl Pts',(0.725127506200768,13.554391327457,-20.055439387156));
#1387=CARTESIAN_POINT('Ctrl Pts',(5.20572260297227,13.514718851349,-18.5456587080292));
#1388=CARTESIAN_POINT('Ctrl Pts',(7.57413567594371,13.4854779529851,-15.9892644474422));
#1389=CARTESIAN_POINT('Ctrl Pts',(8.37035474352078,13.4694612133238,-14.3165685644117));
#1390=CARTESIAN_POINT('Ctrl Pts',(8.49350143029282,13.4666686323652,-14.0183968229682));
#1391=CARTESIAN_POINT('Ctrl Pts',(8.49367711036938,13.8832919200534,-14.0184509040085));
#1392=CARTESIAN_POINT('Ctrl Pts',(8.97596522256265,13.8723553078161,-12.8507995831742));
#1393=CARTESIAN_POINT('Ctrl Pts',(9.50863121213323,13.8481945368761,-10.0493605636536));
#1394=CARTESIAN_POINT('Ctrl Pts',(8.32505858829774,13.8108096072335,-5.75394231158523));
#1395=CARTESIAN_POINT('Ctrl Pts',(5.04244616891932,13.7711371311255,-2.35105738963732));
#1396=CARTESIAN_POINT('Ctrl Pts',(0.532321303950253,13.7314646550175,-0.931922515839309));
#1397=CARTESIAN_POINT('Ctrl Pts',(-4.10738967933999,13.6917921789095,-1.84200607221004));
#1398=CARTESIAN_POINT('Ctrl Pts',(-7.74721453952838,13.6521197028015,-4.85976104482504));
#1399=CARTESIAN_POINT('Ctrl Pts',(-9.50108921866139,13.6124472266934,-9.25055752125913));
#1400=CARTESIAN_POINT('Ctrl Pts',(-8.94205764677952,13.5727747505854,-13.94551798873));
#1401=CARTESIAN_POINT('Ctrl Pts',(-6.20620818143817,13.5331022744774,-17.8017204971301));
#1402=CARTESIAN_POINT('Ctrl Pts',(-1.95954481058416,13.4934297983694,-19.8804269009653));
#1403=CARTESIAN_POINT('Ctrl Pts',(2.7641421214471,13.4537573222614,-19.6756054233762));
#1404=CARTESIAN_POINT('Ctrl Pts',(6.51271935144885,13.417044696156,-17.4190456220995));
#1405=CARTESIAN_POINT('Ctrl Pts',(8.03872608345961,13.3935562287534,-15.1129734822179));
#1406=CARTESIAN_POINT('Ctrl Pts',(8.49362514379403,13.3832919200534,-14.0179381335527));
#1407=CARTESIAN_POINT('Origin',(0.,16.2166686323652,-10.500019843));
#1408=CARTESIAN_POINT('',(8.4942286503592,14.4666686323652,-14.0184529359356));
#1409=CARTESIAN_POINT('',(8.49287231235368,14.3832919200534,-14.0177782961088));
#1410=CARTESIAN_POINT('',(8.49350170623604,16.2166686323652,-14.0181434417619));
#1411=CARTESIAN_POINT('Ctrl Pts',(8.49422841092399,14.4666686323652,-14.0184528339968));
#1412=CARTESIAN_POINT('Ctrl Pts',(9.07584865770157,14.4535076888545,-12.6140990951905));
#1413=CARTESIAN_POINT('Ctrl Pts',(9.52905248440446,14.4271225866412,-9.5033018576818));
#1414=CARTESIAN_POINT('Ctrl Pts',(7.89828846256485,14.3875133257251,-5.07333651623829));
#1415=CARTESIAN_POINT('Ctrl Pts',(4.34219479169357,14.3478408496171,-1.95735064916552));
#1416=CARTESIAN_POINT('Ctrl Pts',(-0.270944997072602,14.3081683735091,-0.920957186658017));
#1417=CARTESIAN_POINT('Ctrl Pts',(-4.81812704537272,14.2684958974011,-2.21645150926032));
#1418=CARTESIAN_POINT('Ctrl Pts',(-8.19240397684384,14.2288234212931,-5.52846378424084));
#1419=CARTESIAN_POINT('Ctrl Pts',(-9.57235563361533,14.1891509451851,-10.0507313067442));
#1420=CARTESIAN_POINT('Ctrl Pts',(-8.62205223550124,14.1494784690771,-14.6823717905837));
#1421=CARTESIAN_POINT('Ctrl Pts',(-5.57283175007959,14.1098059929691,-18.2958776438139));
#1422=CARTESIAN_POINT('Ctrl Pts',(-1.16698392519448,14.0701335168611,-20.0115917994919));
#1423=CARTESIAN_POINT('Ctrl Pts',(3.52294968742404,14.0304610407531,-19.4118478297305));
#1424=CARTESIAN_POINT('Ctrl Pts',(6.85448417414199,13.9959727459211,-17.0045091728331));
#1425=CARTESIAN_POINT('Ctrl Pts',(8.13697966282185,13.9747086097918,-14.8758511333277));
#1426=CARTESIAN_POINT('Ctrl Pts',(8.49296728320732,13.9666686323652,-14.0177668185436));
#1427=CARTESIAN_POINT('Ctrl Pts',(8.49287231235368,14.3832919200534,-14.0177782961088));
#1428=CARTESIAN_POINT('Ctrl Pts',(8.74466855886769,14.3776027042841,-13.4105217267546));
#1429=CARTESIAN_POINT('Ctrl Pts',(9.36735858266153,14.3586893298122,-11.3031218881198));
#1430=CARTESIAN_POINT('Ctrl Pts',(9.09546206881362,14.3265517966376,-7.48266633578308));
#1431=CARTESIAN_POINT('Ctrl Pts',(6.54565485529188,14.2868793205296,-3.50100170127675));
#1432=CARTESIAN_POINT('Ctrl Pts',(2.40240022946416,14.2472068444215,-1.22314938091912));
#1433=CARTESIAN_POINT('Ctrl Pts',(-2.3256848699498,14.2075343683135,-1.20362041534778));
#1434=CARTESIAN_POINT('Ctrl Pts',(-6.48761476873365,14.1678618922055,-3.44716885596837));
#1435=CARTESIAN_POINT('Ctrl Pts',(-9.07022629619995,14.1281894160975,-7.4076344581415));
#1436=CARTESIAN_POINT('Ctrl Pts',(-9.44481907837495,14.0885169399895,-12.1208976945142));
#1437=CARTESIAN_POINT('Ctrl Pts',(-7.52020378239243,14.0488444638815,-16.4395810645091));
#1438=CARTESIAN_POINT('Ctrl Pts',(-3.76490087425085,14.0091719877735,-19.3123619743422));
#1439=CARTESIAN_POINT('Ctrl Pts',(0.906914084752775,13.9694995116655,-20.0399024038937));
#1440=CARTESIAN_POINT('Ctrl Pts',(5.35795359294459,13.9298270355575,-18.4450928904056));
#1441=CARTESIAN_POINT('Ctrl Pts',(7.63721018841671,13.9010911716868,-15.8889952015553));
#1442=CARTESIAN_POINT('Ctrl Pts',(8.39279975983301,13.8855794665187,-14.2626816213289));
#1443=CARTESIAN_POINT('Ctrl Pts',(8.49367711036938,13.8832919200534,-14.0184509040085));
#1444=CARTESIAN_POINT('Origin',(0.,16.2166686323652,-10.500019843));
#1445=CARTESIAN_POINT('',(8.49283914005641,14.9666686323652,-14.0180131621263));
#1446=CARTESIAN_POINT('',(8.49422855249247,14.8832919200534,-14.018386542194));
#1447=CARTESIAN_POINT('',(8.49350170623604,16.2166686323652,-14.0181434417619));
#1448=CARTESIAN_POINT('Ctrl Pts',(8.49283914005641,14.9666686323652,-14.0180131621264));
#1449=CARTESIAN_POINT('Ctrl Pts',(8.84233276935914,14.9587550853226,-13.173043499938));
#1450=CARTESIAN_POINT('Ctrl Pts',(9.44260985039808,14.9376173795772,-10.7776356206593));
#1451=CARTESIAN_POINT('Ctrl Pts',(8.81077731937477,14.9032555151292,-6.73146015151583));
#1452=CARTESIAN_POINT('Ctrl Pts',(5.93643770142351,14.8635830390212,-2.97734956501517));
#1453=CARTESIAN_POINT('Ctrl Pts',(1.6169550517782,14.8239105629132,-1.05452858254682));
#1454=CARTESIAN_POINT('Ctrl Pts',(-3.09615204372724,14.7842380868052,-1.43107853895076));
#1455=CARTESIAN_POINT('Ctrl Pts',(-7.05554479813732,14.7445656106972,-4.01533481041305));
#1456=CARTESIAN_POINT('Ctrl Pts',(-9.29736450508194,14.7048931345892,-8.17819606034961));
#1457=CARTESIAN_POINT('Ctrl Pts',(-9.27587192863232,14.6652206584812,-12.9062726777681));
#1458=CARTESIAN_POINT('Ctrl Pts',(-6.9962990478845,14.6255481823732,-17.0485809124747));
#1459=CARTESIAN_POINT('Ctrl Pts',(-3.01357579214094,14.5858757062652,-19.5967342811334));
#1460=CARTESIAN_POINT('Ctrl Pts',(1.70276002027193,14.5462032301572,-19.9304207282326));
#1461=CARTESIAN_POINT('Ctrl Pts',(6.00458290300627,14.5065307540492,-17.9684090087541));
#1462=CARTESIAN_POINT('Ctrl Pts',(7.90250292340938,14.4800192214518,-15.4423285206509));
#1463=CARTESIAN_POINT('Ctrl Pts',(8.49143474833237,14.4667318475572,-14.0251982843611));
#1464=CARTESIAN_POINT('Ctrl Pts',(8.49422841092399,14.4666686323652,-14.0184528339968));
#1465=CARTESIAN_POINT('Ctrl Pts',(8.49422855249248,14.8832919200534,-14.018386542194));
#1466=CARTESIAN_POINT('Ctrl Pts',(8.51377141699886,14.8828501007521,-13.9712485454189));
#1467=CARTESIAN_POINT('Ctrl Pts',(9.105898246172,14.8691841227482,-12.5081069615648));
#1468=CARTESIAN_POINT('Ctrl Pts',(9.51108647441405,14.8422939860416,-9.32908573503236));
#1469=CARTESIAN_POINT('Ctrl Pts',(7.79354265245446,14.8026215099336,-4.92395086567772));
#1470=CARTESIAN_POINT('Ctrl Pts',(4.17877074018909,14.7629490338256,-1.87623137200152));
#1471=CARTESIAN_POINT('Ctrl Pts',(-0.453264016660854,14.7232765577176,-0.927851638169635));
#1472=CARTESIAN_POINT('Ctrl Pts',(-4.97495803331409,14.6836040816096,-2.30968132712805));
#1473=CARTESIAN_POINT('Ctrl Pts',(-8.28556864178413,14.6439316055016,-5.68533348601294));
#1474=CARTESIAN_POINT('Ctrl Pts',(-9.57917435000764,14.6042591293936,-10.2330531733344));
#1475=CARTESIAN_POINT('Ctrl Pts',(-8.54086508346677,14.5645866532856,-14.8457621340743));
#1476=CARTESIAN_POINT('Ctrl Pts',(-5.42340259717741,14.5249141771776,-18.4005613877803));
#1477=CARTESIAN_POINT('Ctrl Pts',(-0.985689192593868,14.4852417010696,-20.0320851621604));
#1478=CARTESIAN_POINT('Ctrl Pts',(3.69197635251715,14.4455692249616,-19.3431619907387));
#1479=CARTESIAN_POINT('Ctrl Pts',(6.92896977949933,14.4115859646228,-16.9090078517749));
#1480=CARTESIAN_POINT('Ctrl Pts',(8.15938692082054,14.3908268629868,-14.8220444342893));
#1481=CARTESIAN_POINT('Ctrl Pts',(8.49287231235368,14.3832919200534,-14.0177782961088));
#1482=CARTESIAN_POINT('Ctrl Pts',(-0.0013497778640742,15.4770536037698,
-19.6933197439115));
#1483=CARTESIAN_POINT('Ctrl Pts',(1.52638985156971,15.4638294450671,-19.6935440495641));
#1484=CARTESIAN_POINT('Ctrl Pts',(4.58044833608822,15.4373811276617,-18.9175700636807));
#1485=CARTESIAN_POINT('Ctrl Pts',(8.04794906723435,15.3977086515537,-15.7022142654005));
#1486=CARTESIAN_POINT('Ctrl Pts',(9.55564635657608,15.3580361754457,-11.2212701870434));
#1487=CARTESIAN_POINT('Ctrl Pts',(8.73747068191072,15.3183636993377,-6.56435582885258));
#1488=CARTESIAN_POINT('Ctrl Pts',(5.79212537312278,15.2786912232297,-2.86571670429654));
#1489=CARTESIAN_POINT('Ctrl Pts',(1.43684588203039,15.2390187471217,-1.02544529824906));
#1490=CARTESIAN_POINT('Ctrl Pts',(-3.26825170994541,15.1993462710137,-1.49167299857439));
#1491=CARTESIAN_POINT('Ctrl Pts',(-7.17772053882092,15.1596737949057,-4.15083222414889));
#1492=CARTESIAN_POINT('Ctrl Pts',(-9.3398838695949,15.1200013187977,-8.35562335341586));
#1493=CARTESIAN_POINT('Ctrl Pts',(-9.22837946132604,15.0803288426897,-13.0824317960503));
#1494=CARTESIAN_POINT('Ctrl Pts',(-6.87035845851829,15.0406563665817,-17.180591317138));
#1495=CARTESIAN_POINT('Ctrl Pts',(-2.83984438286702,15.0009838904737,-19.652458454376));
#1496=CARTESIAN_POINT('Ctrl Pts',(1.88198921192998,14.9613114143657,-19.8962941221914));
#1497=CARTESIAN_POINT('Ctrl Pts',(6.14567934154738,14.9216389382576,-17.8527389093275));
#1498=CARTESIAN_POINT('Ctrl Pts',(8.91329032039711,14.8819664621497,-14.0192680510498));
#1499=CARTESIAN_POINT('Ctrl Pts',(9.51108647441405,14.8422939860416,-9.32908573503236));
#1500=CARTESIAN_POINT('Ctrl Pts',(7.79354265245446,14.8026215099336,-4.92395086567772));
#1501=CARTESIAN_POINT('Ctrl Pts',(4.17877074018909,14.7629490338256,-1.87623137200152));
#1502=CARTESIAN_POINT('Ctrl Pts',(-0.453264016660854,14.7232765577176,-0.927851638169635));
#1503=CARTESIAN_POINT('Ctrl Pts',(-4.97495803331409,14.6836040816096,-2.30968132712805));
#1504=CARTESIAN_POINT('Ctrl Pts',(-8.28556864178413,14.6439316055016,-5.68533348601294));
#1505=CARTESIAN_POINT('Ctrl Pts',(-9.57917435000764,14.6042591293936,-10.2330531733344));
#1506=CARTESIAN_POINT('Ctrl Pts',(-8.54086508346677,14.5645866532856,-14.8457621340743));
#1507=CARTESIAN_POINT('Ctrl Pts',(-5.42340259717741,14.5249141771776,-18.4005613877803));
#1508=CARTESIAN_POINT('Ctrl Pts',(-0.985689192593868,14.4852417010696,-20.0320851621604));
#1509=CARTESIAN_POINT('Ctrl Pts',(3.69197635251715,14.4455692249616,-19.3431619907387));
#1510=CARTESIAN_POINT('Ctrl Pts',(7.47088229366709,14.4058967488536,-16.5015005092136));
#1511=CARTESIAN_POINT('Ctrl Pts',(9.43110724390773,14.3662242727456,-12.1988631514606));
#1512=CARTESIAN_POINT('Ctrl Pts',(9.09546206881362,14.3265517966376,-7.48266633578308));
#1513=CARTESIAN_POINT('Ctrl Pts',(6.54565485529188,14.2868793205296,-3.50100170127675));
#1514=CARTESIAN_POINT('Ctrl Pts',(2.40240022946416,14.2472068444215,-1.22314938091912));
#1515=CARTESIAN_POINT('Ctrl Pts',(-2.3256848699498,14.2075343683135,-1.20362041534778));
#1516=CARTESIAN_POINT('Ctrl Pts',(-6.48761476873365,14.1678618922055,-3.44716885596837));
#1517=CARTESIAN_POINT('Ctrl Pts',(-9.07022629619995,14.1281894160975,-7.4076344581415));
#1518=CARTESIAN_POINT('Ctrl Pts',(-9.44481907837495,14.0885169399895,-12.1208976945142));
#1519=CARTESIAN_POINT('Ctrl Pts',(-7.52020378239243,14.0488444638815,-16.4395810645091));
#1520=CARTESIAN_POINT('Ctrl Pts',(-3.76490087425085,14.0091719877735,-19.3123619743422));
#1521=CARTESIAN_POINT('Ctrl Pts',(0.906914084752775,13.9694995116655,-20.0399024038937));
#1522=CARTESIAN_POINT('Ctrl Pts',(5.35795359294459,13.9298270355575,-18.4450928904056));
#1523=CARTESIAN_POINT('Ctrl Pts',(8.50467482028287,13.8901545594495,-14.9161673308025));
#1524=CARTESIAN_POINT('Ctrl Pts',(9.58105283758643,13.8504820833415,-10.3121929117085));
#1525=CARTESIAN_POINT('Ctrl Pts',(8.32505858829774,13.8108096072335,-5.75394231158523));
#1526=CARTESIAN_POINT('Ctrl Pts',(5.04244616891932,13.7711371311255,-2.35105738963732));
#1527=CARTESIAN_POINT('Ctrl Pts',(0.532321303950253,13.7314646550175,-0.931922515839309));
#1528=CARTESIAN_POINT('Ctrl Pts',(-4.10738967933999,13.6917921789095,-1.84200607221004));
#1529=CARTESIAN_POINT('Ctrl Pts',(-7.74721453952838,13.6521197028015,-4.85976104482504));
#1530=CARTESIAN_POINT('Ctrl Pts',(-9.50108921866139,13.6124472266934,-9.25055752125913));
#1531=CARTESIAN_POINT('Ctrl Pts',(-8.94205764677952,13.5727747505854,-13.94551798873));
#1532=CARTESIAN_POINT('Ctrl Pts',(-6.20620818143817,13.5331022744774,-17.8017204971301));
#1533=CARTESIAN_POINT('Ctrl Pts',(-1.95954481058416,13.4934297983694,-19.8804269009653));
#1534=CARTESIAN_POINT('Ctrl Pts',(2.7641421214471,13.4537573222614,-19.6756054233762));
#1535=CARTESIAN_POINT('Ctrl Pts',(6.81493762077993,13.4140848461534,-17.2371169713235));
#1536=CARTESIAN_POINT('Ctrl Pts',(9.20673260269866,13.3744123700454,-13.158577176948));
#1537=CARTESIAN_POINT('Ctrl Pts',(9.35727832616915,13.3347398939374,-8.43284908672732));
#1538=CARTESIAN_POINT('Ctrl Pts',(7.22992648715485,13.2950674178294,-4.21034455123149));
#1539=CARTESIAN_POINT('Ctrl Pts',(3.34255104588184,13.2553949417214,-1.51897286933748));
#1540=CARTESIAN_POINT('Ctrl Pts',(-1.35852152300211,13.2157224656134,-1.01391036676288));
#1541=CARTESIAN_POINT('Ctrl Pts',(-5.72888079377844,13.1760499895054,-2.81810774349089));
#1542=CARTESIAN_POINT('Ctrl Pts',(-8.70462555531281,13.1363775133974,-6.49235786730953));
#1543=CARTESIAN_POINT('Ctrl Pts',(-9.56135036491183,13.0967050372894,-11.1422177695627));
#1544=CARTESIAN_POINT('Ctrl Pts',(-8.09050233113545,13.0570325611814,-15.635741703844));
#1545=CARTESIAN_POINT('Ctrl Pts',(-4.65012922089847,13.0173600850733,-18.8790504421642));
#1546=CARTESIAN_POINT('Ctrl Pts',(-0.0777604456258881,12.9776876089653,
-20.0825944146968));
#1547=CARTESIAN_POINT('Ctrl Pts',(4.51356372907797,12.9380151328573,-18.9534115502559));
#1548=CARTESIAN_POINT('Ctrl Pts',(8.00607256688148,12.8983426567493,-15.7663376083288));
#1549=CARTESIAN_POINT('Ctrl Pts',(9.54972050462675,12.8586701806413,-11.2973174242179));
#1550=CARTESIAN_POINT('Ctrl Pts',(8.7684124886934,12.8189977045333,-6.63407600237661));
#1551=CARTESIAN_POINT('Ctrl Pts',(5.85298521901902,12.7793252284253,-2.91220889232401));
#1552=CARTESIAN_POINT('Ctrl Pts',(1.51185340944961,12.7396527523173,-1.03693588767175));
#1553=CARTESIAN_POINT('Ctrl Pts',(-1.62617477903022,12.713204434912,-1.32362028196837));
#1554=CARTESIAN_POINT('Ctrl Pts',(-3.0664244998269,12.6999802762093,-1.83319772201117));
#1555=CARTESIAN_POINT('Ctrl Pts',(-0.00136478795732809,15.4180291612496,
-19.7955530761429));
#1556=CARTESIAN_POINT('Ctrl Pts',(1.54336394384258,15.4048050025469,-19.795779876168));
#1557=CARTESIAN_POINT('Ctrl Pts',(4.63138483348952,15.3783566851416,-19.0111767356659));
#1558=CARTESIAN_POINT('Ctrl Pts',(8.13744562011964,15.3386842090336,-15.7600648388018));
#1559=CARTESIAN_POINT('Ctrl Pts',(9.66190913263986,15.2990117329256,-11.229290791923));
#1560=CARTESIAN_POINT('Ctrl Pts',(8.83463500296128,15.2593392568176,-6.52058960224774));
#1561=CARTESIAN_POINT('Ctrl Pts',(5.85653622493648,15.2196667807096,-2.78082006679458));
#1562=CARTESIAN_POINT('Ctrl Pts',(1.45282420798584,15.1799943046016,-0.920084074572578));
#1563=CARTESIAN_POINT('Ctrl Pts',(-3.30459603314601,15.1403218284936,-1.3914964215315));
#1564=CARTESIAN_POINT('Ctrl Pts',(-7.25753978723212,15.1006493523855,-4.08022660764188));
#1565=CARTESIAN_POINT('Ctrl Pts',(-9.44374727674303,15.0609768762776,-8.33177676936894));
#1566=CARTESIAN_POINT('Ctrl Pts',(-9.33100289291168,15.0213044001695,-13.1111492948809));
#1567=CARTESIAN_POINT('Ctrl Pts',(-6.94675971230193,14.9816319240615,-17.2548820604372));
#1568=CARTESIAN_POINT('Ctrl Pts',(-2.87142463777097,14.9419594479535,-19.7542373920121));
#1569=CARTESIAN_POINT('Ctrl Pts',(1.90291771751916,14.9022869718455,-20.000784614232));
#1570=CARTESIAN_POINT('Ctrl Pts',(6.21402186106531,14.8626144957375,-17.93450421441));
#1571=CARTESIAN_POINT('Ctrl Pts',(9.01240982921569,14.8229420196295,-14.0584035600767));
#1572=CARTESIAN_POINT('Ctrl Pts',(9.61685372598867,14.7832695435215,-9.3160644589975));
#1573=CARTESIAN_POINT('Ctrl Pts',(7.88021009981678,14.7435970674135,-4.86194265116843));
#1574=CARTESIAN_POINT('Ctrl Pts',(4.22524041506158,14.7039245913055,-1.78033124458789));
#1575=CARTESIAN_POINT('Ctrl Pts',(-0.45830450172098,14.6642521151975,-0.821405132256944));
#1576=CARTESIAN_POINT('Ctrl Pts',(-5.03028164321904,14.6245796390895,-2.21860134413979));
#1577=CARTESIAN_POINT('Ctrl Pts',(-8.3777076235221,14.5849071629815,-5.63179216404701));
#1578=CARTESIAN_POINT('Ctrl Pts',(-9.68569876717911,14.5452346868735,-10.2300843925344));
#1579=CARTESIAN_POINT('Ctrl Pts',(-8.63584306819837,14.5055622107654,-14.8940886022875));
#1580=CARTESIAN_POINT('Ctrl Pts',(-5.48371309781572,14.4658897346575,-18.4884187074872));
#1581=CARTESIAN_POINT('Ctrl Pts',(-0.996650467847532,14.4262172585494,-20.1380857072453));
#1582=CARTESIAN_POINT('Ctrl Pts',(3.73303267060812,14.3865447824414,-19.4415014225971));
#1583=CARTESIAN_POINT('Ctrl Pts',(7.55396162315949,14.3468723063334,-16.5682394792725));
#1584=CARTESIAN_POINT('Ctrl Pts',(9.53598509305536,14.3071998302254,-12.2177549981571));
#1585=CARTESIAN_POINT('Ctrl Pts',(9.19660740351406,14.2675273541174,-7.4491121053231));
#1586=CARTESIAN_POINT('Ctrl Pts',(6.61844526947461,14.2278548780094,-3.42316969811262));
#1587=CARTESIAN_POINT('Ctrl Pts',(2.42911592279069,14.1881824019014,-1.11998670916468));
#1588=CARTESIAN_POINT('Ctrl Pts',(-2.35154745645713,14.1485099257934,-1.1002405733447));
#1589=CARTESIAN_POINT('Ctrl Pts',(-6.55975975292759,14.1088374496854,-3.36873820909428));
#1590=CARTESIAN_POINT('Ctrl Pts',(-9.1710909985754,14.0691649735774,-7.37324584188343));
#1591=CARTESIAN_POINT('Ctrl Pts',(-9.54984940884523,14.0294924974694,-12.1389225327862));
#1592=CARTESIAN_POINT('Ctrl Pts',(-7.60383158742653,13.9898200213614,-16.5056314644974));
#1593=CARTESIAN_POINT('Ctrl Pts',(-3.80676814346258,13.9501475452533,-19.4103588971622));
#1594=CARTESIAN_POINT('Ctrl Pts',(0.916999347926084,13.9104750691454,-20.1459898799696));
#1595=CARTESIAN_POINT('Ctrl Pts',(5.41753627333706,13.8708025930373,-18.5334454190093));
#1596=CARTESIAN_POINT('Ctrl Pts',(8.59925035418185,13.8311301169293,-14.9652767341908));
#1597=CARTESIAN_POINT('Ctrl Pts',(9.68759814432387,13.7914576408213,-10.3101041978326));
#1598=CARTESIAN_POINT('Ctrl Pts',(8.41763671472426,13.7517851647133,-5.70116394839737));
#1599=CARTESIAN_POINT('Ctrl Pts',(5.09852027506212,13.7121126886053,-2.26043752573475));
#1600=CARTESIAN_POINT('Ctrl Pts',(0.538240939043982,13.6724402124973,-0.825521279785511));
#1601=CARTESIAN_POINT('Ctrl Pts',(-4.153065567021,13.6327677363893,-1.7457253451769));
#1602=CARTESIAN_POINT('Ctrl Pts',(-7.83336679893735,13.5930952602813,-4.79703901271469));
#1603=CARTESIAN_POINT('Ctrl Pts',(-9.60674529657912,13.5534227841733,-9.23666297870902));
#1604=CARTESIAN_POINT('Ctrl Pts',(-9.04149706027512,13.5137503080653,-13.9838333662801));
#1605=CARTESIAN_POINT('Ctrl Pts',(-6.27522380692075,13.4740778319573,-17.8829184561735));
#1606=CARTESIAN_POINT('Ctrl Pts',(-1.9813357668025,13.4344053558493,-19.9847409428827));
#1607=CARTESIAN_POINT('Ctrl Pts',(2.79488053560552,13.3947328797413,-19.7776417649692));
#1608=CARTESIAN_POINT('Ctrl Pts',(6.89072257171495,13.3550604036332,-17.3120363034914));
#1609=CARTESIAN_POINT('Ctrl Pts',(9.30911531218086,13.3153879275252,-13.1881414441977));
#1610=CARTESIAN_POINT('Ctrl Pts',(9.46133516693491,13.2757154514173,-8.40986128506927));
#1611=CARTESIAN_POINT('Ctrl Pts',(7.31032628750259,13.2360429753092,-4.14040073664241));
#1612=CARTESIAN_POINT('Ctrl Pts',(3.379721608711,13.1963704992012,-1.41909987825259));
#1613=CARTESIAN_POINT('Ctrl Pts',(-1.37362884939215,13.1566980230932,-0.908420869833524));
#1614=CARTESIAN_POINT('Ctrl Pts',(-5.79258833947121,13.1170255469852,-2.73268167447253));
#1615=CARTESIAN_POINT('Ctrl Pts',(-8.80142462484585,13.0773530708772,-6.44779099331999));
#1616=CARTESIAN_POINT('Ctrl Pts',(-9.66767657192921,13.0376805947692,-11.149359278563));
#1617=CARTESIAN_POINT('Ctrl Pts',(-8.18047209407727,12.9980081186612,-15.6928530746148));
#1618=CARTESIAN_POINT('Ctrl Pts',(-4.70184059882404,12.9583356425532,-18.9722287598798));
#1619=CARTESIAN_POINT('Ctrl Pts',(-0.078625174238878,12.9186631664452,-20.1891566437527));
#1620=CARTESIAN_POINT('Ctrl Pts',(4.56375644173131,12.8789906903372,-19.0474167945321));
#1621=CARTESIAN_POINT('Ctrl Pts',(8.09510343560336,12.8393182142292,-15.8249012600689));
#1622=CARTESIAN_POINT('Ctrl Pts',(9.65591738274338,12.7996457381212,-11.3061837061174));
#1623=CARTESIAN_POINT('Ctrl Pts',(8.86592089555065,12.7599732620132,-6.59108509320293));
#1624=CARTESIAN_POINT('Ctrl Pts',(5.91807285772233,12.7203007859051,-2.82782926735901));
#1625=CARTESIAN_POINT('Ctrl Pts',(1.52866585041851,12.6806283097971,-0.931702444145876));
#1626=CARTESIAN_POINT('Ctrl Pts',(-1.64425852134722,12.6541799923918,-1.2215748885707));
#1627=CARTESIAN_POINT('Ctrl Pts',(-3.10052442020721,12.6409558336891,-1.73681904244716));
#1628=CARTESIAN_POINT('Ctrl Pts',(-0.00137979805058198,15.3590047187294,
-19.8977864083744));
#1629=CARTESIAN_POINT('Ctrl Pts',(1.56033803611544,15.3457805600268,-19.8980157027719));
#1630=CARTESIAN_POINT('Ctrl Pts',(4.68232133089083,15.3193322426214,-19.104783407651));
#1631=CARTESIAN_POINT('Ctrl Pts',(8.22694217300491,15.2796597665134,-15.8179154122031));
#1632=CARTESIAN_POINT('Ctrl Pts',(9.76817190870366,15.2399872904054,-11.2373113968026));
#1633=CARTESIAN_POINT('Ctrl Pts',(8.93179932401183,15.2003148142974,-6.47682337564289));
#1634=CARTESIAN_POINT('Ctrl Pts',(5.92094707675018,15.1606423381894,-2.69592342929262));
#1635=CARTESIAN_POINT('Ctrl Pts',(1.46880253394129,15.1209698620814,-0.814722850896089));
#1636=CARTESIAN_POINT('Ctrl Pts',(-3.34094035634661,15.0812973859734,-1.29131984448861));
#1637=CARTESIAN_POINT('Ctrl Pts',(-7.33735903564334,15.0416249098654,-4.00962099113486));
#1638=CARTESIAN_POINT('Ctrl Pts',(-9.54761068389116,15.0019524337574,-8.30793018532204));
#1639=CARTESIAN_POINT('Ctrl Pts',(-9.43362632449732,14.9622799576494,-13.1398667937116));
#1640=CARTESIAN_POINT('Ctrl Pts',(-7.02316096608558,14.9226074815414,-17.3291728037364));
#1641=CARTESIAN_POINT('Ctrl Pts',(-2.90300489267492,14.8829350054334,-19.8560163296481));
#1642=CARTESIAN_POINT('Ctrl Pts',(1.92384622310834,14.8432625293254,-20.1052751062725));
#1643=CARTESIAN_POINT('Ctrl Pts',(6.28236438058324,14.8035900532173,-18.0162695194924));
#1644=CARTESIAN_POINT('Ctrl Pts',(9.11152933803429,14.7639175771094,-14.0975390691035));
#1645=CARTESIAN_POINT('Ctrl Pts',(9.72262097756328,14.7242451010013,-9.30304318296265));
#1646=CARTESIAN_POINT('Ctrl Pts',(7.96687754717909,14.6845726248933,-4.79993443665915));
#1647=CARTESIAN_POINT('Ctrl Pts',(4.27171008993408,14.6449001487853,-1.68443111717426));
#1648=CARTESIAN_POINT('Ctrl Pts',(-0.463344986781109,14.6052276726773,-0.714958626344252));
#1649=CARTESIAN_POINT('Ctrl Pts',(-5.08560525312398,14.5655551965693,-2.12752136115153));
#1650=CARTESIAN_POINT('Ctrl Pts',(-8.46984660526008,14.5258827204613,-5.57825084208109));
#1651=CARTESIAN_POINT('Ctrl Pts',(-9.79222318435058,14.4862102443533,-10.2271156117344));
#1652=CARTESIAN_POINT('Ctrl Pts',(-8.73082105292998,14.4465377682453,-14.9424150705007));
#1653=CARTESIAN_POINT('Ctrl Pts',(-5.54402359845402,14.4068652921373,-18.5762760271941));
#1654=CARTESIAN_POINT('Ctrl Pts',(-1.00761174310119,14.3671928160293,-20.2440862523302));
#1655=CARTESIAN_POINT('Ctrl Pts',(3.77408898869908,14.3275203399213,-19.5398408544555));
#1656=CARTESIAN_POINT('Ctrl Pts',(7.63704095265191,14.2878478638133,-16.6349784493314));
#1657=CARTESIAN_POINT('Ctrl Pts',(9.64086294220296,14.2481753877053,-12.2366468448536));
#1658=CARTESIAN_POINT('Ctrl Pts',(9.29775273821453,14.2085029115973,-7.41555787486311));
#1659=CARTESIAN_POINT('Ctrl Pts',(6.69123568365733,14.1688304354893,-3.34533769494848));
#1660=CARTESIAN_POINT('Ctrl Pts',(2.45583161611724,14.1291579593813,-1.01682403741025));
#1661=CARTESIAN_POINT('Ctrl Pts',(-2.37741004296447,14.0894854832732,-0.996860731341603));
#1662=CARTESIAN_POINT('Ctrl Pts',(-6.63190473712154,14.0498130071652,-3.2903075622202));
#1663=CARTESIAN_POINT('Ctrl Pts',(-9.27195570095084,14.0101405310572,-7.33885722562534));
#1664=CARTESIAN_POINT('Ctrl Pts',(-9.65487973931553,13.9704680549492,-12.1569473710583));
#1665=CARTESIAN_POINT('Ctrl Pts',(-7.68745939246062,13.9307955788412,-16.5716818644856));
#1666=CARTESIAN_POINT('Ctrl Pts',(-3.84863541267432,13.8911231027332,-19.5083558199822));
#1667=CARTESIAN_POINT('Ctrl Pts',(0.927084611099397,13.8514506266252,-20.2520773560455));
#1668=CARTESIAN_POINT('Ctrl Pts',(5.47711895372952,13.8117781505172,-18.6217979476131));
#1669=CARTESIAN_POINT('Ctrl Pts',(8.69382588808084,13.7721056744092,-15.014386137579));
#1670=CARTESIAN_POINT('Ctrl Pts',(9.7941434510613,13.7324331983012,-10.3080154839566));
#1671=CARTESIAN_POINT('Ctrl Pts',(8.51021484115079,13.6927607221932,-5.6483855852095));
#1672=CARTESIAN_POINT('Ctrl Pts',(5.15459438120491,13.6530882460852,-2.16981766183219));
#1673=CARTESIAN_POINT('Ctrl Pts',(0.544160574137713,13.6134157699771,-0.71912004373171));
#1674=CARTESIAN_POINT('Ctrl Pts',(-4.19874145470201,13.5737432938692,-1.64944461814377));
#1675=CARTESIAN_POINT('Ctrl Pts',(-7.91951905834632,13.5340708177611,-4.73431698060434));
#1676=CARTESIAN_POINT('Ctrl Pts',(-9.71240137449685,13.4943983416531,-9.2227684361589));
#1677=CARTESIAN_POINT('Ctrl Pts',(-9.14093647377072,13.4547258655451,-14.0221487438303));
#1678=CARTESIAN_POINT('Ctrl Pts',(-6.34423943240333,13.4150533894371,-17.9641164152169));
#1679=CARTESIAN_POINT('Ctrl Pts',(-2.00312672302084,13.3753809133291,-20.0890549848001));
#1680=CARTESIAN_POINT('Ctrl Pts',(2.82561894976394,13.3357084372211,-19.8796781065622));
#1681=CARTESIAN_POINT('Ctrl Pts',(6.96650752265,13.2960359611131,-17.3869556356593));
#1682=CARTESIAN_POINT('Ctrl Pts',(9.41149802166303,13.2563634850051,-13.2177057114475));
#1683=CARTESIAN_POINT('Ctrl Pts',(9.56539200770069,13.2166910088971,-8.38687348341123));
#1684=CARTESIAN_POINT('Ctrl Pts',(7.39072608785032,13.1770185327891,-4.07045692205332));
#1685=CARTESIAN_POINT('Ctrl Pts',(3.41689217154016,13.1373460566811,-1.3192268871677));
#1686=CARTESIAN_POINT('Ctrl Pts',(-1.38873617578219,13.0976735805731,-0.802931372904167));
#1687=CARTESIAN_POINT('Ctrl Pts',(-5.85629588516397,13.0580011044651,-2.64725560545417));
#1688=CARTESIAN_POINT('Ctrl Pts',(-8.8982236943789,13.0183286283571,-6.40322411933044));
#1689=CARTESIAN_POINT('Ctrl Pts',(-9.77400277894658,12.9786561522491,-11.1565007875633));
#1690=CARTESIAN_POINT('Ctrl Pts',(-8.2704418570191,12.938983676141,-15.7499644453856));
#1691=CARTESIAN_POINT('Ctrl Pts',(-4.75355197674962,12.899311200033,-19.0654070775954));
#1692=CARTESIAN_POINT('Ctrl Pts',(-0.0794899028518719,12.859638723925,-20.2957188728086));
#1693=CARTESIAN_POINT('Ctrl Pts',(4.61394915438467,12.819966247817,-19.1414220388084));
#1694=CARTESIAN_POINT('Ctrl Pts',(8.18413430432524,12.780293771709,-15.883464911809));
#1695=CARTESIAN_POINT('Ctrl Pts',(9.76211426086001,12.740621295601,-11.3150499880169));
#1696=CARTESIAN_POINT('Ctrl Pts',(8.9634293024079,12.700948819493,-6.54809418402925));
#1697=CARTESIAN_POINT('Ctrl Pts',(5.98316049642563,12.661276343385,-2.743449642394));
#1698=CARTESIAN_POINT('Ctrl Pts',(1.54547829138741,12.621603867277,-0.826469000620007));
#1699=CARTESIAN_POINT('Ctrl Pts',(-1.66234226366422,12.5951555498717,-1.11952949517303));
#1700=CARTESIAN_POINT('Ctrl Pts',(-3.13462434058751,12.581931391169,-1.64044036288316));
#1701=CARTESIAN_POINT('Ctrl Pts',(-0.00139480814383587,15.2999802762093,
-20.0000197406058));
#1702=CARTESIAN_POINT('Ctrl Pts',(1.57731212838831,15.2867561175066,-20.0002515293759));
#1703=CARTESIAN_POINT('Ctrl Pts',(4.73325782829213,15.2603078001013,-19.1983900796361));
#1704=CARTESIAN_POINT('Ctrl Pts',(8.3164387258902,15.2206353239933,-15.8757659856044));
#1705=CARTESIAN_POINT('Ctrl Pts',(9.87443468476745,15.1809628478853,-11.2453320016821));
#1706=CARTESIAN_POINT('Ctrl Pts',(9.02896364506238,15.1412903717773,-6.43305714903805));
#1707=CARTESIAN_POINT('Ctrl Pts',(5.98535792856388,15.1016178956693,-2.61102679179065));
#1708=CARTESIAN_POINT('Ctrl Pts',(1.48478085989674,15.0619454195613,-0.709361627219609));
#1709=CARTESIAN_POINT('Ctrl Pts',(-3.37728467954721,15.0222729434532,-1.19114326744571));
#1710=CARTESIAN_POINT('Ctrl Pts',(-7.41717828405455,14.9826004673453,-3.93901537462785));
#1711=CARTESIAN_POINT('Ctrl Pts',(-9.65147409103929,14.9429279912372,-8.28408360127513));
#1712=CARTESIAN_POINT('Ctrl Pts',(-9.53624975608296,14.9032555151292,-13.1685842925423));
#1713=CARTESIAN_POINT('Ctrl Pts',(-7.09956221986922,14.8635830390212,-17.4034635470357));
#1714=CARTESIAN_POINT('Ctrl Pts',(-2.93458514757886,14.8239105629132,-19.9577952672842));
#1715=CARTESIAN_POINT('Ctrl Pts',(1.94477472869751,14.7842380868052,-20.209765598313));
#1716=CARTESIAN_POINT('Ctrl Pts',(6.35070690010117,14.7445656106972,-18.0980348245748));
#1717=CARTESIAN_POINT('Ctrl Pts',(9.21064884685288,14.7048931345892,-14.1366745781303));
#1718=CARTESIAN_POINT('Ctrl Pts',(9.82838822913789,14.6652206584812,-9.29002190692779));
#1719=CARTESIAN_POINT('Ctrl Pts',(8.0535449945414,14.6255481823732,-4.73792622214986));
#1720=CARTESIAN_POINT('Ctrl Pts',(4.31817976480658,14.5858757062652,-1.58853098976063));
#1721=CARTESIAN_POINT('Ctrl Pts',(-0.468385471841235,14.5462032301572,-0.608512120431559));
#1722=CARTESIAN_POINT('Ctrl Pts',(-5.14092886302893,14.5065307540492,-2.03644137816327));
#1723=CARTESIAN_POINT('Ctrl Pts',(-8.56198558699805,14.4668582779412,-5.52470952011517));
#1724=CARTESIAN_POINT('Ctrl Pts',(-9.89874760152204,14.4271858018331,-10.2241468309344));
#1725=CARTESIAN_POINT('Ctrl Pts',(-8.82579903766159,14.3875133257251,-14.9907415387138));
#1726=CARTESIAN_POINT('Ctrl Pts',(-5.60433409909232,14.3478408496171,-18.664133346901));
#1727=CARTESIAN_POINT('Ctrl Pts',(-1.01857301835486,14.3081683735091,-20.3500867974151));
#1728=CARTESIAN_POINT('Ctrl Pts',(3.81514530679004,14.2684958974011,-19.6381802863139));
#1729=CARTESIAN_POINT('Ctrl Pts',(7.72012028214433,14.2288234212931,-16.7017174193903));
#1730=CARTESIAN_POINT('Ctrl Pts',(9.74574079135059,14.1891509451851,-12.2555386915501));
#1731=CARTESIAN_POINT('Ctrl Pts',(9.39889807291498,14.1494784690771,-7.38200364440312));
#1732=CARTESIAN_POINT('Ctrl Pts',(6.76402609784005,14.1098059929691,-3.26750569178435));
#1733=CARTESIAN_POINT('Ctrl Pts',(2.48254730944378,14.0701335168611,-0.913661365655814));
#1734=CARTESIAN_POINT('Ctrl Pts',(-2.4032726294718,14.0304610407531,-0.893480889338521));
#1735=CARTESIAN_POINT('Ctrl Pts',(-6.70404972131548,13.9907885646451,-3.21187691534611));
#1736=CARTESIAN_POINT('Ctrl Pts',(-9.37282040332629,13.9511160885371,-7.30446860936728));
#1737=CARTESIAN_POINT('Ctrl Pts',(-9.75991006978581,13.911443612429,-12.1749722093304));
#1738=CARTESIAN_POINT('Ctrl Pts',(-7.77108719749472,13.8717711363211,-16.6377322644739));
#1739=CARTESIAN_POINT('Ctrl Pts',(-3.89050268188605,13.832098660213,-19.6063527428021));
#1740=CARTESIAN_POINT('Ctrl Pts',(0.93716987427271,13.7924261841051,-20.3581648321214));
#1741=CARTESIAN_POINT('Ctrl Pts',(5.53670163412198,13.752753707997,-18.7101504762169));
#1742=CARTESIAN_POINT('Ctrl Pts',(8.78840142197984,13.713081231889,-15.0634955409674));
#1743=CARTESIAN_POINT('Ctrl Pts',(9.90068875779874,13.673408755781,-10.3059267700807));
#1744=CARTESIAN_POINT('Ctrl Pts',(8.60279296757731,13.633736279673,-5.59560722202165));
#1745=CARTESIAN_POINT('Ctrl Pts',(5.2106684873477,13.594063803565,-2.07919779792962));
#1746=CARTESIAN_POINT('Ctrl Pts',(0.550080209231443,13.554391327457,-0.612718807677915));
#1747=CARTESIAN_POINT('Ctrl Pts',(-4.24441734238303,13.514718851349,-1.55316389111062));
#1748=CARTESIAN_POINT('Ctrl Pts',(-8.00567131775528,13.475046375241,-4.67159494849399));
#1749=CARTESIAN_POINT('Ctrl Pts',(-9.81805745241459,13.435373899133,-9.20887389360877));
#1750=CARTESIAN_POINT('Ctrl Pts',(-9.24037588726633,13.395701423025,-14.0604641213804));
#1751=CARTESIAN_POINT('Ctrl Pts',(-6.41325505788591,13.356028946917,-18.0453143742603));
#1752=CARTESIAN_POINT('Ctrl Pts',(-2.02491767923918,13.316356470809,-20.1933690267175));
#1753=CARTESIAN_POINT('Ctrl Pts',(2.85635736392235,13.276683994701,-19.9817144481552));
#1754=CARTESIAN_POINT('Ctrl Pts',(7.04229247358504,13.2370115185929,-17.4618749678272));
#1755=CARTESIAN_POINT('Ctrl Pts',(9.51388073114521,13.1973390424849,-13.2472699786973));
#1756=CARTESIAN_POINT('Ctrl Pts',(9.66944884846647,13.1576665663769,-8.36388568175318));
#1757=CARTESIAN_POINT('Ctrl Pts',(7.47112588819805,13.1179940902689,-4.00051310746424));
#1758=CARTESIAN_POINT('Ctrl Pts',(3.45406273436932,13.0783216141609,-1.2193538960828));
#1759=CARTESIAN_POINT('Ctrl Pts',(-1.40384350217224,13.0386491380529,-0.69744187597481));
#1760=CARTESIAN_POINT('Ctrl Pts',(-5.92000343085673,12.9989766619449,-2.56182953643582));
#1761=CARTESIAN_POINT('Ctrl Pts',(-8.99502276391195,12.9593041858369,-6.35865724534089));
#1762=CARTESIAN_POINT('Ctrl Pts',(-9.88032898596395,12.9196317097289,-11.1636422965636));
#1763=CARTESIAN_POINT('Ctrl Pts',(-8.36041161996093,12.8799592336209,-15.8070758161564));
#1764=CARTESIAN_POINT('Ctrl Pts',(-4.80526335467519,12.8402867575129,-19.1585853953109));
#1765=CARTESIAN_POINT('Ctrl Pts',(-0.0803546314648673,12.8006142814049,
-20.4022811018646));
#1766=CARTESIAN_POINT('Ctrl Pts',(4.66414186703802,12.7609418052969,-19.2354272830847));
#1767=CARTESIAN_POINT('Ctrl Pts',(8.27316517304712,12.7212693291889,-15.9420285635491));
#1768=CARTESIAN_POINT('Ctrl Pts',(9.86831113897664,12.6815968530809,-11.3239162699164));
#1769=CARTESIAN_POINT('Ctrl Pts',(9.06093770926516,12.6419243769729,-6.50510327485558));
#1770=CARTESIAN_POINT('Ctrl Pts',(6.04824813512892,12.6022519008648,-2.659070017429));
#1771=CARTESIAN_POINT('Ctrl Pts',(1.56229073235631,12.5625794247568,-0.721235557094137));
#1772=CARTESIAN_POINT('Ctrl Pts',(-1.68042600598121,12.5361311073515,-1.01748410177536));
#1773=CARTESIAN_POINT('Ctrl Pts',(-3.16872426096782,12.5229069486488,-1.54406168331916));
#1774=CARTESIAN_POINT('',(9.03388164899957,12.6999802762093,-13.4367196397106));
#1775=CARTESIAN_POINT('Ctrl Pts',(9.03388164899947,12.6999802762093,-13.4367196397109));
#1776=CARTESIAN_POINT('Ctrl Pts',(9.10482699372249,12.6999802762093,-13.2073779178746));
#1777=CARTESIAN_POINT('Ctrl Pts',(9.1670420031172,12.6999802762093,-12.975810996239));
#1778=CARTESIAN_POINT('Ctrl Pts',(9.22042318106857,12.6999802762093,-12.742528162423));
#1779=CARTESIAN_POINT('Ctrl Pts',(9.2752358992202,12.6999802762093,-12.5029893078997));
#1780=CARTESIAN_POINT('Ctrl Pts',(9.32073506407997,12.6999802762093,-12.2616406578418));
#1781=CARTESIAN_POINT('Ctrl Pts',(9.35675535867311,12.6999802762093,-12.0190135814774));
#1782=CARTESIAN_POINT('Ctrl Pts',(9.39277565326626,12.6999802762093,-11.776386505113));
#1783=CARTESIAN_POINT('Ctrl Pts',(9.41931729587072,12.6999802762093,-11.5324802808786));
#1784=CARTESIAN_POINT('Ctrl Pts',(9.43615783532989,12.6999802762093,-11.2878168246917));
#1785=CARTESIAN_POINT('Ctrl Pts',(9.45259186295044,12.6999802762093,-11.0490592714397));
#1786=CARTESIAN_POINT('Ctrl Pts',(9.45978712154134,12.6999802762093,-10.8095799185418));
#1787=CARTESIAN_POINT('Ctrl Pts',(9.45782578238224,12.6999802762093,-10.5698940316617));
#1788=CARTESIAN_POINT('Ctrl Pts',(9.45646720644003,12.6999802762093,-10.4038689573696));
#1789=CARTESIAN_POINT('Ctrl Pts',(9.45071417681294,12.6999802762093,-10.2377448109654));
#1790=CARTESIAN_POINT('Ctrl Pts',(9.44057963293883,12.6999802762093,-10.0716957789049));
#1791=CARTESIAN_POINT('Ctrl Pts',(9.43567662559646,12.6999802762093,-9.99136264960979));
#1792=CARTESIAN_POINT('Ctrl Pts',(9.42974793243532,12.6999802762093,-9.91104715022344));
#1793=CARTESIAN_POINT('Ctrl Pts',(9.42279405244088,12.6999802762093,-9.83076933805862));
#1794=CARTESIAN_POINT('Ctrl Pts',(9.42006452130652,12.6999802762093,-9.79925875865867));
#1795=CARTESIAN_POINT('Ctrl Pts',(9.41717678057155,12.6999802762093,-9.76775195194558));
#1796=CARTESIAN_POINT('Ctrl Pts',(9.4141331439234,12.6999802762093,-9.73627235376114));
#1797=CARTESIAN_POINT('Ctrl Pts',(9.3912721956837,12.6999802762093,-9.49982709176264));
#1798=CARTESIAN_POINT('Ctrl Pts',(9.35959819926631,12.6999802762093,-9.26464286397343));
#1799=CARTESIAN_POINT('Ctrl Pts',(9.31927712043786,12.6999802762093,-9.03121238975158));
#1800=CARTESIAN_POINT('Ctrl Pts',(9.27861227001376,12.6999802762093,-8.79579172159323));
#1801=CARTESIAN_POINT('Ctrl Pts',(9.22915218679275,12.6999802762093,-8.56215418078642));
#1802=CARTESIAN_POINT('Ctrl Pts',(9.17101447327898,12.6999802762093,-8.33080741811812));
#1803=CARTESIAN_POINT('Ctrl Pts',(9.1130371510335,12.6999802762093,-8.10009889865608));
#1804=CARTESIAN_POINT('Ctrl Pts',(9.04642985378834,12.6999802762093,-7.87166788797634));
#1805=CARTESIAN_POINT('Ctrl Pts',(8.97125897860428,12.6999802762093,-7.64602983928971));
#1806=CARTESIAN_POINT('Ctrl Pts',(8.89709972469292,12.6999802762093,-7.42342834231841));
#1807=CARTESIAN_POINT('Ctrl Pts',(8.81460561088334,12.6999802762093,-7.2035445650308));
#1808=CARTESIAN_POINT('Ctrl Pts',(8.72379438358978,12.6999802762093,-6.98689412799524));
#1809=CARTESIAN_POINT('Ctrl Pts',(8.68454028648496,12.6999802762093,-6.89324472420836));
#1810=CARTESIAN_POINT('Ctrl Pts',(8.64373157633023,12.6999802762093,-6.80019978194697));
#1811=CARTESIAN_POINT('Ctrl Pts',(8.60136712381972,12.6999802762093,-6.70780257829682));
#1812=CARTESIAN_POINT('Ctrl Pts',(8.56080476869474,12.6999802762093,-6.61933576319797));
#1813=CARTESIAN_POINT('Ctrl Pts',(8.51881618612176,12.6999802762093,-6.53146275804504));
#1814=CARTESIAN_POINT('Ctrl Pts',(8.47542051759698,12.6999802762093,-6.44421302079766));
#1815=CARTESIAN_POINT('Ctrl Pts',(8.45600792685781,12.6999802762093,-6.40518277886658));
#1816=CARTESIAN_POINT('Ctrl Pts',(8.43631374624592,12.6999802762093,-6.36627727344938));
#1817=CARTESIAN_POINT('Ctrl Pts',(8.41633962116294,12.6999802762093,-6.32749920602819));
#1818=CARTESIAN_POINT('Ctrl Pts',(8.40181830229206,12.6999802762093,-6.29930729875414));
#1819=CARTESIAN_POINT('Ctrl Pts',(8.38714804495207,12.6999802762093,-6.27118102065563));
#1820=CARTESIAN_POINT('Ctrl Pts',(8.37234013417354,12.6999802762093,-6.24314125809856));
#1821=CARTESIAN_POINT('Ctrl Pts',(8.26243401726158,12.6999802762093,-6.03502672608446));
#1822=CARTESIAN_POINT('Ctrl Pts',(8.1448251851411,12.6999802762093,-5.83143324573278));
#1823=CARTESIAN_POINT('Ctrl Pts',(8.01990843179422,12.6999802762093,-5.63270490754633));
#1824=CARTESIAN_POINT('Ctrl Pts',(7.89370311571706,12.6999802762093,-5.43192661270333));
#1825=CARTESIAN_POINT('Ctrl Pts',(7.76003797689296,12.6999802762093,-5.23611381194167));
#1826=CARTESIAN_POINT('Ctrl Pts',(7.61927185845688,12.6999802762093,-5.04564371376346));
#1827=CARTESIAN_POINT('Ctrl Pts',(7.47831907709838,12.6999802762093,-4.8549210426966));
#1828=CARTESIAN_POINT('Ctrl Pts',(7.33024604819599,12.6999802762093,-4.66955473553597));
#1829=CARTESIAN_POINT('Ctrl Pts',(7.17537084928091,12.6999802762093,-4.48995370739678));
#1830=CARTESIAN_POINT('Ctrl Pts',(7.0215791724594,12.6999802762093,-4.3116091856794));
#1831=CARTESIAN_POINT('Ctrl Pts',(6.86107971657696,12.6999802762093,-4.1389490938344));
#1832=CARTESIAN_POINT('Ctrl Pts',(6.69414897399144,12.6999802762093,-3.97241083076527));
#1833=CARTESIAN_POINT('Ctrl Pts',(6.5389767307744,12.6999802762093,-3.81760342104763));
#1834=CARTESIAN_POINT('Ctrl Pts',(6.3782467278015,12.6999802762093,-3.66808581589608));
#1835=CARTESIAN_POINT('Ctrl Pts',(6.21215867219723,12.6999802762093,-3.52424368476607));
#1836=CARTESIAN_POINT('Ctrl Pts',(6.19100490461419,12.6999802762093,-3.505923264315));
#1837=CARTESIAN_POINT('Ctrl Pts',(6.1697641945989,12.6999802762093,-3.48769495857391));
#1838=CARTESIAN_POINT('Ctrl Pts',(6.14843693335693,12.6999802762093,-3.46955960766429));
#1839=CARTESIAN_POINT('Ctrl Pts',(6.1298732064905,12.6999802762093,-3.45377419119223));
#1840=CARTESIAN_POINT('Ctrl Pts',(6.11124634977688,12.6999802762093,-3.43806130889405));
#1841=CARTESIAN_POINT('Ctrl Pts',(6.09256325450424,12.6999802762093,-3.4224268866112));
#1842=CARTESIAN_POINT('Ctrl Pts',(5.96418377671526,12.6999802762093,-3.31499613496557));
#1843=CARTESIAN_POINT('Ctrl Pts',(5.83305941787167,12.6999802762093,-3.21119235613571));
#1844=CARTESIAN_POINT('Ctrl Pts',(5.699311224532,12.6999802762093,-3.11114609302291));
#1845=CARTESIAN_POINT('Ctrl Pts',(5.51134913415173,12.6999802762093,-2.97054677515654));
#1846=CARTESIAN_POINT('Ctrl Pts',(5.31820633154683,12.6999802762093,-2.83736656746074));
#1847=CARTESIAN_POINT('Ctrl Pts',(5.12039355353834,12.6999802762093,-2.71173759932498));
#1848=CARTESIAN_POINT('Ctrl Pts',(4.92097263093604,12.6999802762093,-2.58508731422493));
#1849=CARTESIAN_POINT('Ctrl Pts',(4.71680490676204,12.6999802762093,-2.46611124659569));
#1850=CARTESIAN_POINT('Ctrl Pts',(4.508383080054,12.6999802762093,-2.35498823617479));
#1851=CARTESIAN_POINT('Ctrl Pts',(4.2998607494995,12.6999802762093,-2.24381164072322));
#1852=CARTESIAN_POINT('Ctrl Pts',(4.08707958649453,12.6999802762093,-2.14049542082769));
#1853=CARTESIAN_POINT('Ctrl Pts',(3.87051169080636,12.6999802762093,-2.04526610313986));
#1854=CARTESIAN_POINT('Ctrl Pts',(3.6789509317026,12.6999802762093,-1.96103293308828));
#1855=CARTESIAN_POINT('Ctrl Pts',(3.4844268763646,12.6999802762093,-1.88312745124997));
#1856=CARTESIAN_POINT('Ctrl Pts',(3.28725825566573,12.6999802762093,-1.81173980739247));
#1857=CARTESIAN_POINT('Ctrl Pts',(3.21083962855224,12.6999802762093,-1.78407137964205));
#1858=CARTESIAN_POINT('Ctrl Pts',(3.13402368879402,12.6999802762093,-1.75738239629654));
#1859=CARTESIAN_POINT('Ctrl Pts',(3.05682886631046,12.6999802762093,-1.73168526974297));
#1860=CARTESIAN_POINT('Ctrl Pts',(3.03279240037661,12.6999802762093,-1.72368385090255));
#1861=CARTESIAN_POINT('Ctrl Pts',(3.00871827288973,12.6999802762093,-1.71577830191132));
#1862=CARTESIAN_POINT('Ctrl Pts',(2.98460990850602,12.6999802762093,-1.70796994112438));
#1863=CARTESIAN_POINT('Ctrl Pts',(2.7599798579412,12.6999802762093,-1.63521542113783));
#1864=CARTESIAN_POINT('Ctrl Pts',(2.532982007743,12.6999802762093,-1.57108896324727));
#1865=CARTESIAN_POINT('Ctrl Pts',(2.30410505222121,12.6999802762093,-1.51575528198702));
#1866=CARTESIAN_POINT('Ctrl Pts',(2.07578052925696,12.6999802762093,-1.46055515775958));
#1867=CARTESIAN_POINT('Ctrl Pts',(1.84558532893866,12.6999802762093,-1.41410520225694));
#1868=CARTESIAN_POINT('Ctrl Pts',(1.61398807153614,12.6999802762093,-1.37661783864291));
#1869=CARTESIAN_POINT('Ctrl Pts',(1.56329522958553,12.6999802762093,-1.36841246945959));
#1870=CARTESIAN_POINT('Ctrl Pts',(1.51253517263532,12.6999802762093,-1.3606366916777));
#1871=CARTESIAN_POINT('Ctrl Pts',(1.46171275493525,12.6999802762093,-1.35329306236111));
#1872=CARTESIAN_POINT('Ctrl Pts',(1.22883814573813,12.6999802762093,-1.31964364376631));
#1873=CARTESIAN_POINT('Ctrl Pts',(0.994654289445712,12.6999802762093,-1.29506339057011));
#1874=CARTESIAN_POINT('Ctrl Pts',(0.759673732145217,12.6999802762093,-1.27949029371801));
#1875=CARTESIAN_POINT('Ctrl Pts',(0.597885570610183,12.6999802762093,-1.26876794826929));
#1876=CARTESIAN_POINT('Ctrl Pts',(0.435719619191592,12.6999802762093,-1.26231659862844));
#1877=CARTESIAN_POINT('Ctrl Pts',(0.273344260483344,12.6999802762093,-1.26013031713866));
#1878=CARTESIAN_POINT('Ctrl Pts',(0.202305041048485,12.6999802762093,-1.25917381898689));
#1879=CARTESIAN_POINT('Ctrl Pts',(0.131225763241823,12.6999802762093,-1.25903383080055));
#1880=CARTESIAN_POINT('Ctrl Pts',(0.0601206716570314,12.6999802762093,-1.25971054948627));
#1881=CARTESIAN_POINT('Ctrl Pts',(0.0257309911201707,12.6999802762093,-1.26003784165194));
#1882=CARTESIAN_POINT('Ctrl Pts',(-0.00866472599034099,12.6999802762093,
-1.26055617867606));
#1883=CARTESIAN_POINT('Ctrl Pts',(-0.0430648582075658,12.6999802762093,
-1.26126561801235));
#1884=CARTESIAN_POINT('Ctrl Pts',(-0.0697904642326423,12.6999802762093,
-1.26181678438812));
#1885=CARTESIAN_POINT('Ctrl Pts',(-0.0965147124684234,12.6999802762093,
-1.26248323696064));
#1886=CARTESIAN_POINT('Ctrl Pts',(-0.123228788608394,12.6999802762093,-1.26326460315384));
#1887=CARTESIAN_POINT('Ctrl Pts',(-0.357266578533853,12.6999802762093,-1.27011002861496));
#1888=CARTESIAN_POINT('Ctrl Pts',(-0.590708907555419,12.6999802762093,-1.28577470031863));
#1889=CARTESIAN_POINT('Ctrl Pts',(-0.8230551343165,12.6999802762093,-1.31014444950284));
#1890=CARTESIAN_POINT('Ctrl Pts',(-1.05661799979749,12.6999802762093,-1.33464180644236));
#1891=CARTESIAN_POINT('Ctrl Pts',(-1.28907391860649,12.6999802762093,-1.36793569597869));
#1892=CARTESIAN_POINT('Ctrl Pts',(-1.51991323343279,12.6999802762093,-1.40996243147564));
#1893=CARTESIAN_POINT('Ctrl Pts',(-1.74970066765471,12.6999802762093,-1.45179766099811));
#1894=CARTESIAN_POINT('Ctrl Pts',(-1.97788684429874,12.6999802762093,-1.50228645218869));
#1895=CARTESIAN_POINT('Ctrl Pts',(-2.20395812875663,12.6999802762093,-1.56141623755334));
#1896=CARTESIAN_POINT('Ctrl Pts',(-2.42663438501821,12.6999802762093,-1.61965804066481));
#1897=CARTESIAN_POINT('Ctrl Pts',(-2.64725936391368,12.6999802762093,-1.68628343944661));
#1898=CARTESIAN_POINT('Ctrl Pts',(-2.86532264951417,12.6999802762093,-1.76132689066938));
#1899=CARTESIAN_POINT('Ctrl Pts',(-2.93260582324669,12.6999802762093,-1.78448146046414));
#1900=CARTESIAN_POINT('Ctrl Pts',(-2.99964494224752,12.6999802762093,-1.80843777618271));
#1901=CARTESIAN_POINT('Ctrl Pts',(-3.0664244998269,12.6999802762093,-1.83319772201117));
#1902=CARTESIAN_POINT('Ctrl Pts',(8.77622360722126,12.7062185924929,-14.1354280829891));
#1903=CARTESIAN_POINT('Ctrl Pts',(8.8711004093964,12.7041391537317,-13.9059843559593));
#1904=CARTESIAN_POINT('Ctrl Pts',(8.9570703715512,12.7020597149705,-13.6728387502852));
#1905=CARTESIAN_POINT('Ctrl Pts',(9.0338816489996,12.6999802762093,-13.4367196397105));
#1906=CARTESIAN_POINT('',(7.29449268111783,15.2999802762093,-4.90597806059268));
#1907=CARTESIAN_POINT('Ctrl Pts',(7.29449268111794,15.2999802762093,-4.90597806059282));
#1908=CARTESIAN_POINT('Ctrl Pts',(7.44027298860747,15.2999802762093,-5.09020573053792));
#1909=CARTESIAN_POINT('Ctrl Pts',(7.57883757827071,15.2999802762093,-5.27966441926594));
#1910=CARTESIAN_POINT('Ctrl Pts',(7.70990679875826,15.2999802762093,-5.47391006430123));
#1911=CARTESIAN_POINT('Ctrl Pts',(7.84276864165549,15.2999802762093,-5.67081239024891));
#1912=CARTESIAN_POINT('Ctrl Pts',(7.96792921795402,15.2999802762093,-5.87263397291156));
#1913=CARTESIAN_POINT('Ctrl Pts',(8.08505836449838,15.2999802762093,-6.0789502675274));
#1914=CARTESIAN_POINT('Ctrl Pts',(8.20218751104275,15.2999802762093,-6.28526656214325));
#1915=CARTESIAN_POINT('Ctrl Pts',(8.31128569084443,15.2999802762093,-6.49607811963114));
#1916=CARTESIAN_POINT('Ctrl Pts',(8.41197675642116,15.2999802762093,-6.71099034822326));
#1917=CARTESIAN_POINT('Ctrl Pts',(8.49348974932872,15.2999802762093,-6.88496942833964));
#1918=CARTESIAN_POINT('Ctrl Pts',(8.5694922832257,15.2999802762093,-7.06163660998237));
#1919=CARTESIAN_POINT('Ctrl Pts',(8.63993093913363,15.2999802762093,-7.24071580561202));
#1920=CARTESIAN_POINT('Ctrl Pts',(8.67074785109334,15.2999802762093,-7.31906295369999));
#1921=CARTESIAN_POINT('Ctrl Pts',(8.70049951280355,15.2999802762093,-7.39787187081969));
#1922=CARTESIAN_POINT('Ctrl Pts',(8.72918008232169,15.2999802762093,-7.47711979807147));
#1923=CARTESIAN_POINT('Ctrl Pts',(8.74182160268531,15.2999802762093,-7.51204986755613));
#1924=CARTESIAN_POINT('Ctrl Pts',(8.75425502264361,15.2999802762093,-7.54706522916547));
#1925=CARTESIAN_POINT('Ctrl Pts',(8.76647978950358,15.2999802762093,-7.58216394318729));
#1926=CARTESIAN_POINT('Ctrl Pts',(8.77674488435261,15.2999802762093,-7.61163621309963));
#1927=CARTESIAN_POINT('Ctrl Pts',(8.78686004653296,15.2999802762093,-7.64115924840601));
#1928=CARTESIAN_POINT('Ctrl Pts',(8.79682304774682,15.2999802762093,-7.67072528877649));
#1929=CARTESIAN_POINT('Ctrl Pts',(8.871465408668,15.2999802762093,-7.89223274511127));
#1930=CARTESIAN_POINT('Ctrl Pts',(8.93761083189774,15.2999802762093,-8.11626657794072));
#1931=CARTESIAN_POINT('Ctrl Pts',(8.99524627843355,15.2999802762093,-8.34230147465748));
#1932=CARTESIAN_POINT('Ctrl Pts',(9.05456940820176,15.2999802762093,-8.57495513340448));
#1933=CARTESIAN_POINT('Ctrl Pts',(9.1048772610082,15.2999802762093,-8.80972935467084));
#1934=CARTESIAN_POINT('Ctrl Pts',(9.14610384379083,15.2999802762093,-9.04607424320139));
#1935=CARTESIAN_POINT('Ctrl Pts',(9.18650434363715,15.2999802762093,-9.27768334073692));
#1936=CARTESIAN_POINT('Ctrl Pts',(9.2181838264929,15.2999802762093,-9.51080150824543));
#1937=CARTESIAN_POINT('Ctrl Pts',(9.24102929974754,15.2999802762093,-9.74492287926187));
#1938=CARTESIAN_POINT('Ctrl Pts',(9.26457546689332,15.2999802762093,-9.98622499075266));
#1939=CARTESIAN_POINT('Ctrl Pts',(9.27873787176998,15.2999802762093,-10.2285935128225));
#1940=CARTESIAN_POINT('Ctrl Pts',(9.28333442126147,15.2999802762093,-10.4714762543142));
#1941=CARTESIAN_POINT('Ctrl Pts',(9.2842852152423,15.2999802762093,-10.5217164288375));
#1942=CARTESIAN_POINT('Ctrl Pts',(9.28482651030589,15.2999802762093,-10.5719785884864));
#1943=CARTESIAN_POINT('Ctrl Pts',(9.28495636765976,15.2999802762093,-10.62225780873));
#1944=CARTESIAN_POINT('Ctrl Pts',(9.28502798308092,15.2999802762093,-10.6499864465492));
#1945=CARTESIAN_POINT('Ctrl Pts',(9.28497442685174,15.2999802762093,-10.6777113054923));
#1946=CARTESIAN_POINT('Ctrl Pts',(9.28479565298492,15.2999802762093,-10.7054282754768));
#1947=CARTESIAN_POINT('Ctrl Pts',(9.283731443964,15.2999802762093,-10.8704224662675));
#1948=CARTESIAN_POINT('Ctrl Pts',(9.27823107826333,15.2999802762093,-11.035174472378));
#1949=CARTESIAN_POINT('Ctrl Pts',(9.26827990927507,15.2999802762093,-11.1995100082513));
#1950=CARTESIAN_POINT('Ctrl Pts',(9.2541457560149,15.2999802762093,-11.4329241581733));
#1951=CARTESIAN_POINT('Ctrl Pts',(9.23103501116361,15.2999802762093,-11.6654981926363));
#1952=CARTESIAN_POINT('Ctrl Pts',(9.1991922260897,15.2999802762093,-11.8967656441891));
#1953=CARTESIAN_POINT('Ctrl Pts',(9.1670322154809,15.2999802762093,-12.1303370380902));
#1954=CARTESIAN_POINT('Ctrl Pts',(9.12596520560872,15.2999802762093,-12.3625763111461));
#1955=CARTESIAN_POINT('Ctrl Pts',(9.07618969390981,15.2999802762093,-12.5930024034818));
#1956=CARTESIAN_POINT('Ctrl Pts',(9.02627287830639,15.2999802762093,-12.8240826348799));
#1957=CARTESIAN_POINT('Ctrl Pts',(8.96759787951864,15.2999802762093,-13.0533400226708));
#1958=CARTESIAN_POINT('Ctrl Pts',(8.90031361158623,15.2999802762093,-13.28027929715));
#1959=CARTESIAN_POINT('Ctrl Pts',(8.84036043235716,15.2999802762093,-13.4824919601552));
#1960=CARTESIAN_POINT('Ctrl Pts',(8.77357107214252,15.2999802762093,-13.6828643111427));
#1961=CARTESIAN_POINT('Ctrl Pts',(8.70001834652492,15.2999802762093,-13.8810329218464));
#1962=CARTESIAN_POINT('Ctrl Pts',(8.67050315125896,15.2999802762093,-13.9605539075257));
#1963=CARTESIAN_POINT('Ctrl Pts',(8.63989854783183,15.2999802762093,-14.039719864305));
#1964=CARTESIAN_POINT('Ctrl Pts',(8.60820791182051,15.2999802762093,-14.1185065373392));
#1965=CARTESIAN_POINT('Ctrl Pts',(8.59558441848258,15.2999802762093,-14.1498900362949));
#1966=CARTESIAN_POINT('Ctrl Pts',(8.58278712266658,15.2999802762093,-14.1812167527155));
#1967=CARTESIAN_POINT('Ctrl Pts',(8.56982655221485,15.2999802762093,-14.2124606226811));
#1968=CARTESIAN_POINT('Ctrl Pts',(8.47875328830877,15.2999802762093,-14.4320096946471));
#1969=CARTESIAN_POINT('Ctrl Pts',(8.37953083130035,15.2999802762093,-14.6477008713322));
#1970=CARTESIAN_POINT('Ctrl Pts',(8.27237936031366,15.2999802762093,-14.859061584736));
#1971=CARTESIAN_POINT('Ctrl Pts',(8.16494653996509,15.2999802762093,-15.0709772714061));
#1972=CARTESIAN_POINT('Ctrl Pts',(8.0495428207518,15.2999802762093,-15.2785403689748));
#1973=CARTESIAN_POINT('Ctrl Pts',(7.9263397369793,15.2999802762093,-15.4812613604562));
#1974=CARTESIAN_POINT('Ctrl Pts',(7.90560819271535,15.2999802762093,-15.5153734871939));
#1975=CARTESIAN_POINT('Ctrl Pts',(7.88465569621348,15.2999802762093,-15.5493484652974));
#1976=CARTESIAN_POINT('Ctrl Pts',(7.86348293094238,15.2999802762093,-15.5831839054681));
#1977=CARTESIAN_POINT('Ctrl Pts',(7.73794390708163,15.2999802762093,-15.7838033369191));
#1978=CARTESIAN_POINT('Ctrl Pts',(7.60466469884432,15.2999802762093,-15.9795194119851));
#1979=CARTESIAN_POINT('Ctrl Pts',(7.46404793926974,15.2999802762093,-16.1700000037221));
#1980=CARTESIAN_POINT('Ctrl Pts',(7.32309083570567,15.2999802762093,-16.3609416281605));
#1981=CARTESIAN_POINT('Ctrl Pts',(7.17476016492937,15.2999802762093,-16.5466228831185));
#1982=CARTESIAN_POINT('Ctrl Pts',(7.0194204068205,15.2999802762093,-16.7266767959788));
#1983=CARTESIAN_POINT('Ctrl Pts',(6.93057408143206,15.2999802762093,-16.8296583425204));
#1984=CARTESIAN_POINT('Ctrl Pts',(6.83943419231978,15.2999802762093,-16.9307984114708));
#1985=CARTESIAN_POINT('Ctrl Pts',(6.74606378715422,15.2999802762093,-17.0300226425021));
#1986=CARTESIAN_POINT('Ctrl Pts',(6.71554749045078,15.2999802762093,-17.0624521480714));
#1987=CARTESIAN_POINT('Ctrl Pts',(6.68479290691055,15.2999802762093,-17.0946769716192));
#1988=CARTESIAN_POINT('Ctrl Pts',(6.65380216106183,15.2999802762093,-17.1266944103448));
#1989=CARTESIAN_POINT('Ctrl Pts',(6.63513002813068,15.2999802762093,-17.1459851326436));
#1990=CARTESIAN_POINT('Ctrl Pts',(6.61637216418997,15.2999802762093,-17.1652005702324));
#1991=CARTESIAN_POINT('Ctrl Pts',(6.59752902772463,15.2999802762093,-17.1843401222902));
#1992=CARTESIAN_POINT('Ctrl Pts',(6.5785275226872,15.2999802762093,-17.2036405341674));
#1993=CARTESIAN_POINT('Ctrl Pts',(6.55944606146839,15.2999802762093,-17.2228569071929));
#1994=CARTESIAN_POINT('Ctrl Pts',(6.54028711551829,15.2999802762093,-17.2419869953367));
#1995=CARTESIAN_POINT('Ctrl Pts',(6.37148533633524,15.2999802762093,-17.4105345199768));
#1996=CARTESIAN_POINT('Ctrl Pts',(6.19662696944831,15.2999802762093,-17.5724324929166));
#1997=CARTESIAN_POINT('Ctrl Pts',(6.01614960391602,15.2999802762093,-17.7273764690592));
#1998=CARTESIAN_POINT('Ctrl Pts',(5.83493253389982,15.2999802762093,-17.8829554985425));
#1999=CARTESIAN_POINT('Ctrl Pts',(5.64804984440155,15.2999802762093,-18.0315238945398));
#2000=CARTESIAN_POINT('Ctrl Pts',(5.45590261592694,15.2999802762093,-18.1727415236407));
#2001=CARTESIAN_POINT('Ctrl Pts',(5.26469450644961,15.2999802762093,-18.313268952007));
#2002=CARTESIAN_POINT('Ctrl Pts',(5.06827268618996,15.2999802762093,-18.4465177235116));
#2003=CARTESIAN_POINT('Ctrl Pts',(4.86699834026385,15.2999802762093,-18.5721143401921));
#2004=CARTESIAN_POINT('Ctrl Pts',(4.74917927601851,15.2999802762093,-18.6456342703232));
#2005=CARTESIAN_POINT('Ctrl Pts',(4.6296968793115,15.2999802762093,-18.7165314159715));
#2006=CARTESIAN_POINT('Ctrl Pts',(4.50861918512257,15.2999802762093,-18.7847238121785));
#2007=CARTESIAN_POINT('Ctrl Pts',(4.3375130196402,15.2999802762093,-18.8810928379366));
#2008=CARTESIAN_POINT('Ctrl Pts',(4.16322110625007,15.2999802762093,-18.9720611104949));
#2009=CARTESIAN_POINT('Ctrl Pts',(3.98601555170032,15.2999802762093,-19.0575491214017));
#2010=CARTESIAN_POINT('Ctrl Pts',(3.90848812158481,15.2999802762093,-19.0949501261735));
#2011=CARTESIAN_POINT('Ctrl Pts',(3.83040289371935,15.2999802762093,-19.1313018836612));
#2012=CARTESIAN_POINT('Ctrl Pts',(3.75178222733246,15.2999802762093,-19.1665963525811));
#2013=CARTESIAN_POINT('Ctrl Pts',(3.69907321769015,15.2999802762093,-19.1902585343981));
#2014=CARTESIAN_POINT('Ctrl Pts',(3.64612354211841,15.2999802762093,-19.213445484054));
#2015=CARTESIAN_POINT('Ctrl Pts',(3.59293989151935,15.2999802762093,-19.2361545604893));
#2016=CARTESIAN_POINT('Ctrl Pts',(3.56711399019346,15.2999802762093,-19.2471820541009));
#2017=CARTESIAN_POINT('Ctrl Pts',(3.5412396558432,15.2999802762093,-19.2580939591243));
#2018=CARTESIAN_POINT('Ctrl Pts',(3.51532422587372,15.2999802762093,-19.2688875003467));
#2019=CARTESIAN_POINT('Ctrl Pts',(3.29645395318469,15.2999802762093,-19.3600449811759));
#2020=CARTESIAN_POINT('Ctrl Pts',(3.07451114739529,15.2999802762093,-19.4428249056575));
#2021=CARTESIAN_POINT('Ctrl Pts',(2.85001881589527,15.2999802762093,-19.5171904840302));
#2022=CARTESIAN_POINT('Ctrl Pts',(2.62029039861545,15.2999802762093,-19.5932905739776));
#2023=CARTESIAN_POINT('Ctrl Pts',(2.38789158365185,15.2999802762093,-19.6605795742874));
#2024=CARTESIAN_POINT('Ctrl Pts',(2.15335494976828,15.2999802762093,-19.7189702586776));
#2025=CARTESIAN_POINT('Ctrl Pts',(1.92104518561952,15.2999802762093,-19.7768065373627));
#2026=CARTESIAN_POINT('Ctrl Pts',(1.68663732481857,15.2999802762093,-19.8259127717113));
#2027=CARTESIAN_POINT('Ctrl Pts',(1.45063139147971,15.2999802762093,-19.8661548721084));
#2028=CARTESIAN_POINT('Ctrl Pts',(1.21123200755486,15.2999802762093,-19.9069756002427));
#2029=CARTESIAN_POINT('Ctrl Pts',(0.970187607754065,15.2999802762093,-19.9386757792118));
#2030=CARTESIAN_POINT('Ctrl Pts',(0.72801196942803,15.2999802762093,-19.961060964394));
#2031=CARTESIAN_POINT('Ctrl Pts',(0.485836331101995,15.2999802762093,-19.9834461495762));
#2032=CARTESIAN_POINT('Ctrl Pts',(0.242528757801667,15.2999802762093,-19.996516558493));
#2033=CARTESIAN_POINT('Ctrl Pts',(-0.00139480814370087,15.2999802762093,
-20.0000197406058));
#2034=CARTESIAN_POINT('Ctrl Pts',(7.29449268111783,15.2999802762093,-4.90597806059268));
#2035=CARTESIAN_POINT('Ctrl Pts',(6.79535624083044,15.2928839252161,-4.25539811172854));
#2036=CARTESIAN_POINT('Ctrl Pts',(5.11940922680024,15.2725634155202,-2.58146851976652));
#2037=CARTESIAN_POINT('Ctrl Pts',(1.43684588203039,15.2390187471217,-1.02544529824906));
#2038=CARTESIAN_POINT('Ctrl Pts',(-3.26825170994541,15.1993462710137,-1.49167299857439));
#2039=CARTESIAN_POINT('Ctrl Pts',(-7.17772053882092,15.1596737949057,-4.15083222414889));
#2040=CARTESIAN_POINT('Ctrl Pts',(-9.3398838695949,15.1200013187977,-8.35562335341586));
#2041=CARTESIAN_POINT('Ctrl Pts',(-9.22837946132604,15.0803288426897,-13.0824317960503));
#2042=CARTESIAN_POINT('Ctrl Pts',(-6.87035845851829,15.0406563665817,-17.180591317138));
#2043=CARTESIAN_POINT('Ctrl Pts',(-2.83984438286702,15.0009838904737,-19.652458454376));
#2044=CARTESIAN_POINT('Ctrl Pts',(1.88198921192998,14.9613114143657,-19.8962941221914));
#2045=CARTESIAN_POINT('Ctrl Pts',(6.09819602871818,14.9220807575589,-17.8754973107372));
#2046=CARTESIAN_POINT('Ctrl Pts',(7.92883105559896,14.8960742594548,-15.3821428828529));
#2047=CARTESIAN_POINT('Ctrl Pts',(8.49422855249248,14.8832919200534,-14.018386542194));
#2048=CARTESIAN_POINT('Origin',(0.,16.2166686323652,-10.500019843));
#2049=CARTESIAN_POINT('',(-1.20245067058522,15.2999802762093,-1.38569719812896));
#2050=CARTESIAN_POINT('Origin',(0.,15.2999802762093,-10.500019843));
#2051=CARTESIAN_POINT('Ctrl Pts',(-1.20245067058527,15.2999802762093,-1.38569719812896));
#2052=CARTESIAN_POINT('Ctrl Pts',(-2.71706588493661,15.2867561175066,-1.58552006496595));
#2053=CARTESIAN_POINT('Ctrl Pts',(-5.64322144370643,15.2603078001013,-2.75471765025382));
#2054=CARTESIAN_POINT('Ctrl Pts',(-8.65984211441234,15.2206353239933,-6.39643035314174));
#2055=CARTESIAN_POINT('Ctrl Pts',(-9.56781451783921,15.1809628478853,-11.0362146874911));
#2056=CARTESIAN_POINT('Ctrl Pts',(-8.14689774997299,15.1412903717773,-15.5458995441986));
#2057=CARTESIAN_POINT('Ctrl Pts',(-4.74260466178032,15.1016178956693,-18.8270242401626));
#2058=CARTESIAN_POINT('Ctrl Pts',(-0.183855202793681,15.0619454195613,-20.0811620556838));
#2059=CARTESIAN_POINT('Ctrl Pts',(4.41968288510176,15.0222729434532,-19.0028538127849));
#2060=CARTESIAN_POINT('Ctrl Pts',(7.24363587111626,14.9905140143879,-16.482649464931));
#2061=CARTESIAN_POINT('Ctrl Pts',(8.25830146272097,14.9719792440252,-14.5850541762471));
#2062=CARTESIAN_POINT('Ctrl Pts',(8.49283914005641,14.9666686323652,-14.0180131621264));
#2063=CARTESIAN_POINT('Ctrl Pts',(-1.24256593068431,15.4770536037697,-1.0816319815928));
#2064=CARTESIAN_POINT('Ctrl Pts',(-2.80771060521225,15.4638294450671,-1.28812118948891));
#2065=CARTESIAN_POINT('Ctrl Pts',(-5.83148637760228,15.4373811276618,-2.49632467031025));
#2066=CARTESIAN_POINT('Ctrl Pts',(-8.94874529134449,15.3977086515537,-6.25952946917846));
#2067=CARTESIAN_POINT('Ctrl Pts',(-9.8870087911275,15.3580361754457,-11.0541028189352));
#2068=CARTESIAN_POINT('Ctrl Pts',(-8.41868846059016,15.3183636993377,-15.7142364095633));
#2069=CARTESIAN_POINT('Ctrl Pts',(-4.90082389206411,15.2786912232297,-19.1048235340625));
#2070=CARTESIAN_POINT('Ctrl Pts',(-0.189988842585365,15.2390187471217,-20.4008009575612));
#2071=CARTESIAN_POINT('Ctrl Pts',(4.56712904054765,15.1993462710137,-19.2865190014041));
#2072=CARTESIAN_POINT('Ctrl Pts',(8.21242750817563,15.1596737949057,-16.0333143294995));
#2073=CARTESIAN_POINT('Ctrl Pts',(9.8585342983935,15.1200013187977,-11.4330938921791));
#2074=CARTESIAN_POINT('Ctrl Pts',(9.10471588374797,15.0803288426897,-6.6057362811561));
#2075=CARTESIAN_POINT('Ctrl Pts',(6.13448469684699,15.0406563665817,-2.72638386453135));
#2076=CARTESIAN_POINT('Ctrl Pts',(1.67089869708297,15.0009838904737,-0.739415166300097));
#2077=CARTESIAN_POINT('Ctrl Pts',(-3.199443552958,14.9613114143657,-1.12852730077166));
#2078=CARTESIAN_POINT('Ctrl Pts',(-7.29092660767129,14.9216389382577,-3.79899759749773));
#2079=CARTESIAN_POINT('Ctrl Pts',(-9.60753622728275,14.8819664621496,-8.10073711153482));
#2080=CARTESIAN_POINT('Ctrl Pts',(-9.5853266315694,14.8422939860416,-12.986548285485));
#2081=CARTESIAN_POINT('Ctrl Pts',(-7.22970434500156,14.8026215099336,-17.2670491099672));
#2082=CARTESIAN_POINT('Ctrl Pts',(-3.11411245421546,14.7629490338256,-19.9002120658436));
#2083=CARTESIAN_POINT('Ctrl Pts',(1.75956622677204,14.7232765577176,-20.2450307106656));
#2084=CARTESIAN_POINT('Ctrl Pts',(6.20490330768707,14.6836040816096,-18.2175638233622));
#2085=CARTESIAN_POINT('Ctrl Pts',(9.13974413937931,14.6439316055016,-14.3113696313374));
#2086=CARTESIAN_POINT('Ctrl Pts',(9.84964308584593,14.6042591293936,-9.47735605646672));
#2087=CARTESIAN_POINT('Ctrl Pts',(8.16178525604148,14.5645866532856,-4.89229556507628));
#2088=CARTESIAN_POINT('Ctrl Pts',(4.48705584731151,14.5249141771776,-1.67235650758968));
#2089=CARTESIAN_POINT('Ctrl Pts',(-0.279984061456677,14.4852417010696,-0.601387661384173));
#2090=CARTESIAN_POINT('Ctrl Pts',(-4.97886579694352,14.4455692249616,-1.94010129682756));
#2091=CARTESIAN_POINT('Ctrl Pts',(-8.46571283217304,14.4058967488536,-5.36260644865717));
#2092=CARTESIAN_POINT('Ctrl Pts',(-9.89170140421237,14.3662242727456,-10.0357424785683));
#2093=CARTESIAN_POINT('Ctrl Pts',(-8.90969469475181,14.3265517966375,-14.8219002887643));
#2094=CARTESIAN_POINT('Ctrl Pts',(-5.75874839565294,14.2868793205296,-18.5559572221491));
#2095=CARTESIAN_POINT('Ctrl Pts',(-1.20591597025525,14.2472068444215,-20.3289097505058));
#2096=CARTESIAN_POINT('Ctrl Pts',(3.64047970049149,14.2075343683136,-19.709157570904));
#2097=CARTESIAN_POINT('Ctrl Pts',(7.60065190138914,14.1678618922055,-16.847570615944));
#2098=CARTESIAN_POINT('Ctrl Pts',(9.71055252948873,14.1281894160975,-12.4407618952142));
#2099=CARTESIAN_POINT('Ctrl Pts',(9.45655601631961,14.0885169399895,-7.56150687699103));
#2100=CARTESIAN_POINT('Ctrl Pts',(6.90049423288468,14.0488444638815,-3.39759142145872));
#2101=CARTESIAN_POINT('Ctrl Pts',(2.66460439219757,14.0091719877735,-0.962662055107477));
#2102=CARTESIAN_POINT('Ctrl Pts',(-2.21994582967831,13.9694995116655,-0.849468011395307));
#2103=CARTESIAN_POINT('Ctrl Pts',(-6.56408152986565,13.9298270355575,-3.08556478477333));
#2104=CARTESIAN_POINT('Ctrl Pts',(-9.31028410355269,13.8901545594495,-7.12660613395968));
#2105=CARTESIAN_POINT('Ctrl Pts',(-9.79002924240465,13.8504820833415,-11.9888575017225));
#2106=CARTESIAN_POINT('Ctrl Pts',(-7.88652975447304,13.8108096072335,-16.4886723269092));
#2107=CARTESIAN_POINT('Ctrl Pts',(-4.06316575990015,13.7711371311255,-19.5306341160585));
#2108=CARTESIAN_POINT('Ctrl Pts',(0.7493186678241,13.7314646550175,-20.374220148601));
#2109=CARTESIAN_POINT('Ctrl Pts',(5.37939202769806,13.6917921789094,-18.8140712954466));
#2110=CARTESIAN_POINT('Ctrl Pts',(8.69992822186202,13.6521197028015,-15.2299838042463));
#2111=CARTESIAN_POINT('Ctrl Pts',(9.90258951770019,13.6124472266934,-10.4944532564824));
#2112=CARTESIAN_POINT('Ctrl Pts',(8.69460497390719,13.5727747505854,-5.76027781557407));
#2113=CARTESIAN_POINT('Ctrl Pts',(5.37004140204762,13.5331022744774,-2.17992576404439));
#2114=CARTESIAN_POINT('Ctrl Pts',(0.738216941044369,13.4934297983694,-0.624983342078825));
#2115=CARTESIAN_POINT('Ctrl Pts',(-4.07331602583993,13.4537573222614,-1.47397936719044));
#2116=CARTESIAN_POINT('Ctrl Pts',(-7.89325762665362,13.4140848461534,-4.52023771961264));
#2117=CARTESIAN_POINT('Ctrl Pts',(-9.7916969025247,13.3744123700454,-9.02218974951414));
#2118=CARTESIAN_POINT('Ctrl Pts',(-9.30648560879471,13.3347398939374,-13.8838986739361));
#2119=CARTESIAN_POINT('Ctrl Pts',(-6.55574151872723,13.2950674178294,-17.9218500164608));
#2120=CARTESIAN_POINT('Ctrl Pts',(-2.20909466422384,13.2553949417214,-20.1530613687401));
#2121=CARTESIAN_POINT('Ctrl Pts',(2.67532535828006,13.2157224656134,-20.0343759169543));
#2122=CARTESIAN_POINT('Ctrl Pts',(6.90847470874555,13.1760499895054,-17.5946856779321));
#2123=CARTESIAN_POINT('Ctrl Pts',(9.45985412036917,13.1363775133974,-13.4278994243569));
#2124=CARTESIAN_POINT('Ctrl Pts',(9.7083636646546,13.0967050372894,-8.54836138449998));
#2125=CARTESIAN_POINT('Ctrl Pts',(7.59351238563807,13.0570325611813,-4.14392864297669));
#2126=CARTESIAN_POINT('Ctrl Pts',(3.63012054961144,13.0173600850733,-1.28679357601542));
#2127=CARTESIAN_POINT('Ctrl Pts',(-1.21695884992578,12.9776876089653,-0.672494910890323));
#2128=CARTESIAN_POINT('Ctrl Pts',(-5.76781524631626,12.9380151328573,-2.45055590289065));
#2129=CARTESIAN_POINT('Ctrl Pts',(-8.91452088069097,12.8983426567493,-6.18817118488674));
#2130=CARTESIAN_POINT('Ctrl Pts',(-9.89122792588766,12.8586701806413,-10.9753932937066));
#2131=CARTESIAN_POINT('Ctrl Pts',(-8.45982112948281,12.8189977045333,-15.6469973285938));
#2132=CARTESIAN_POINT('Ctrl Pts',(-4.96946342976882,12.7793252284253,-19.0654290054407));
#2133=CARTESIAN_POINT('Ctrl Pts',(-0.268386292055525,12.7396527523173,-20.3991783217665));
#2134=CARTESIAN_POINT('Ctrl Pts',(2.9076195338636,12.713204434912,-19.6808729782743));
#2135=CARTESIAN_POINT('Ctrl Pts',(4.31415248419563,12.6999802762093,-18.9639485019094));
#2136=CARTESIAN_POINT('Ctrl Pts',(-1.22919417731796,15.4180291612496,-1.18298705377152));
#2137=CARTESIAN_POINT('Ctrl Pts',(-2.7774956984537,15.4048050025469,-1.38725414798126));
#2138=CARTESIAN_POINT('Ctrl Pts',(-5.768731399637,15.3783566851416,-2.58245566362477));
#2139=CARTESIAN_POINT('Ctrl Pts',(-8.85244423236711,15.3386842090336,-6.30516309716621));
#2140=CARTESIAN_POINT('Ctrl Pts',(-9.7806107000314,15.2990117329256,-11.0481401084539));
#2141=CARTESIAN_POINT('Ctrl Pts',(-8.3280915570511,15.2593392568176,-15.6581241211084));
#2142=CARTESIAN_POINT('Ctrl Pts',(-4.84808414863619,15.2196667807096,-19.0122237694292));
#2143=CARTESIAN_POINT('Ctrl Pts',(-0.187944295988134,15.1799943046016,-20.2942546569354));
#2144=CARTESIAN_POINT('Ctrl Pts',(4.51798032206568,15.1403218284936,-19.1919639385311));
#2145=CARTESIAN_POINT('Ctrl Pts',(8.12405026197362,15.1006493523855,-15.9737683147975));
#2146=CARTESIAN_POINT('Ctrl Pts',(9.75244263280342,15.0609768762775,-11.4230527058323));
#2147=CARTESIAN_POINT('Ctrl Pts',(9.00673636229024,15.0213044001695,-6.64764423794268));
#2148=CARTESIAN_POINT('Ctrl Pts',(6.06846903170582,14.9816319240615,-2.81003909802596));
#2149=CARTESIAN_POINT('Ctrl Pts',(1.65291748198138,14.9419594479535,-0.844452971715671));
#2150=CARTESIAN_POINT('Ctrl Pts',(-3.16501304988108,14.9022869718455,-1.22937771349802));
#2151=CARTESIAN_POINT('Ctrl Pts',(-7.2124660044933,14.8626144957375,-3.87111000180284));
#2152=CARTESIAN_POINT('Ctrl Pts',(-9.5041456532158,14.8229420196295,-8.12655676113974));
#2153=CARTESIAN_POINT('Ctrl Pts',(-9.48217506392372,14.7832695435215,-12.9597897495794));
#2154=CARTESIAN_POINT('Ctrl Pts',(-7.15190257929586,14.7435970674135,-17.1942263774697));
#2155=CARTESIAN_POINT('Ctrl Pts',(-3.08060023352396,14.7039245913055,-19.7990528042735));
#2156=CARTESIAN_POINT('Ctrl Pts',(1.74063082460534,14.6642521151975,-20.1401607165213));
#2157=CARTESIAN_POINT('Ctrl Pts',(6.13812983946013,14.6245796390894,-18.1345122184928));
#2158=CARTESIAN_POINT('Ctrl Pts',(9.04138766472852,14.5849071629815,-14.270354158352));
#2159=CARTESIAN_POINT('Ctrl Pts',(9.74364710218175,14.5452346868734,-9.48836135412742));
#2160=CARTESIAN_POINT('Ctrl Pts',(8.07395299154928,14.5055622107654,-4.95264254879695));
#2161=CARTESIAN_POINT('Ctrl Pts',(4.43876882877219,14.4658897346574,-1.76735455478163));
#2162=CARTESIAN_POINT('Ctrl Pts',(-0.276971039995319,14.4262172585494,-0.707910836475454));
#2163=CARTESIAN_POINT('Ctrl Pts',(-4.92528621308659,14.3865447824414,-2.03221803430515));
#2164=CARTESIAN_POINT('Ctrl Pts',(-8.37460988039665,14.3468723063334,-5.41789222718505));
#2165=CARTESIAN_POINT('Ctrl Pts',(-9.78525281401335,14.3071998302254,-10.040738754627));
#2166=CARTESIAN_POINT('Ctrl Pts',(-8.81381387500162,14.2675273541174,-14.7753907893708));
#2167=CARTESIAN_POINT('Ctrl Pts',(-5.69677618046182,14.2278548780094,-18.4692640293707));
#2168=CARTESIAN_POINT('Ctrl Pts',(-1.19293862190166,14.1881824019014,-20.2231371001679));
#2169=CARTESIAN_POINT('Ctrl Pts',(3.601303029469,14.1485099257934,-19.6100543238462));
#2170=CARTESIAN_POINT('Ctrl Pts',(7.51885821934858,14.1088374496854,-16.7792620607839));
#2171=CARTESIAN_POINT('Ctrl Pts',(9.60605335542578,14.0691649735774,-12.4198767868838));
#2172=CARTESIAN_POINT('Ctrl Pts',(9.35479020122469,14.0294924974693,-7.59312940073401));
#2173=CARTESIAN_POINT('Ctrl Pts',(6.82623523003466,13.9898200213614,-3.47402351959509));
#2174=CARTESIAN_POINT('Ctrl Pts',(2.63592950914188,13.9501475452533,-1.06529741067052));
#2175=CARTESIAN_POINT('Ctrl Pts',(-2.19605609683752,13.9104750691454,-0.953321493737524));
#2176=CARTESIAN_POINT('Ctrl Pts',(-6.49344279985829,13.8708025930373,-3.16535472745256));
#2177=CARTESIAN_POINT('Ctrl Pts',(-9.21009237953306,13.8311301169294,-7.16290880008469));
#2178=CARTESIAN_POINT('Ctrl Pts',(-9.68467478736446,13.7914576408213,-11.9728355189179));
#2179=CARTESIAN_POINT('Ctrl Pts',(-7.80165962550122,13.7517851647133,-16.4242260210561));
#2180=CARTESIAN_POINT('Ctrl Pts',(-4.01944039363484,13.7121126886053,-19.433452031934));
#2181=CARTESIAN_POINT('Ctrl Pts',(0.741254947282987,13.6724402124973,-20.267959894786));
#2182=CARTESIAN_POINT('Ctrl Pts',(5.32150221945613,13.6327677363893,-18.7246004329741));
#2183=CARTESIAN_POINT('Ctrl Pts',(8.6063047837692,13.5930952602813,-15.1790827534774));
#2184=CARTESIAN_POINT('Ctrl Pts',(9.7960237561185,13.5534227841733,-10.4945131607661));
#2185=CARTESIAN_POINT('Ctrl Pts',(8.60103882143359,13.5137503080653,-5.81128409205869));
#2186=CARTESIAN_POINT('Ctrl Pts',(5.31225221966138,13.4740778319573,-2.26946165365897));
#2187=CARTESIAN_POINT('Ctrl Pts',(0.730272690664774,13.4344053558493,-0.731252594529092));
#2188=CARTESIAN_POINT('Ctrl Pts',(-4.02948142846712,13.3947328797413,-1.57111223083713));
#2189=CARTESIAN_POINT('Ctrl Pts',(-7.80831509633451,13.3550604036333,-4.58458856793696));
#2190=CARTESIAN_POINT('Ctrl Pts',(-9.68632450112104,13.3153879275252,-9.03809327546755));
#2191=CARTESIAN_POINT('Ctrl Pts',(-9.2063347619099,13.2757154514172,-13.8474833884116));
#2192=CARTESIAN_POINT('Ctrl Pts',(-6.48519253894499,13.2360429753092,-17.8419807071906));
#2193=CARTESIAN_POINT('Ctrl Pts',(-2.18532170515305,13.1963704992012,-20.0491810937947));
#2194=CARTESIAN_POINT('Ctrl Pts',(2.64653510258236,13.1566980230932,-19.9317728640462));
#2195=CARTESIAN_POINT('Ctrl Pts',(6.8341298247746,13.1170255469852,-17.5183371161225));
#2196=CARTESIAN_POINT('Ctrl Pts',(9.35805281304577,13.0773530708772,-13.3963913307568));
#2197=CARTESIAN_POINT('Ctrl Pts',(9.60388804584935,13.0376805947692,-8.5693639686832));
#2198=CARTESIAN_POINT('Ctrl Pts',(7.51179553480736,12.9980081186612,-4.2123291051187));
#2199=CARTESIAN_POINT('Ctrl Pts',(3.59105535759158,12.9583356425532,-1.38594082149206));
#2200=CARTESIAN_POINT('Ctrl Pts',(-1.20386266468816,12.9186631664452,-0.77825287217727));
#2201=CARTESIAN_POINT('Ctrl Pts',(-5.7057454590866,12.8789906903372,-2.53717943237948));
#2202=CARTESIAN_POINT('Ctrl Pts',(-8.81858812440648,12.8393182142292,-6.23457272816545));
#2203=CARTESIAN_POINT('Ctrl Pts',(-9.78478443097995,12.7996457381212,-10.9702776081862));
#2204=CARTESIAN_POINT('Ctrl Pts',(-8.36878158069641,12.7599732620132,-15.5916086270208));
#2205=CARTESIAN_POINT('Ctrl Pts',(-4.915985028579,12.7203007859051,-18.973253181226));
#2206=CARTESIAN_POINT('Ctrl Pts',(-0.26549807887049,12.6806283097971,-20.2926494829792));
#2207=CARTESIAN_POINT('Ctrl Pts',(2.87632946680971,12.6541799923918,-19.5820741131308));
#2208=CARTESIAN_POINT('Ctrl Pts',(4.26772614851483,12.6409558336891,-18.8728647503415));
#2209=CARTESIAN_POINT('Ctrl Pts',(-1.21582242395161,15.3590047187294,-1.28434212595024));
#2210=CARTESIAN_POINT('Ctrl Pts',(-2.74728079169516,15.3457805600268,-1.48638710647361));
#2211=CARTESIAN_POINT('Ctrl Pts',(-5.70597642167171,15.3193322426214,-2.6685866569393));
#2212=CARTESIAN_POINT('Ctrl Pts',(-8.75614317338973,15.2796597665134,-6.35079672515398));
#2213=CARTESIAN_POINT('Ctrl Pts',(-9.6742126089353,15.2399872904054,-11.0421773979725));
#2214=CARTESIAN_POINT('Ctrl Pts',(-8.23749465351205,15.2003148142974,-15.6020118326535));
#2215=CARTESIAN_POINT('Ctrl Pts',(-4.79534440520825,15.1606423381894,-18.9196240047959));
#2216=CARTESIAN_POINT('Ctrl Pts',(-0.185899749390908,15.1209698620814,-20.1877083563096));
#2217=CARTESIAN_POINT('Ctrl Pts',(4.46883160358372,15.0812973859734,-19.097408875658));
#2218=CARTESIAN_POINT('Ctrl Pts',(8.03567301577161,15.0416249098654,-15.9142223000954));
#2219=CARTESIAN_POINT('Ctrl Pts',(9.64635096721333,15.0019524337574,-11.4130115194855));
#2220=CARTESIAN_POINT('Ctrl Pts',(8.90875684083251,14.9622799576494,-6.68955219472926));
#2221=CARTESIAN_POINT('Ctrl Pts',(6.00245336656467,14.9226074815414,-2.89369433152056));
#2222=CARTESIAN_POINT('Ctrl Pts',(1.63493626687979,14.8829350054333,-0.949490777131245));
#2223=CARTESIAN_POINT('Ctrl Pts',(-3.13058254680415,14.8432625293254,-1.33022812622439));
#2224=CARTESIAN_POINT('Ctrl Pts',(-7.13400540131531,14.8035900532173,-3.94322240610794));
#2225=CARTESIAN_POINT('Ctrl Pts',(-9.40075507914887,14.7639175771094,-8.15237641074468));
#2226=CARTESIAN_POINT('Ctrl Pts',(-9.37902349627801,14.7242451010013,-12.9330312136737));
#2227=CARTESIAN_POINT('Ctrl Pts',(-7.07410081359018,14.6845726248933,-17.1214036449722));
#2228=CARTESIAN_POINT('Ctrl Pts',(-3.04708801283245,14.6449001487853,-19.6978935427035));
#2229=CARTESIAN_POINT('Ctrl Pts',(1.72169542243864,14.6052276726773,-20.035290722377));
#2230=CARTESIAN_POINT('Ctrl Pts',(6.0713563712332,14.5655551965693,-18.0514606136234));
#2231=CARTESIAN_POINT('Ctrl Pts',(8.94303119007772,14.5258827204613,-14.2293386853666));
#2232=CARTESIAN_POINT('Ctrl Pts',(9.63765111851758,14.4862102443533,-9.49936665178811));
#2233=CARTESIAN_POINT('Ctrl Pts',(7.98612072705706,14.4465377682453,-5.01298953251763));
#2234=CARTESIAN_POINT('Ctrl Pts',(4.39048181023288,14.4068652921373,-1.86235260197357));
#2235=CARTESIAN_POINT('Ctrl Pts',(-0.273958018533961,14.3671928160293,-0.814434011566737));
#2236=CARTESIAN_POINT('Ctrl Pts',(-4.87170662922966,14.3275203399213,-2.12433477178273));
#2237=CARTESIAN_POINT('Ctrl Pts',(-8.28350692862023,14.2878478638133,-5.47317800571295));
#2238=CARTESIAN_POINT('Ctrl Pts',(-9.67880422381434,14.2481753877053,-10.0457350306856));
#2239=CARTESIAN_POINT('Ctrl Pts',(-8.71793305525143,14.2085029115972,-14.7288812899772));
#2240=CARTESIAN_POINT('Ctrl Pts',(-5.6348039652707,14.1688304354892,-18.3825708365923));
#2241=CARTESIAN_POINT('Ctrl Pts',(-1.17996127354807,14.1291579593812,-20.1173644498299));
#2242=CARTESIAN_POINT('Ctrl Pts',(3.56212635844652,14.0894854832732,-19.5109510767883));
#2243=CARTESIAN_POINT('Ctrl Pts',(7.43706453730801,14.0498130071652,-16.7109535056239));
#2244=CARTESIAN_POINT('Ctrl Pts',(9.50155418136283,14.0101405310572,-12.3989916785535));
#2245=CARTESIAN_POINT('Ctrl Pts',(9.25302438612977,13.9704680549492,-7.62475192447699));
#2246=CARTESIAN_POINT('Ctrl Pts',(6.75197622718464,13.9307955788412,-3.55045561773147));
#2247=CARTESIAN_POINT('Ctrl Pts',(2.6072546260862,13.8911231027332,-1.16793276623356));
#2248=CARTESIAN_POINT('Ctrl Pts',(-2.17216636399674,13.8514506266252,-1.05717497607974));
#2249=CARTESIAN_POINT('Ctrl Pts',(-6.42280406985093,13.8117781505172,-3.2451446701318));
#2250=CARTESIAN_POINT('Ctrl Pts',(-9.10990065551342,13.7721056744092,-7.19921146620969));
#2251=CARTESIAN_POINT('Ctrl Pts',(-9.57932033232427,13.7324331983012,-11.9568135361134));
#2252=CARTESIAN_POINT('Ctrl Pts',(-7.7167894965294,13.6927607221932,-16.3597797152029));
#2253=CARTESIAN_POINT('Ctrl Pts',(-3.97571502736953,13.6530882460851,-19.3362699478096));
#2254=CARTESIAN_POINT('Ctrl Pts',(0.733191226741877,13.6134157699772,-20.161699640971));
#2255=CARTESIAN_POINT('Ctrl Pts',(5.2636124112142,13.5737432938691,-18.6351295705016));
#2256=CARTESIAN_POINT('Ctrl Pts',(8.5126813456764,13.5340708177612,-15.1281817027085));
#2257=CARTESIAN_POINT('Ctrl Pts',(9.68945799453678,13.4943983416531,-10.4945730650497));
#2258=CARTESIAN_POINT('Ctrl Pts',(8.50747266896001,13.4547258655451,-5.8622903685433));
#2259=CARTESIAN_POINT('Ctrl Pts',(5.25446303727513,13.4150533894371,-2.35899754327356));
#2260=CARTESIAN_POINT('Ctrl Pts',(0.722328440285184,13.3753809133291,-0.837521846979357));
#2261=CARTESIAN_POINT('Ctrl Pts',(-3.98564683109431,13.3357084372211,-1.66824509448382));
#2262=CARTESIAN_POINT('Ctrl Pts',(-7.7233725660154,13.2960359611131,-4.64893941626127));
#2263=CARTESIAN_POINT('Ctrl Pts',(-9.58095209971738,13.2563634850051,-9.05399680142095));
#2264=CARTESIAN_POINT('Ctrl Pts',(-9.10618391502507,13.2166910088971,-13.8110681028871));
#2265=CARTESIAN_POINT('Ctrl Pts',(-6.41464355916276,13.1770185327891,-17.7621113979204));
#2266=CARTESIAN_POINT('Ctrl Pts',(-2.16154874608226,13.1373460566811,-19.9453008188493));
#2267=CARTESIAN_POINT('Ctrl Pts',(2.61774484688465,13.0976735805731,-19.8291698111381));
#2268=CARTESIAN_POINT('Ctrl Pts',(6.75978494080365,13.0580011044651,-17.4419885543129));
#2269=CARTESIAN_POINT('Ctrl Pts',(9.25625150572234,13.0183286283571,-13.3648832371567));
#2270=CARTESIAN_POINT('Ctrl Pts',(9.49941242704411,12.978656152249,-8.59036655286643));
#2271=CARTESIAN_POINT('Ctrl Pts',(7.43007868397665,12.9389836761411,-4.2807295672607));
#2272=CARTESIAN_POINT('Ctrl Pts',(3.55199016557173,12.899311200033,-1.4850880669687));
#2273=CARTESIAN_POINT('Ctrl Pts',(-1.19076647945054,12.859638723925,-0.884010833464214));
#2274=CARTESIAN_POINT('Ctrl Pts',(-5.64367567185695,12.819966247817,-2.62380296186832));
#2275=CARTESIAN_POINT('Ctrl Pts',(-8.72265536812199,12.780293771709,-6.28097427144415));
#2276=CARTESIAN_POINT('Ctrl Pts',(-9.67834093607224,12.740621295601,-10.9651619226658));
#2277=CARTESIAN_POINT('Ctrl Pts',(-8.27774203191001,12.700948819493,-15.5362199254478));
#2278=CARTESIAN_POINT('Ctrl Pts',(-4.86250662738916,12.661276343385,-18.8810773570112));
#2279=CARTESIAN_POINT('Ctrl Pts',(-0.26260986568546,12.621603867277,-20.1861206441919));
#2280=CARTESIAN_POINT('Ctrl Pts',(2.84503939975582,12.5951555498717,-19.4832752479874));
#2281=CARTESIAN_POINT('Ctrl Pts',(4.22129981283403,12.581931391169,-18.7817809987735));
#2282=CARTESIAN_POINT('Ctrl Pts',(-1.20245067058527,15.2999802762093,-1.38569719812896));
#2283=CARTESIAN_POINT('Ctrl Pts',(-2.71706588493661,15.2867561175066,-1.58552006496595));
#2284=CARTESIAN_POINT('Ctrl Pts',(-5.64322144370643,15.2603078001013,-2.75471765025382));
#2285=CARTESIAN_POINT('Ctrl Pts',(-8.65984211441234,15.2206353239933,-6.39643035314174));
#2286=CARTESIAN_POINT('Ctrl Pts',(-9.56781451783921,15.1809628478853,-11.0362146874911));
#2287=CARTESIAN_POINT('Ctrl Pts',(-8.14689774997299,15.1412903717773,-15.5458995441986));
#2288=CARTESIAN_POINT('Ctrl Pts',(-4.74260466178032,15.1016178956693,-18.8270242401626));
#2289=CARTESIAN_POINT('Ctrl Pts',(-0.183855202793681,15.0619454195613,-20.0811620556838));
#2290=CARTESIAN_POINT('Ctrl Pts',(4.41968288510176,15.0222729434532,-19.0028538127849));
#2291=CARTESIAN_POINT('Ctrl Pts',(7.94729576956959,14.9826004673452,-15.8546762853933));
#2292=CARTESIAN_POINT('Ctrl Pts',(9.54025930162325,14.9429279912372,-11.4029703331387));
#2293=CARTESIAN_POINT('Ctrl Pts',(8.81077731937477,14.9032555151292,-6.73146015151583));
#2294=CARTESIAN_POINT('Ctrl Pts',(5.93643770142351,14.8635830390212,-2.97734956501517));
#2295=CARTESIAN_POINT('Ctrl Pts',(1.6169550517782,14.8239105629132,-1.05452858254682));
#2296=CARTESIAN_POINT('Ctrl Pts',(-3.09615204372724,14.7842380868052,-1.43107853895076));
#2297=CARTESIAN_POINT('Ctrl Pts',(-7.05554479813732,14.7445656106972,-4.01533481041305));
#2298=CARTESIAN_POINT('Ctrl Pts',(-9.29736450508194,14.7048931345892,-8.17819606034961));
#2299=CARTESIAN_POINT('Ctrl Pts',(-9.27587192863232,14.6652206584812,-12.9062726777681));
#2300=CARTESIAN_POINT('Ctrl Pts',(-6.9962990478845,14.6255481823732,-17.0485809124747));
#2301=CARTESIAN_POINT('Ctrl Pts',(-3.01357579214094,14.5858757062652,-19.5967342811334));
#2302=CARTESIAN_POINT('Ctrl Pts',(1.70276002027193,14.5462032301572,-19.9304207282326));
#2303=CARTESIAN_POINT('Ctrl Pts',(6.00458290300627,14.5065307540492,-17.9684090087541));
#2304=CARTESIAN_POINT('Ctrl Pts',(8.84467471542692,14.4668582779412,-14.1883232123813));
#2305=CARTESIAN_POINT('Ctrl Pts',(9.53165513485341,14.4271858018332,-9.51037194944881));
#2306=CARTESIAN_POINT('Ctrl Pts',(7.89828846256485,14.3875133257251,-5.07333651623829));
#2307=CARTESIAN_POINT('Ctrl Pts',(4.34219479169357,14.3478408496171,-1.95735064916552));
#2308=CARTESIAN_POINT('Ctrl Pts',(-0.270944997072602,14.3081683735091,-0.920957186658017));
#2309=CARTESIAN_POINT('Ctrl Pts',(-4.81812704537272,14.2684958974011,-2.21645150926032));
#2310=CARTESIAN_POINT('Ctrl Pts',(-8.19240397684384,14.2288234212931,-5.52846378424084));
#2311=CARTESIAN_POINT('Ctrl Pts',(-9.57235563361533,14.1891509451851,-10.0507313067442));
#2312=CARTESIAN_POINT('Ctrl Pts',(-8.62205223550124,14.1494784690771,-14.6823717905837));
#2313=CARTESIAN_POINT('Ctrl Pts',(-5.57283175007959,14.1098059929691,-18.2958776438139));
#2314=CARTESIAN_POINT('Ctrl Pts',(-1.16698392519448,14.0701335168611,-20.0115917994919));
#2315=CARTESIAN_POINT('Ctrl Pts',(3.52294968742404,14.0304610407531,-19.4118478297305));
#2316=CARTESIAN_POINT('Ctrl Pts',(7.35527085526745,13.9907885646451,-16.6426449504638));
#2317=CARTESIAN_POINT('Ctrl Pts',(9.39705500729987,13.9511160885371,-12.3781065702232));
#2318=CARTESIAN_POINT('Ctrl Pts',(9.15125857103485,13.911443612429,-7.65637444821997));
#2319=CARTESIAN_POINT('Ctrl Pts',(6.67771722433461,13.8717711363211,-3.62688771586784));
#2320=CARTESIAN_POINT('Ctrl Pts',(2.57857974303052,13.832098660213,-1.2705681217966));
#2321=CARTESIAN_POINT('Ctrl Pts',(-2.14827663115596,13.7924261841051,-1.16102845842195));
#2322=CARTESIAN_POINT('Ctrl Pts',(-6.35216533984356,13.752753707997,-3.32493461281104));
#2323=CARTESIAN_POINT('Ctrl Pts',(-9.00970893149379,13.713081231889,-7.23551413233469));
#2324=CARTESIAN_POINT('Ctrl Pts',(-9.47396587728406,13.673408755781,-11.9407915533088));
#2325=CARTESIAN_POINT('Ctrl Pts',(-7.63191936755759,13.633736279673,-16.2953334093498));
#2326=CARTESIAN_POINT('Ctrl Pts',(-3.93198966110421,13.594063803565,-19.2390878636851));
#2327=CARTESIAN_POINT('Ctrl Pts',(0.725127506200768,13.554391327457,-20.055439387156));
#2328=CARTESIAN_POINT('Ctrl Pts',(5.20572260297227,13.514718851349,-18.5456587080292));
#2329=CARTESIAN_POINT('Ctrl Pts',(8.41905790758359,13.475046375241,-15.0772806519395));
#2330=CARTESIAN_POINT('Ctrl Pts',(9.58289223295508,13.435373899133,-10.4946329693334));
#2331=CARTESIAN_POINT('Ctrl Pts',(8.41390651648641,13.395701423025,-5.91329664502791));
#2332=CARTESIAN_POINT('Ctrl Pts',(5.19667385488888,13.356028946917,-2.44853343288814));
#2333=CARTESIAN_POINT('Ctrl Pts',(0.714384189905596,13.316356470809,-0.943791099429621));
#2334=CARTESIAN_POINT('Ctrl Pts',(-3.9418122337215,13.276683994701,-1.76537795813052));
#2335=CARTESIAN_POINT('Ctrl Pts',(-7.63843003569629,13.2370115185929,-4.71329026458559));
#2336=CARTESIAN_POINT('Ctrl Pts',(-9.47557969831372,13.197339042485,-9.06990032737436));
#2337=CARTESIAN_POINT('Ctrl Pts',(-9.00603306814025,13.1576665663769,-13.7746528173626));
#2338=CARTESIAN_POINT('Ctrl Pts',(-6.34409457938053,13.1179940902689,-17.6822420886503));
#2339=CARTESIAN_POINT('Ctrl Pts',(-2.13777578701147,13.0783216141609,-19.8414205439039));
#2340=CARTESIAN_POINT('Ctrl Pts',(2.58895459118695,13.0386491380529,-19.7265667582299));
#2341=CARTESIAN_POINT('Ctrl Pts',(6.68544005683269,12.9989766619449,-17.3656399925033));
#2342=CARTESIAN_POINT('Ctrl Pts',(9.15445019839893,12.9593041858369,-13.3333751435567));
#2343=CARTESIAN_POINT('Ctrl Pts',(9.39493680823887,12.9196317097289,-8.61136913704966));
#2344=CARTESIAN_POINT('Ctrl Pts',(7.34836183314593,12.8799592336209,-4.34913002940271));
#2345=CARTESIAN_POINT('Ctrl Pts',(3.51292497355188,12.8402867575129,-1.58423531244533));
#2346=CARTESIAN_POINT('Ctrl Pts',(-1.17767029421292,12.8006142814049,-0.989768794751169));
#2347=CARTESIAN_POINT('Ctrl Pts',(-5.5816058846273,12.7609418052969,-2.71042649135713));
#2348=CARTESIAN_POINT('Ctrl Pts',(-8.62672261183749,12.7212693291889,-6.32737581472288));
#2349=CARTESIAN_POINT('Ctrl Pts',(-9.57189744116454,12.6815968530809,-10.9600462371453));
#2350=CARTESIAN_POINT('Ctrl Pts',(-8.1867024831236,12.6419243769729,-15.4808312238747));
#2351=CARTESIAN_POINT('Ctrl Pts',(-4.80902822619934,12.6022519008649,-18.7889015327965));
#2352=CARTESIAN_POINT('Ctrl Pts',(-0.259721652500422,12.5625794247568,-20.0795918054047));
#2353=CARTESIAN_POINT('Ctrl Pts',(2.81374933270192,12.5361311073515,-19.3844763828439));
#2354=CARTESIAN_POINT('Ctrl Pts',(4.17487347715323,12.5229069486488,-18.6906972472055));
#2355=CARTESIAN_POINT('Ctrl Pts',(-9.03908239627379,12.6999802762093,-8.82732250039803));
#2356=CARTESIAN_POINT('Ctrl Pts',(-9.08530215359065,12.6999802762093,-9.05748494191259));
#2357=CARTESIAN_POINT('Ctrl Pts',(-9.1227188480935,12.6999802762093,-9.28897144531867));
#2358=CARTESIAN_POINT('Ctrl Pts',(-9.15129852570052,12.6999802762093,-9.52125805314848));
#2359=CARTESIAN_POINT('Ctrl Pts',(-9.18033486014293,12.6999802762093,-9.7572562237431));
#2360=CARTESIAN_POINT('Ctrl Pts',(-9.20024979630085,12.6999802762093,-9.9940809155523));
#2361=CARTESIAN_POINT('Ctrl Pts',(-9.21095626788297,12.6999802762093,-10.2312011116949));
#2362=CARTESIAN_POINT('Ctrl Pts',(-9.22166273946509,12.6999802762093,-10.4683213078374));
#2363=CARTESIAN_POINT('Ctrl Pts',(-9.22316090434397,12.6999802762093,-10.7057377110637));
#2364=CARTESIAN_POINT('Ctrl Pts',(-9.21530956572622,12.6999802762093,-10.942927381438));
#2365=CARTESIAN_POINT('Ctrl Pts',(-9.20755625493478,12.6999802762093,-11.1771556220561));
#2366=CARTESIAN_POINT('Ctrl Pts',(-9.19068527704795,12.6999802762093,-11.4111634145505));
#2367=CARTESIAN_POINT('Ctrl Pts',(-9.16484730372871,12.6999802762093,-11.6444608979565));
#2368=CARTESIAN_POINT('Ctrl Pts',(-9.14690422163419,12.6999802762093,-11.8064734461341));
#2369=CARTESIAN_POINT('Ctrl Pts',(-9.12463565054379,12.6999802762093,-11.9681434031406));
#2370=CARTESIAN_POINT('Ctrl Pts',(-9.09807761220707,12.6999802762093,-12.1293035515572));
#2371=CARTESIAN_POINT('Ctrl Pts',(-9.08486303611518,12.6999802762093,-12.2094925706869));
#2372=CARTESIAN_POINT('Ctrl Pts',(-9.0705862958702,12.6999802762093,-12.2895553183656));
#2373=CARTESIAN_POINT('Ctrl Pts',(-9.05525077196623,12.6999802762093,-12.3694708123394));
#2374=CARTESIAN_POINT('Ctrl Pts',(-9.0503476463222,12.6999802762093,-12.3950216647466));
#2375=CARTESIAN_POINT('Ctrl Pts',(-9.04533628401542,12.6999802762093,-12.4205572508687));
#2376=CARTESIAN_POINT('Ctrl Pts',(-9.04021965388029,12.6999802762093,-12.446063178642));
#2377=CARTESIAN_POINT('Ctrl Pts',(-8.99421570078955,12.6999802762093,-12.6753886279771));
#2378=CARTESIAN_POINT('Ctrl Pts',(-8.93965300646972,12.6999802762093,-12.9025980484019));
#2379=CARTESIAN_POINT('Ctrl Pts',(-8.876763932301,12.6999802762093,-13.1272219188123));
#2380=CARTESIAN_POINT('Ctrl Pts',(-8.81312362111484,12.6999802762093,-13.3545290178866));
#2381=CARTESIAN_POINT('Ctrl Pts',(-8.74095672686043,12.6999802762093,-13.5791890734846));
#2382=CARTESIAN_POINT('Ctrl Pts',(-8.66045103691876,12.6999802762093,-13.8007124321371));
#2383=CARTESIAN_POINT('Ctrl Pts',(-8.58000076827429,12.6999802762093,-14.0220832908618));
#2384=CARTESIAN_POINT('Ctrl Pts',(-8.49122299018374,12.6999802762093,-14.2403224182499));
#2385=CARTESIAN_POINT('Ctrl Pts',(-8.39425477639855,12.6999802762093,-14.4549283474515));
#2386=CARTESIAN_POINT('Ctrl Pts',(-8.29836226256028,12.6999802762093,-14.6671535832524));
#2387=CARTESIAN_POINT('Ctrl Pts',(-8.1944597706785,12.6999802762093,-14.8758263719803));
#2388=CARTESIAN_POINT('Ctrl Pts',(-8.0826340576914,12.6999802762093,-15.0804400481161));
#2389=CARTESIAN_POINT('Ctrl Pts',(-8.03660939992667,12.6999802762093,-15.1646539034682));
#2390=CARTESIAN_POINT('Ctrl Pts',(-7.98924207675774,12.6999802762093,-15.2481798635789));
#2391=CARTESIAN_POINT('Ctrl Pts',(-7.94053599356371,12.6999802762093,-15.3309811619553));
#2392=CARTESIAN_POINT('Ctrl Pts',(-7.89139487574465,12.6999802762093,-15.4145220277415));
#2393=CARTESIAN_POINT('Ctrl Pts',(-7.84089096419874,12.6999802762093,-15.49732523098));
#2394=CARTESIAN_POINT('Ctrl Pts',(-7.78904721025265,12.6999802762093,-15.579364358303));
#2395=CARTESIAN_POINT('Ctrl Pts',(-7.76498027921287,12.6999802762093,-15.6174485993072));
#2396=CARTESIAN_POINT('Ctrl Pts',(-7.74062459580187,12.6999802762093,-15.6553681673501));
#2397=CARTESIAN_POINT('Ctrl Pts',(-7.71598237783527,12.6999802762093,-15.6931203440479));
#2398=CARTESIAN_POINT('Ctrl Pts',(-7.70103657301,12.6999802762093,-15.7160174982496));
#2399=CARTESIAN_POINT('Ctrl Pts',(-7.68598487636943,12.6999802762093,-15.7388537327884));
#2400=CARTESIAN_POINT('Ctrl Pts',(-7.67083695082353,12.6999802762093,-15.7616148671993));
#2401=CARTESIAN_POINT('Ctrl Pts',(-7.54142738989448,12.6999802762093,-15.9560644901152));
#2402=CARTESIAN_POINT('Ctrl Pts',(-7.40484600595054,12.6999802762093,-16.1452705292004));
#2403=CARTESIAN_POINT('Ctrl Pts',(-7.26153353358415,12.6999802762093,-16.328941808291));
#2404=CARTESIAN_POINT('Ctrl Pts',(-7.11647628287401,12.6999802762093,-16.5148492198327));
#2405=CARTESIAN_POINT('Ctrl Pts',(-6.96452268193858,12.6999802762093,-16.6950867864489));
#2406=CARTESIAN_POINT('Ctrl Pts',(-6.806081681205,12.6999802762093,-16.8693291666399));
#2407=CARTESIAN_POINT('Ctrl Pts',(-6.6468311980374,12.6999802762093,-17.0444617592466));
#2408=CARTESIAN_POINT('Ctrl Pts',(-6.48102642472579,12.6999802762093,-17.2135382532867));
#2409=CARTESIAN_POINT('Ctrl Pts',(-6.30904046340408,12.6999802762093,-17.3761972232554));
#2410=CARTESIAN_POINT('Ctrl Pts',(-6.13792812150968,12.6999802762093,-17.538029951157));
#2411=CARTESIAN_POINT('Ctrl Pts',(-5.96069674317753,12.6999802762093,-17.6935106362505));
#2412=CARTESIAN_POINT('Ctrl Pts',(-5.77767912741897,12.6999802762093,-17.8422455986472));
#2413=CARTESIAN_POINT('Ctrl Pts',(-5.60731747629309,12.6999802762093,-17.9806952974317));
#2414=CARTESIAN_POINT('Ctrl Pts',(-5.43194155443595,12.6999802762093,-18.1132999233356));
#2415=CARTESIAN_POINT('Ctrl Pts',(-5.25179803032678,12.6999802762093,-18.2397070858253));
#2416=CARTESIAN_POINT('Ctrl Pts',(-5.22822611463117,12.6999802762093,-18.256247558164));
#2417=CARTESIAN_POINT('Ctrl Pts',(-5.20457254307122,12.6999802762093,-18.2726818664119));
#2418=CARTESIAN_POINT('Ctrl Pts',(-5.18083784625444,12.6999802762093,-18.2890091734514));
#2419=CARTESIAN_POINT('Ctrl Pts',(-5.15956169658715,12.6999802762093,-18.3036452242473));
#2420=CARTESIAN_POINT('Ctrl Pts',(-5.13822455977649,12.6999802762093,-18.3181923766581));
#2421=CARTESIAN_POINT('Ctrl Pts',(-5.11683320465365,12.6999802762093,-18.332645933712));
#2422=CARTESIAN_POINT('Ctrl Pts',(-4.97971805729565,12.6999802762093,-18.4252909108023));
#2423=CARTESIAN_POINT('Ctrl Pts',(-4.84029767655784,12.6999802762093,-18.5141450639105));
#2424=CARTESIAN_POINT('Ctrl Pts',(-4.69870639444744,12.6999802762093,-18.5990987528537));
#2425=CARTESIAN_POINT('Ctrl Pts',(-4.49710538054279,12.6999802762093,-18.7200578230071));
#2426=CARTESIAN_POINT('Ctrl Pts',(-4.29110469816906,12.6999802762093,-18.8331116449613));
#2427=CARTESIAN_POINT('Ctrl Pts',(-4.08123140022332,12.6999802762093,-18.9381977670056));
#2428=CARTESIAN_POINT('Ctrl Pts',(-3.86923659748019,12.6999802762093,-19.0443461523975));
#2429=CARTESIAN_POINT('Ctrl Pts',(-3.65328991222402,12.6999802762093,-19.1423652034704));
#2430=CARTESIAN_POINT('Ctrl Pts',(-3.43390459874183,12.6999802762093,-19.2321462640907));
#2431=CARTESIAN_POINT('Ctrl Pts',(-3.21386702614751,12.6999802762093,-19.3221942546799));
#2432=CARTESIAN_POINT('Ctrl Pts',(-2.99036971901278,12.6999802762093,-19.4039554255716));
#2433=CARTESIAN_POINT('Ctrl Pts',(-2.76390971752949,12.6999802762093,-19.477272187263));
#2434=CARTESIAN_POINT('Ctrl Pts',(-2.56151335294242,12.6999802762093,-19.5427983107835));
#2435=CARTESIAN_POINT('Ctrl Pts',(-2.35674988309949,12.6999802762093,-19.601578747109));
#2436=CARTESIAN_POINT('Ctrl Pts',(-2.1499663549881,12.6999802762093,-19.6534664452671));
#2437=CARTESIAN_POINT('Ctrl Pts',(-2.07075717137763,12.6999802762093,-19.6733422170371));
#2438=CARTESIAN_POINT('Ctrl Pts',(-1.99125153877648,12.6999802762093,-19.6922062658332));
#2439=CARTESIAN_POINT('Ctrl Pts',(-1.91146885982397,12.6999802762093,-19.7100489957855));
#2440=CARTESIAN_POINT('Ctrl Pts',(-1.88367559742789,12.6999802762093,-19.7162647268431));
#2441=CARTESIAN_POINT('Ctrl Pts',(-1.85584684643154,12.6999802762093,-19.722356906841));
#2442=CARTESIAN_POINT('Ctrl Pts',(-1.82798934027478,12.6999802762093,-19.7283238448675));
#2443=CARTESIAN_POINT('Ctrl Pts',(-1.5941863635553,12.6999802762093,-19.7784032692299));
#2444=CARTESIAN_POINT('Ctrl Pts',(-1.35887999634325,12.6999802762093,-19.8195544919866));
#2445=CARTESIAN_POINT('Ctrl Pts',(-1.12258731263332,12.6999802762093,-19.851679815818));
#2446=CARTESIAN_POINT('Ctrl Pts',(-0.886158297025822,12.6999802762093,-19.8838236747403));
#2447=CARTESIAN_POINT('Ctrl Pts',(-0.648741180343031,12.6999802762093,-19.9069314103789));
#2448=CARTESIAN_POINT('Ctrl Pts',(-0.410837962489818,12.6999802762093,-19.920855777078));
#2449=CARTESIAN_POINT('Ctrl Pts',(-0.359257271426636,12.6999802762093,-19.9238747713709));
#2450=CARTESIAN_POINT('Ctrl Pts',(-0.307653690845999,12.6999802762093,-19.9264618813946));
#2451=CARTESIAN_POINT('Ctrl Pts',(-0.256032284077446,12.6999802762093,-19.9286152864075));
#2452=CARTESIAN_POINT('Ctrl Pts',(-0.0180701424209717,12.6999802762093,
-19.9385419602587));
#2453=CARTESIAN_POINT('Ctrl Pts',(0.220270796700978,12.6999802762093,-19.9392566530254));
#2454=CARTESIAN_POINT('Ctrl Pts',(0.458493405947042,12.6999802762093,-19.930892341091));
#2455=CARTESIAN_POINT('Ctrl Pts',(0.625087528975532,12.6999802762093,-19.9250430003594));
#2456=CARTESIAN_POINT('Ctrl Pts',(0.791623880756304,12.6999802762093,-19.9147524564021));
#2457=CARTESIAN_POINT('Ctrl Pts',(0.957931095099228,12.6999802762093,-19.9000511250097));
#2458=CARTESIAN_POINT('Ctrl Pts',(1.03069050137426,12.6999802762093,-19.8936192925255));
#2459=CARTESIAN_POINT('Ctrl Pts',(1.10340602256532,12.6999802762093,-19.8863430500997));
#2460=CARTESIAN_POINT('Ctrl Pts',(1.1760631473115,12.6999802762093,-19.8782242151233));
#2461=CARTESIAN_POINT('Ctrl Pts',(1.20824045922389,12.6999802762093,-19.8746286656667));
#2462=CARTESIAN_POINT('Ctrl Pts',(1.24040631628484,12.6999802762093,-19.8708678530979));
#2463=CARTESIAN_POINT('Ctrl Pts',(1.27255944989218,12.6999802762093,-19.8669419077766));
#2464=CARTESIAN_POINT('Ctrl Pts',(1.30017549448823,12.6999802762093,-19.8635699477555));
#2465=CARTESIAN_POINT('Ctrl Pts',(1.32778076725567,12.6999802762093,-19.8600763034546));
#2466=CARTESIAN_POINT('Ctrl Pts',(1.35536244018625,12.6999802762093,-19.8564627667552));
#2467=CARTESIAN_POINT('Ctrl Pts',(1.59166278807872,12.6999802762093,-19.825504529329));
#2468=CARTESIAN_POINT('Ctrl Pts',(1.8264705494421,12.6999802762093,-19.7857218590181));
#2469=CARTESIAN_POINT('Ctrl Pts',(2.05929738757814,12.6999802762093,-19.7372997181516));
#2470=CARTESIAN_POINT('Ctrl Pts',(2.29417543790802,12.6999802762093,-19.6884509766123));
#2471=CARTESIAN_POINT('Ctrl Pts',(2.52703815771555,12.6999802762093,-19.6308097993771));
#2472=CARTESIAN_POINT('Ctrl Pts',(2.75738245310653,12.6999802762093,-19.5645133944071));
#2473=CARTESIAN_POINT('Ctrl Pts',(2.98717378776152,12.6999802762093,-19.498376139499));
#2474=CARTESIAN_POINT('Ctrl Pts',(3.21445942202446,12.6999802762093,-19.4236250103416));
#2475=CARTESIAN_POINT('Ctrl Pts',(3.43872841536384,12.6999802762093,-19.3403458133151));
#2476=CARTESIAN_POINT('Ctrl Pts',(3.66013472372802,12.6999802762093,-19.2581296348653));
#2477=CARTESIAN_POINT('Ctrl Pts',(3.87860149572422,12.6999802762093,-19.1676014976183));
#2478=CARTESIAN_POINT('Ctrl Pts',(4.09361683369512,12.6999802762093,-19.0687976167577));
#2479=CARTESIAN_POINT('Ctrl Pts',(4.16754413155498,12.6999802762093,-19.0348265335828));
#2480=CARTESIAN_POINT('Ctrl Pts',(4.24106320208794,12.6999802762093,-18.9998767451368));
#2481=CARTESIAN_POINT('Ctrl Pts',(4.31415248419563,12.6999802762093,-18.9639485019094));
#2482=CARTESIAN_POINT('Ctrl Pts',(-6.71601368435926,15.2999802762093,-17.2179349634767));
#2483=CARTESIAN_POINT('Ctrl Pts',(-6.88346556738341,15.2999802762093,-17.0456748990483));
#2484=CARTESIAN_POINT('Ctrl Pts',(-7.04418369734048,15.2999802762093,-16.8674143298542));
#2485=CARTESIAN_POINT('Ctrl Pts',(-7.19783289787768,15.2999802762093,-16.6835516851981));
#2486=CARTESIAN_POINT('Ctrl Pts',(-7.35524384921181,15.2999802762093,-16.4951875823657));
#2487=CARTESIAN_POINT('Ctrl Pts',(-7.505236157951,15.2999802762093,-16.30094336623));
#2488=CARTESIAN_POINT('Ctrl Pts',(-7.64740951405269,15.2999802762093,-16.1012073480142));
#2489=CARTESIAN_POINT('Ctrl Pts',(-7.78958287015438,15.2999802762093,-15.9014713297983));
#2490=CARTESIAN_POINT('Ctrl Pts',(-7.92393779729891,15.2999802762093,-15.6962429714691));
#2491=CARTESIAN_POINT('Ctrl Pts',(-8.05002585379968,15.2999802762093,-15.4858780989668));
#2492=CARTESIAN_POINT('Ctrl Pts',(-8.15067136293721,15.2999802762093,-15.3179614835061));
#2493=CARTESIAN_POINT('Ctrl Pts',(-8.24604866733413,15.2999802762093,-15.1467713213527));
#2494=CARTESIAN_POINT('Ctrl Pts',(-8.33606503451333,15.2999802762093,-14.9725769423069));
#2495=CARTESIAN_POINT('Ctrl Pts',(-8.37544719515422,15.2999802762093,-14.8963669014744));
#2496=CARTESIAN_POINT('Ctrl Pts',(-8.41380295492132,15.2999802762093,-14.8195817376616));
#2497=CARTESIAN_POINT('Ctrl Pts',(-8.45112319862488,15.2999802762093,-14.7422436296332));
#2498=CARTESIAN_POINT('Ctrl Pts',(-8.46565329201013,15.2999802762093,-14.7121331635597));
#2499=CARTESIAN_POINT('Ctrl Pts',(-8.48002641073943,15.2999802762093,-14.6819388791426));
#2500=CARTESIAN_POINT('Ctrl Pts',(-8.49424198230015,15.2999802762093,-14.6516620787257));
#2501=CARTESIAN_POINT('Ctrl Pts',(-8.50634509250986,15.2999802762093,-14.6258844692445));
#2502=CARTESIAN_POINT('Ctrl Pts',(-8.51833391217338,15.2999802762093,-14.600047131804));
#2503=CARTESIAN_POINT('Ctrl Pts',(-8.53020228652323,15.2999802762093,-14.5741638110371));
#2504=CARTESIAN_POINT('Ctrl Pts',(-8.62928488516255,15.2999802762093,-14.3580780517411));
#2505=CARTESIAN_POINT('Ctrl Pts',(-8.72008306677839,15.2999802762093,-14.1385644922201));
#2506=CARTESIAN_POINT('Ctrl Pts',(-8.80251517006534,15.2999802762093,-13.9161405591759));
#2507=CARTESIAN_POINT('Ctrl Pts',(-8.88824234745987,15.2999802762093,-13.6848256320474));
#2508=CARTESIAN_POINT('Ctrl Pts',(-8.9649217720449,15.2999802762093,-13.4503624416796));
#2509=CARTESIAN_POINT('Ctrl Pts',(-9.03240832517064,15.2999802762093,-13.2133078527203));
#2510=CARTESIAN_POINT('Ctrl Pts',(-9.09752988509803,15.2999802762093,-12.9845605852134));
#2511=CARTESIAN_POINT('Ctrl Pts',(-9.15409147458679,15.2999802762093,-12.7533996142594));
#2512=CARTESIAN_POINT('Ctrl Pts',(-9.20191207575592,15.2999802762093,-12.5203125729703));
#2513=CARTESIAN_POINT('Ctrl Pts',(-9.2492921683743,15.2999802762093,-12.2893726572348));
#2514=CARTESIAN_POINT('Ctrl Pts',(-9.28809167538396,15.2999802762093,-12.0565413745689));
#2515=CARTESIAN_POINT('Ctrl Pts',(-9.3180836933761,15.2999802762093,-11.8222902019836));
#2516=CARTESIAN_POINT('Ctrl Pts',(-9.32591891086951,15.2999802762093,-11.7610936234215));
#2517=CARTESIAN_POINT('Ctrl Pts',(-9.33315275726664,15.2999802762093,-11.6998001524687));
#2518=CARTESIAN_POINT('Ctrl Pts',(-9.33978059346214,15.2999802762093,-11.6384182437143));
#2519=CARTESIAN_POINT('Ctrl Pts',(-9.34292375255216,15.2999802762093,-11.6093087276108));
#2520=CARTESIAN_POINT('Ctrl Pts',(-9.34593069050474,15.2999802762093,-11.580178122433));
#2521=CARTESIAN_POINT('Ctrl Pts',(-9.34879930296486,15.2999802762093,-11.5510448202981));
#2522=CARTESIAN_POINT('Ctrl Pts',(-9.36601275025011,15.2999802762093,-11.3762270059314));
#2523=CARTESIAN_POINT('Ctrl Pts',(-9.37826278907266,15.2999802762093,-11.2011687967953));
#2524=CARTESIAN_POINT('Ctrl Pts',(-9.3855048432676,15.2999802762093,-11.0260684952354));
#2525=CARTESIAN_POINT('Ctrl Pts',(-9.39525970203353,15.2999802762093,-10.7902129402216));
#2526=CARTESIAN_POINT('Ctrl Pts',(-9.39593054985204,15.2999802762093,-10.5542809557202));
#2527=CARTESIAN_POINT('Ctrl Pts',(-9.38769645563998,15.2999802762093,-10.3187666176848));
#2528=CARTESIAN_POINT('Ctrl Pts',(-9.37939663390852,15.2999802762093,-10.0813723189853));
#2529=CARTESIAN_POINT('Ctrl Pts',(-9.36204905186157,15.2999802762093,-9.84440171155593));
#2530=CARTESIAN_POINT('Ctrl Pts',(-9.33578396890974,15.2999802762093,-9.60836025986582));
#2531=CARTESIAN_POINT('Ctrl Pts',(-9.30950796140615,15.2999802762093,-9.37222063041389));
#2532=CARTESIAN_POINT('Ctrl Pts',(-9.27430689177781,15.2999802762093,-9.13701027221304));
#2533=CARTESIAN_POINT('Ctrl Pts',(-9.23026002835972,15.2999802762093,-8.9032445799071));
#2534=CARTESIAN_POINT('Ctrl Pts',(-9.19115622181319,15.2999802762093,-8.69571269909235));
#2535=CARTESIAN_POINT('Ctrl Pts',(-9.14507984292766,15.2999802762093,-8.48931925341789));
#2536=CARTESIAN_POINT('Ctrl Pts',(-9.09205390010843,15.2999802762093,-8.28443731645577));
#2537=CARTESIAN_POINT('Ctrl Pts',(-9.07101231985863,15.2999802762093,-8.20313673999981));
#2538=CARTESIAN_POINT('Ctrl Pts',(-9.04887610592279,15.2999802762093,-8.12207433279212));
#2539=CARTESIAN_POINT('Ctrl Pts',(-9.02564540413682,15.2999802762093,-8.04127412278267));
#2540=CARTESIAN_POINT('Ctrl Pts',(-9.01572183429021,15.2999802762093,-8.00675831111942));
#2541=CARTESIAN_POINT('Ctrl Pts',(-9.00559707944216,15.2999802762093,-7.97228570230649));
#2542=CARTESIAN_POINT('Ctrl Pts',(-8.99527992315502,15.2999802762093,-7.93788696088902));
#2543=CARTESIAN_POINT('Ctrl Pts',(-8.92710451366131,15.2999802762093,-7.71058127539435));
#2544=CARTESIAN_POINT('Ctrl Pts',(-8.8504721929938,15.2999802762093,-7.48628337567486));
#2545=CARTESIAN_POINT('Ctrl Pts',(-8.76553340743559,15.2999802762093,-7.26548235472871));
#2546=CARTESIAN_POINT('Ctrl Pts',(-8.680621699028,15.2999802762093,-7.04475172167968));
#2547=CARTESIAN_POINT('Ctrl Pts',(-8.5874086532878,15.2999802762093,-6.82751509331912));
#2548=CARTESIAN_POINT('Ctrl Pts',(-8.48599426974556,15.2999802762093,-6.61427355865258));
#2549=CARTESIAN_POINT('Ctrl Pts',(-8.46844248981728,15.2999802762093,-6.57736786187362));
#2550=CARTESIAN_POINT('Ctrl Pts',(-8.45064493524464,15.2999802762093,-6.54058187481247));
#2551=CARTESIAN_POINT('Ctrl Pts',(-8.43260197700022,15.2999802762093,-6.50391825509585));
#2552=CARTESIAN_POINT('Ctrl Pts',(-8.32822875446605,15.2999802762093,-6.29182996626023));
#2553=CARTESIAN_POINT('Ctrl Pts',(-8.215647279647,15.2999802762093,-6.08383424019775));
#2554=CARTESIAN_POINT('Ctrl Pts',(-8.09521149938316,15.2999802762093,-5.88031780087286));
#2555=CARTESIAN_POINT('Ctrl Pts',(-7.97478027536159,15.2999802762093,-5.67680906083966));
#2556=CARTESIAN_POINT('Ctrl Pts',(-7.84649490025105,15.2999802762093,-5.47777875456308));
#2557=CARTESIAN_POINT('Ctrl Pts',(-7.71066803603002,15.2999802762093,-5.28364520770672));
#2558=CARTESIAN_POINT('Ctrl Pts',(-7.63379834868371,15.2999802762093,-5.17377750858945));
#2559=CARTESIAN_POINT('Ctrl Pts',(-7.55451251124474,15.2999802762093,-5.06547879263939));
#2560=CARTESIAN_POINT('Ctrl Pts',(-7.4728621524059,15.2999802762093,-4.95883033743206));
#2561=CARTESIAN_POINT('Ctrl Pts',(-7.44558961147225,15.2999802762093,-4.92320802784866));
#2562=CARTESIAN_POINT('Ctrl Pts',(-7.4180532406862,15.2999802762093,-4.88776986801351));
#2563=CARTESIAN_POINT('Ctrl Pts',(-7.39025488299491,15.2999802762093,-4.85251899641795));
#2564=CARTESIAN_POINT('Ctrl Pts',(-7.37462592193087,15.2999802762093,-4.83270003783922));
#2565=CARTESIAN_POINT('Ctrl Pts',(-7.3589141465881,15.2999802762093,-4.81294028174565));
#2566=CARTESIAN_POINT('Ctrl Pts',(-7.34311987917935,15.2999802762093,-4.79324029392267));
#2567=CARTESIAN_POINT('Ctrl Pts',(-7.32633223322456,15.2999802762093,-4.77230127773871));
#2568=CARTESIAN_POINT('Ctrl Pts',(-7.30945747490269,15.2999802762093,-4.75143738155416));
#2569=CARTESIAN_POINT('Ctrl Pts',(-7.29249762995415,15.2999802762093,-4.73065087999522));
#2570=CARTESIAN_POINT('Ctrl Pts',(-7.1431482140173,15.2999802762093,-4.54760369550632));
#2571=CARTESIAN_POINT('Ctrl Pts',(-6.9871682310959,15.2999802762093,-4.37051091448402));
#2572=CARTESIAN_POINT('Ctrl Pts',(-6.824942120104,15.2999802762093,-4.19972629183627));
#2573=CARTESIAN_POINT('Ctrl Pts',(-6.66239586561626,15.2999802762093,-4.02860463598347));
#2574=CARTESIAN_POINT('Ctrl Pts',(-6.49357835842862,15.2999802762093,-3.86381555239259));
#2575=CARTESIAN_POINT('Ctrl Pts',(-6.31883424112876,15.2999802762093,-3.70574604701306));
#2576=CARTESIAN_POINT('Ctrl Pts',(-6.14547590995495,15.2999802762093,-3.54893009185822));
#2577=CARTESIAN_POINT('Ctrl Pts',(-5.96628411363283,15.2999802762093,-3.39872712067386));
#2578=CARTESIAN_POINT('Ctrl Pts',(-5.78156102806433,15.2999802762093,-3.25555261864453));
#2579=CARTESIAN_POINT('Ctrl Pts',(-5.67452130168495,15.2999802762093,-3.17258865409967));
#2580=CARTESIAN_POINT('Ctrl Pts',(-5.56562370860939,15.2999802762093,-3.09198540390116));
#2581=CARTESIAN_POINT('Ctrl Pts',(-5.45492265267486,15.2999802762093,-3.01383044762407));
#2582=CARTESIAN_POINT('Ctrl Pts',(-5.29850203735508,15.2999802762093,-2.90339747796582));
#2583=CARTESIAN_POINT('Ctrl Pts',(-5.13848090860616,15.2999802762093,-2.79785182727393));
#2584=CARTESIAN_POINT('Ctrl Pts',(-4.9751102556167,15.2999802762093,-2.69730688178073));
#2585=CARTESIAN_POINT('Ctrl Pts',(-4.90363559493381,15.2999802762093,-2.65331846812745));
#2586=CARTESIAN_POINT('Ctrl Pts',(-4.8315197079827,15.2999802762093,-2.61028749393764));
#2587=CARTESIAN_POINT('Ctrl Pts',(-4.75878319002894,15.2999802762093,-2.56822475881949));
#2588=CARTESIAN_POINT('Ctrl Pts',(-4.70891440730472,15.2999802762093,-2.53938618560476));
#2589=CARTESIAN_POINT('Ctrl Pts',(-4.6587538863815,15.2999802762093,-2.51100275868908));
#2590=CARTESIAN_POINT('Ctrl Pts',(-4.60830821355935,15.2999802762093,-2.48307818182221));
#2591=CARTESIAN_POINT('Ctrl Pts',(-4.58523509445508,15.2999802762093,-2.4703058853706));
#2592=CARTESIAN_POINT('Ctrl Pts',(-4.56210722274866,15.2999802762093,-2.45763232218234));
#2593=CARTESIAN_POINT('Ctrl Pts',(-4.53893208526189,15.2999802762093,-2.44506134139337));
#2594=CARTESIAN_POINT('Ctrl Pts',(-4.33391130102738,15.2999802762093,-2.33385111269802));
#2595=CARTESIAN_POINT('Ctrl Pts',(-4.12503221688193,15.2999802762093,-2.23057600779587));
#2596=CARTESIAN_POINT('Ctrl Pts',(-3.91279927370207,15.2999802762093,-2.13534016026568));
#2597=CARTESIAN_POINT('Ctrl Pts',(-3.69808156544406,15.2999802762093,-2.03898931755809));
#2598=CARTESIAN_POINT('Ctrl Pts',(-3.47993042024377,15.2999802762093,-1.95086677730838));
#2599=CARTESIAN_POINT('Ctrl Pts',(-3.25884048165975,15.2999802762093,-1.87112591494656));
#2600=CARTESIAN_POINT('Ctrl Pts',(-3.03850698905585,15.2999802762093,-1.7916578811683));
#2601=CARTESIAN_POINT('Ctrl Pts',(-2.81525413648977,15.2999802762093,-1.72051407408891));
#2602=CARTESIAN_POINT('Ctrl Pts',(-2.58955346639758,15.2999802762093,-1.65789480817143));
#2603=CARTESIAN_POINT('Ctrl Pts',(-2.36269048755299,15.2999802762093,-1.59495306682305));
#2604=CARTESIAN_POINT('Ctrl Pts',(-2.13335378743459,15.2999802762093,-1.54062360988377));
#2605=CARTESIAN_POINT('Ctrl Pts',(-1.90201347235443,15.2999802762093,-1.49516263692034));
#2606=CARTESIAN_POINT('Ctrl Pts',(-1.67067315727426,15.2999802762093,-1.4497016639569));
#2607=CARTESIAN_POINT('Ctrl Pts',(-1.43732858589184,15.2999802762093,-1.41310892233664));
#2608=CARTESIAN_POINT('Ctrl Pts',(-1.20245067058527,15.2999802762093,-1.38569719812896));
#2609=CARTESIAN_POINT('Origin',(0.,16.0999802762093,-10.500019843));
#2610=CARTESIAN_POINT('Origin',(0.,12.6999802762093,-10.500019843));
#2611=CARTESIAN_POINT('Origin',(0.,21.1999802762093,-10.500019843));
#2612=CARTESIAN_POINT('',(11.0865543901354,15.2999802762093,-15.0922210313811));
#2613=CARTESIAN_POINT('Origin',(0.,15.2999802762093,-10.500019843));
#2614=CARTESIAN_POINT('',(11.0865543901354,15.6999802762093,-15.0922210313811));
#2615=CARTESIAN_POINT('',(11.0865543901354,21.1999802762093,-15.0922210313811));
#2616=CARTESIAN_POINT('',(11.7191066953975,17.7999802668381,-13.081209154517));
#2617=CARTESIAN_POINT('Ctrl Pts',(11.7191066953975,17.7999802668381,-13.081209154517));
#2618=CARTESIAN_POINT('Ctrl Pts',(11.7191066951399,17.5357095566954,-13.0812091556867));
#2619=CARTESIAN_POINT('Ctrl Pts',(11.7078923323438,17.2542047353226,-13.1338509282386));
#2620=CARTESIAN_POINT('Ctrl Pts',(11.658273468681,16.7369745806537,-13.3454492698214));
#2621=CARTESIAN_POINT('Ctrl Pts',(11.6193903976231,16.5012013793509,-13.5041762482003));
#2622=CARTESIAN_POINT('Ctrl Pts',(11.5198140524459,16.1289167516792,-13.865888352817));
#2623=CARTESIAN_POINT('Ctrl Pts',(11.4523620528206,15.9673874860491,-14.0931507024195));
#2624=CARTESIAN_POINT('Ctrl Pts',(11.2865280095384,15.7529043436408,-14.5843155532032));
#2625=CARTESIAN_POINT('Ctrl Pts',(11.1876831204126,15.6999802762093,-14.8480746792004));
#2626=CARTESIAN_POINT('Ctrl Pts',(11.0865543901354,15.6999802762093,-15.0922210313811));
#2627=CARTESIAN_POINT('',(11.0865543901354,19.8999802762093,-15.0922210313811));
#2628=CARTESIAN_POINT('Ctrl Pts',(11.0865543901354,19.8999802762093,-15.0922210313811));
#2629=CARTESIAN_POINT('Ctrl Pts',(11.1876831204126,19.8999802762093,-14.8480746792004));
#2630=CARTESIAN_POINT('Ctrl Pts',(11.2865280095384,19.8470562087778,-14.5843155532032));
#2631=CARTESIAN_POINT('Ctrl Pts',(11.4523620528206,19.6325730663695,-14.0931507024195));
#2632=CARTESIAN_POINT('Ctrl Pts',(11.5198140524459,19.4710438007394,-13.865888352817));
#2633=CARTESIAN_POINT('Ctrl Pts',(11.6193903976231,19.0987591730677,-13.5041762482003));
#2634=CARTESIAN_POINT('Ctrl Pts',(11.658273468681,18.8629859717649,-13.3454492698214));
#2635=CARTESIAN_POINT('Ctrl Pts',(11.7078923323438,18.345755817096,-13.1338509282386));
#2636=CARTESIAN_POINT('Ctrl Pts',(11.7191066953975,18.0642509863519,-13.081209154517));
#2637=CARTESIAN_POINT('Ctrl Pts',(11.7191066953975,17.7999802762093,-13.081209154517));
#2638=CARTESIAN_POINT('',(11.0865543901354,20.5999802762093,-15.0922210313811));
#2639=CARTESIAN_POINT('',(11.0865543901354,21.1999802762093,-15.0922210313811));
#2640=CARTESIAN_POINT('Origin',(0.,20.5999802762093,-10.500019843));
#2641=CARTESIAN_POINT('',(10.1118362794641,17.7999802762093,-16.9615031910644));
#2642=CARTESIAN_POINT('Ctrl Pts',(10.1118362794641,17.7999802762093,-16.9615031910644));
#2643=CARTESIAN_POINT('Ctrl Pts',(10.1118362794641,18.0642509863519,-16.9615031910644));
#2644=CARTESIAN_POINT('Ctrl Pts',(10.1411298824744,18.345755817096,-16.9163500837302));
#2645=CARTESIAN_POINT('Ctrl Pts',(10.2556666697247,18.8629859717649,-16.7316416265384));
#2646=CARTESIAN_POINT('Ctrl Pts',(10.3404091092753,19.0987591730677,-16.591910220551));
#2647=CARTESIAN_POINT('Ctrl Pts',(10.5257670823665,19.4710438007394,-16.2657300296187));
#2648=CARTESIAN_POINT('Ctrl Pts',(10.6387700645391,19.6325730663695,-16.0573355147668));
#2649=CARTESIAN_POINT('Ctrl Pts',(10.8688136846524,19.8470562087778,-15.5927671415407));
#2650=CARTESIAN_POINT('Ctrl Pts',(10.9854256598583,19.8999802762093,-15.3363673835617));
#2651=CARTESIAN_POINT('Ctrl Pts',(11.0865543901354,19.8999802762093,-15.0922210313811));
#2652=CARTESIAN_POINT('Ctrl Pts',(11.0865543901354,15.6999802762093,-15.0922210313811));
#2653=CARTESIAN_POINT('Ctrl Pts',(10.9854256598583,15.6999802762093,-15.3363673835617));
#2654=CARTESIAN_POINT('Ctrl Pts',(10.8688136846524,15.7529043436408,-15.5927671415407));
#2655=CARTESIAN_POINT('Ctrl Pts',(10.6387700645391,15.9673874860491,-16.0573355147668));
#2656=CARTESIAN_POINT('Ctrl Pts',(10.5257670823665,16.1289167516792,-16.2657300296187));
#2657=CARTESIAN_POINT('Ctrl Pts',(10.3404091092753,16.5012013793509,-16.591910220551));
#2658=CARTESIAN_POINT('Ctrl Pts',(10.2556666697247,16.7369745806537,-16.7316416265384));
#2659=CARTESIAN_POINT('Ctrl Pts',(10.1411298824744,17.2542047353226,-16.9163500837302));
#2660=CARTESIAN_POINT('Ctrl Pts',(10.1118362794641,17.5357095660667,-16.9615031910644));
#2661=CARTESIAN_POINT('Ctrl Pts',(10.1118362794641,17.7999802762093,-16.9615031910644));
#2662=CARTESIAN_POINT('',(-11.0865543901354,19.8999802762093,-5.90781865461877));
#2663=CARTESIAN_POINT('',(-10.1118362794641,17.7999802762093,-4.03853649493564));
#2664=CARTESIAN_POINT('Ctrl Pts',(-10.1118362794641,17.7999802762093,-4.03853649493564));
#2665=CARTESIAN_POINT('Ctrl Pts',(-10.1118362794641,17.5357095660667,-4.03853649493564));
#2666=CARTESIAN_POINT('Ctrl Pts',(-10.1411298824744,17.2542047353226,-4.08368960226981));
#2667=CARTESIAN_POINT('Ctrl Pts',(-10.2556666697247,16.7369745806537,-4.26839805946159));
#2668=CARTESIAN_POINT('Ctrl Pts',(-10.3404091092753,16.5012013793509,-4.40812946544899));
#2669=CARTESIAN_POINT('Ctrl Pts',(-10.5257670823665,16.1289167516792,-4.73430965638128));
#2670=CARTESIAN_POINT('Ctrl Pts',(-10.6387700645391,15.9673874860491,-4.94270417123322));
#2671=CARTESIAN_POINT('Ctrl Pts',(-10.8688136846524,15.7529043436408,-5.40727254445931));
#2672=CARTESIAN_POINT('Ctrl Pts',(-10.9854256598583,15.6999802762093,-5.66367230243826));
#2673=CARTESIAN_POINT('Ctrl Pts',(-11.1876831204126,15.6999802762093,-6.15196500679959));
#2674=CARTESIAN_POINT('Ctrl Pts',(-11.2865280095384,15.7529043436408,-6.41572413279677));
#2675=CARTESIAN_POINT('Ctrl Pts',(-11.4523620528206,15.9673874860491,-6.90688898358052));
#2676=CARTESIAN_POINT('Ctrl Pts',(-11.5198140524459,16.1289167516792,-7.13415133318299));
#2677=CARTESIAN_POINT('Ctrl Pts',(-11.6193903976231,16.5012013793509,-7.49586343779967));
#2678=CARTESIAN_POINT('Ctrl Pts',(-11.658273468681,16.7369745806537,-7.65459041617865));
#2679=CARTESIAN_POINT('Ctrl Pts',(-11.7078923323438,17.2542047353226,-7.86618875776145));
#2680=CARTESIAN_POINT('Ctrl Pts',(-11.7191066953975,17.5357095660667,-7.91883053148304));
#2681=CARTESIAN_POINT('Ctrl Pts',(-11.7191066953975,18.0642509863519,-7.91883053148304));
#2682=CARTESIAN_POINT('Ctrl Pts',(-11.7078923323438,18.345755817096,-7.86618875776145));
#2683=CARTESIAN_POINT('Ctrl Pts',(-11.658273468681,18.8629859717649,-7.65459041617865));
#2684=CARTESIAN_POINT('Ctrl Pts',(-11.6193903976231,19.0987591730677,-7.49586343779968));
#2685=CARTESIAN_POINT('Ctrl Pts',(-11.5198140524459,19.4710438007394,-7.13415133318299));
#2686=CARTESIAN_POINT('Ctrl Pts',(-11.4523620528206,19.6325730663695,-6.90688898358052));
#2687=CARTESIAN_POINT('Ctrl Pts',(-11.2865280095384,19.8470562087778,-6.41572413279677));
#2688=CARTESIAN_POINT('Ctrl Pts',(-11.1876831204126,19.8999802762093,-6.15196500679959));
#2689=CARTESIAN_POINT('Ctrl Pts',(-11.0865543901354,19.8999802762093,-5.90781865461893));
#2690=CARTESIAN_POINT('Ctrl Pts',(-11.0865543901354,19.8999802762093,-5.90781865461893));
#2691=CARTESIAN_POINT('Ctrl Pts',(-10.9854256598583,19.8999802762093,-5.66367230243826));
#2692=CARTESIAN_POINT('Ctrl Pts',(-10.8688136846524,19.8470562087778,-5.40727254445932));
#2693=CARTESIAN_POINT('Ctrl Pts',(-10.6387700645391,19.6325730663695,-4.94270417123322));
#2694=CARTESIAN_POINT('Ctrl Pts',(-10.5257670823665,19.4710438007394,-4.73430965638128));
#2695=CARTESIAN_POINT('Ctrl Pts',(-10.3404091092753,19.0987591730677,-4.40812946544899));
#2696=CARTESIAN_POINT('Ctrl Pts',(-10.2556666697247,18.8629859717649,-4.26839805946159));
#2697=CARTESIAN_POINT('Ctrl Pts',(-10.1411298824744,18.345755817096,-4.08368960226981));
#2698=CARTESIAN_POINT('Ctrl Pts',(-10.1118362794641,18.0642509863519,-4.03853649493564));
#2699=CARTESIAN_POINT('Ctrl Pts',(-10.1118362794641,17.7999802762093,-4.03853649493564));
#2700=CARTESIAN_POINT('',(2.58118931151696,17.7999802668381,1.2190868523975));
#2701=CARTESIAN_POINT('',(6.46148334806437,17.7999802762093,-0.388183563535877));
#2702=CARTESIAN_POINT('Ctrl Pts',(2.58118931151696,17.7999802668381,1.2190868523975));
#2703=CARTESIAN_POINT('Ctrl Pts',(2.58118931268671,17.5357095566954,1.21908685213986));
#2704=CARTESIAN_POINT('Ctrl Pts',(2.63383108523855,17.2542047353226,1.20787248934381));
#2705=CARTESIAN_POINT('Ctrl Pts',(2.84542942682135,16.7369745806537,1.15825362568099));
#2706=CARTESIAN_POINT('Ctrl Pts',(3.00415640520033,16.5012013793509,1.11937055462313));
#2707=CARTESIAN_POINT('Ctrl Pts',(3.36586850981702,16.1289167516792,1.01979420944592));
#2708=CARTESIAN_POINT('Ctrl Pts',(3.59313085941948,15.9673874860491,0.952342209820623));
#2709=CARTESIAN_POINT('Ctrl Pts',(4.08429571020324,15.7529043436408,0.78650816653842));
#2710=CARTESIAN_POINT('Ctrl Pts',(4.34805483620041,15.6999802762093,0.687663277412588));
#2711=CARTESIAN_POINT('Ctrl Pts',(4.83634754056174,15.6999802762093,0.485405816858289));
#2712=CARTESIAN_POINT('Ctrl Pts',(5.09274729854069,15.7529043436408,0.368793841652359));
#2713=CARTESIAN_POINT('Ctrl Pts',(5.55731567176679,15.9673874860491,0.138750221539117));
#2714=CARTESIAN_POINT('Ctrl Pts',(5.76571018661872,16.1289167516792,0.0257472393664598));
#2715=CARTESIAN_POINT('Ctrl Pts',(6.09189037755102,16.5012013793509,-0.159610733724675));
#2716=CARTESIAN_POINT('Ctrl Pts',(6.23162178353842,16.7369745806537,-0.244353173275332));
#2717=CARTESIAN_POINT('Ctrl Pts',(6.41633024073019,17.2542047353226,-0.358889960525607));
#2718=CARTESIAN_POINT('Ctrl Pts',(6.46148334806437,17.5357095660667,-0.388183563535877));
#2719=CARTESIAN_POINT('Ctrl Pts',(6.46148334806437,17.7999802762093,-0.388183563535877));
#2720=CARTESIAN_POINT('Ctrl Pts',(6.46148334806437,17.7999802762093,-0.388183563535877));
#2721=CARTESIAN_POINT('Ctrl Pts',(6.46148334806437,18.0642509863519,-0.388183563535877));
#2722=CARTESIAN_POINT('Ctrl Pts',(6.41633024073019,18.345755817096,-0.358889960525605));
#2723=CARTESIAN_POINT('Ctrl Pts',(6.23162178353842,18.8629859717649,-0.24435317327533));
#2724=CARTESIAN_POINT('Ctrl Pts',(6.09189037755102,19.0987591730677,-0.159610733724675));
#2725=CARTESIAN_POINT('Ctrl Pts',(5.76571018661872,19.4710438007394,0.0257472393664578));
#2726=CARTESIAN_POINT('Ctrl Pts',(5.55731567176679,19.6325730663695,0.138750221539115));
#2727=CARTESIAN_POINT('Ctrl Pts',(5.09274729854069,19.8470562087778,0.368793841652357));
#2728=CARTESIAN_POINT('Ctrl Pts',(4.83634754056174,19.8999802762093,0.485405816858287));
#2729=CARTESIAN_POINT('Ctrl Pts',(4.34805483620041,19.8999802762093,0.687663277412587));
#2730=CARTESIAN_POINT('Ctrl Pts',(4.08429571020324,19.8470562087778,0.786508166538418));
#2731=CARTESIAN_POINT('Ctrl Pts',(3.59313085941948,19.6325730663695,0.952342209820621));
#2732=CARTESIAN_POINT('Ctrl Pts',(3.36586850981701,19.4710438007394,1.01979420944591));
#2733=CARTESIAN_POINT('Ctrl Pts',(3.00415640520033,19.0987591730677,1.11937055462313));
#2734=CARTESIAN_POINT('Ctrl Pts',(2.84542942682135,18.8629859717649,1.15825362568099));
#2735=CARTESIAN_POINT('Ctrl Pts',(2.63383108523855,18.345755817096,1.20787248934381));
#2736=CARTESIAN_POINT('Ctrl Pts',(2.58118931151696,18.0642509863519,1.2190868523975));
#2737=CARTESIAN_POINT('Ctrl Pts',(2.58118931151696,17.7999802762093,1.2190868523975));
#2738=CARTESIAN_POINT('',(10.1118362794641,17.7999802668381,-4.03853649493564));
#2739=CARTESIAN_POINT('',(11.7191066953975,17.7999802762093,-7.91883053148304));
#2740=CARTESIAN_POINT('Ctrl Pts',(10.1118362794641,17.7999802668381,-4.03853649493564));
#2741=CARTESIAN_POINT('Ctrl Pts',(10.1118362801091,17.5357095566954,-4.03853649594496));
#2742=CARTESIAN_POINT('Ctrl Pts',(10.1411298824744,17.2542047353226,-4.08368960226981));
#2743=CARTESIAN_POINT('Ctrl Pts',(10.2556666697247,16.7369745806537,-4.26839805946158));
#2744=CARTESIAN_POINT('Ctrl Pts',(10.3404091092753,16.5012013793509,-4.40812946544898));
#2745=CARTESIAN_POINT('Ctrl Pts',(10.5257670823665,16.1289167516792,-4.73430965638128));
#2746=CARTESIAN_POINT('Ctrl Pts',(10.6387700645391,15.9673874860491,-4.94270417123321));
#2747=CARTESIAN_POINT('Ctrl Pts',(10.8688136846524,15.7529043436408,-5.40727254445932));
#2748=CARTESIAN_POINT('Ctrl Pts',(10.9854256598583,15.6999802762093,-5.66367230243826));
#2749=CARTESIAN_POINT('Ctrl Pts',(11.1876831204126,15.6999802762093,-6.15196500679959));
#2750=CARTESIAN_POINT('Ctrl Pts',(11.2865280095384,15.7529043436408,-6.41572413279676));
#2751=CARTESIAN_POINT('Ctrl Pts',(11.4523620528206,15.9673874860491,-6.90688898358052));
#2752=CARTESIAN_POINT('Ctrl Pts',(11.5198140524459,16.1289167516792,-7.13415133318299));
#2753=CARTESIAN_POINT('Ctrl Pts',(11.6193903976231,16.5012013793509,-7.49586343779967));
#2754=CARTESIAN_POINT('Ctrl Pts',(11.658273468681,16.7369745806537,-7.65459041617865));
#2755=CARTESIAN_POINT('Ctrl Pts',(11.7078923323438,17.2542047353226,-7.86618875776145));
#2756=CARTESIAN_POINT('Ctrl Pts',(11.7191066953975,17.5357095660667,-7.91883053148304));
#2757=CARTESIAN_POINT('Ctrl Pts',(11.7191066953975,17.7999802762093,-7.91883053148304));
#2758=CARTESIAN_POINT('Ctrl Pts',(11.7191066953975,17.7999802762093,-7.91883053148304));
#2759=CARTESIAN_POINT('Ctrl Pts',(11.7191066953975,18.0642509863519,-7.91883053148304));
#2760=CARTESIAN_POINT('Ctrl Pts',(11.7078923323438,18.345755817096,-7.86618875776145));
#2761=CARTESIAN_POINT('Ctrl Pts',(11.658273468681,18.8629859717649,-7.65459041617865));
#2762=CARTESIAN_POINT('Ctrl Pts',(11.6193903976231,19.0987591730677,-7.49586343779967));
#2763=CARTESIAN_POINT('Ctrl Pts',(11.5198140524459,19.4710438007394,-7.13415133318299));
#2764=CARTESIAN_POINT('Ctrl Pts',(11.4523620528206,19.6325730663695,-6.90688898358052));
#2765=CARTESIAN_POINT('Ctrl Pts',(11.2865280095384,19.8470562087778,-6.41572413279677));
#2766=CARTESIAN_POINT('Ctrl Pts',(11.1876831204126,19.8999802762093,-6.15196500679959));
#2767=CARTESIAN_POINT('Ctrl Pts',(10.9854256598583,19.8999802762093,-5.66367230243826));
#2768=CARTESIAN_POINT('Ctrl Pts',(10.8688136846524,19.8470562087778,-5.40727254445932));
#2769=CARTESIAN_POINT('Ctrl Pts',(10.6387700645391,19.6325730663695,-4.94270417123322));
#2770=CARTESIAN_POINT('Ctrl Pts',(10.5257670823665,19.4710438007394,-4.73430965638128));
#2771=CARTESIAN_POINT('Ctrl Pts',(10.3404091092753,19.0987591730677,-4.40812946544899));
#2772=CARTESIAN_POINT('Ctrl Pts',(10.2556666697247,18.8629859717649,-4.26839805946158));
#2773=CARTESIAN_POINT('Ctrl Pts',(10.1411298824744,18.345755817096,-4.08368960226981));
#2774=CARTESIAN_POINT('Ctrl Pts',(10.1118362794641,18.0642509863519,-4.03853649493564));
#2775=CARTESIAN_POINT('Ctrl Pts',(10.1118362794641,17.7999802762093,-4.03853649493564));
#2776=CARTESIAN_POINT('',(6.46148334806437,17.799980266838,-20.6118561224641));
#2777=CARTESIAN_POINT('',(2.58118931151696,17.7999802762093,-22.2191265383975));
#2778=CARTESIAN_POINT('Ctrl Pts',(6.46148334806437,17.7999802668381,-20.6118561224641));
#2779=CARTESIAN_POINT('Ctrl Pts',(6.46148334705505,17.5357095566954,-20.6118561231091));
#2780=CARTESIAN_POINT('Ctrl Pts',(6.41633024073019,17.2542047353226,-20.6411497254744));
#2781=CARTESIAN_POINT('Ctrl Pts',(6.23162178353842,16.7369745806537,-20.7556865127247));
#2782=CARTESIAN_POINT('Ctrl Pts',(6.09189037755102,16.5012013793509,-20.8404289522753));
#2783=CARTESIAN_POINT('Ctrl Pts',(5.76571018661872,16.1289167516792,-21.0257869253665));
#2784=CARTESIAN_POINT('Ctrl Pts',(5.55731567176679,15.9673874860491,-21.1387899075391));
#2785=CARTESIAN_POINT('Ctrl Pts',(5.09274729854069,15.7529043436408,-21.3688335276524));
#2786=CARTESIAN_POINT('Ctrl Pts',(4.83634754056174,15.6999802762093,-21.4854455028583));
#2787=CARTESIAN_POINT('Ctrl Pts',(4.34805483620041,15.6999802762093,-21.6877029634126));
#2788=CARTESIAN_POINT('Ctrl Pts',(4.08429571020324,15.7529043436408,-21.7865478525384));
#2789=CARTESIAN_POINT('Ctrl Pts',(3.59313085941948,15.9673874860491,-21.9523818958206));
#2790=CARTESIAN_POINT('Ctrl Pts',(3.36586850981701,16.1289167516792,-22.0198338954459));
#2791=CARTESIAN_POINT('Ctrl Pts',(3.00415640520033,16.5012013793509,-22.1194102406231));
#2792=CARTESIAN_POINT('Ctrl Pts',(2.84542942682135,16.7369745806537,-22.158293311681));
#2793=CARTESIAN_POINT('Ctrl Pts',(2.63383108523855,17.2542047353226,-22.2079121753438));
#2794=CARTESIAN_POINT('Ctrl Pts',(2.58118931151696,17.5357095660667,-22.2191265383975));
#2795=CARTESIAN_POINT('Ctrl Pts',(2.58118931151696,17.7999802762093,-22.2191265383975));
#2796=CARTESIAN_POINT('Ctrl Pts',(2.58118931151696,17.7999802762093,-22.2191265383975));
#2797=CARTESIAN_POINT('Ctrl Pts',(2.58118931151696,18.0642509863519,-22.2191265383975));
#2798=CARTESIAN_POINT('Ctrl Pts',(2.63383108523855,18.3457558170959,-22.2079121753438));
#2799=CARTESIAN_POINT('Ctrl Pts',(2.84542942682135,18.8629859717649,-22.158293311681));
#2800=CARTESIAN_POINT('Ctrl Pts',(3.00415640520033,19.0987591730677,-22.1194102406231));
#2801=CARTESIAN_POINT('Ctrl Pts',(3.36586850981701,19.4710438007394,-22.0198338954459));
#2802=CARTESIAN_POINT('Ctrl Pts',(3.59313085941949,19.6325730663695,-21.9523818958206));
#2803=CARTESIAN_POINT('Ctrl Pts',(4.08429571020324,19.8470562087778,-21.7865478525384));
#2804=CARTESIAN_POINT('Ctrl Pts',(4.34805483620041,19.8999802762093,-21.6877029634126));
#2805=CARTESIAN_POINT('Ctrl Pts',(4.83634754056174,19.8999802762093,-21.4854455028583));
#2806=CARTESIAN_POINT('Ctrl Pts',(5.09274729854069,19.8470562087778,-21.3688335276524));
#2807=CARTESIAN_POINT('Ctrl Pts',(5.55731567176679,19.6325730663695,-21.1387899075391));
#2808=CARTESIAN_POINT('Ctrl Pts',(5.76571018661872,19.4710438007394,-21.0257869253665));
#2809=CARTESIAN_POINT('Ctrl Pts',(6.09189037755102,19.0987591730677,-20.8404289522753));
#2810=CARTESIAN_POINT('Ctrl Pts',(6.23162178353842,18.8629859717649,-20.7556865127247));
#2811=CARTESIAN_POINT('Ctrl Pts',(6.41633024073019,18.345755817096,-20.6411497254744));
#2812=CARTESIAN_POINT('Ctrl Pts',(6.46148334806437,18.0642509863519,-20.6118561224641));
#2813=CARTESIAN_POINT('Ctrl Pts',(6.46148334806437,17.7999802762093,-20.6118561224641));
#2814=CARTESIAN_POINT('',(-2.58118931151696,17.7999802855818,-22.2191265383975));
#2815=CARTESIAN_POINT('',(-6.46148334806437,17.7999802762093,-20.6118561224641));
#2816=CARTESIAN_POINT('Ctrl Pts',(-2.58118931151696,17.7999802762093,-22.2191265383975));
#2817=CARTESIAN_POINT('Ctrl Pts',(-2.58118931151696,17.5357095660667,-22.2191265383975));
#2818=CARTESIAN_POINT('Ctrl Pts',(-2.63383108523855,17.2542047353226,-22.2079121753438));
#2819=CARTESIAN_POINT('Ctrl Pts',(-2.84542942682135,16.7369745806536,-22.158293311681));
#2820=CARTESIAN_POINT('Ctrl Pts',(-3.00415640520033,16.5012013793509,-22.1194102406231));
#2821=CARTESIAN_POINT('Ctrl Pts',(-3.36586850981701,16.1289167516792,-22.0198338954459));
#2822=CARTESIAN_POINT('Ctrl Pts',(-3.59313085941948,15.9673874860491,-21.9523818958206));
#2823=CARTESIAN_POINT('Ctrl Pts',(-4.08429571020324,15.7529043436408,-21.7865478525384));
#2824=CARTESIAN_POINT('Ctrl Pts',(-4.34805483620041,15.6999802762093,-21.6877029634126));
#2825=CARTESIAN_POINT('Ctrl Pts',(-4.83634754056174,15.6999802762093,-21.4854455028583));
#2826=CARTESIAN_POINT('Ctrl Pts',(-5.09274729854069,15.7529043436408,-21.3688335276524));
#2827=CARTESIAN_POINT('Ctrl Pts',(-5.55731567176679,15.9673874860491,-21.1387899075391));
#2828=CARTESIAN_POINT('Ctrl Pts',(-5.76571018661872,16.1289167516792,-21.0257869253665));
#2829=CARTESIAN_POINT('Ctrl Pts',(-6.09189037755102,16.5012013793509,-20.8404289522753));
#2830=CARTESIAN_POINT('Ctrl Pts',(-6.23162178353842,16.7369745806537,-20.7556865127247));
#2831=CARTESIAN_POINT('Ctrl Pts',(-6.41633024073019,17.2542047353226,-20.6411497254744));
#2832=CARTESIAN_POINT('Ctrl Pts',(-6.46148334806437,17.5357095660667,-20.6118561224641));
#2833=CARTESIAN_POINT('Ctrl Pts',(-6.46148334806437,17.7999802762093,-20.6118561224641));
#2834=CARTESIAN_POINT('Ctrl Pts',(-6.46148334806437,17.7999802762093,-20.6118561224641));
#2835=CARTESIAN_POINT('Ctrl Pts',(-6.46148334806437,18.0642509863519,-20.6118561224641));
#2836=CARTESIAN_POINT('Ctrl Pts',(-6.41633024073019,18.345755817096,-20.6411497254744));
#2837=CARTESIAN_POINT('Ctrl Pts',(-6.23162178353842,18.8629859717649,-20.7556865127247));
#2838=CARTESIAN_POINT('Ctrl Pts',(-6.09189037755102,19.0987591730677,-20.8404289522753));
#2839=CARTESIAN_POINT('Ctrl Pts',(-5.76571018661872,19.4710438007394,-21.0257869253665));
#2840=CARTESIAN_POINT('Ctrl Pts',(-5.55731567176679,19.6325730663695,-21.1387899075391));
#2841=CARTESIAN_POINT('Ctrl Pts',(-5.09274729854069,19.8470562087778,-21.3688335276524));
#2842=CARTESIAN_POINT('Ctrl Pts',(-4.83634754056174,19.8999802762093,-21.4854455028583));
#2843=CARTESIAN_POINT('Ctrl Pts',(-4.34805483620041,19.8999802762093,-21.6877029634126));
#2844=CARTESIAN_POINT('Ctrl Pts',(-4.08429571020324,19.8470562087778,-21.7865478525384));
#2845=CARTESIAN_POINT('Ctrl Pts',(-3.59313085941949,19.6325730663695,-21.9523818958206));
#2846=CARTESIAN_POINT('Ctrl Pts',(-3.36586850981701,19.4710438007394,-22.0198338954459));
#2847=CARTESIAN_POINT('Ctrl Pts',(-3.00415640520033,19.0987591730677,-22.1194102406231));
#2848=CARTESIAN_POINT('Ctrl Pts',(-2.84542942682135,18.8629859717649,-22.158293311681));
#2849=CARTESIAN_POINT('Ctrl Pts',(-2.63383108523855,18.345755817096,-22.2079121753438));
#2850=CARTESIAN_POINT('Ctrl Pts',(-2.58118931268687,18.0642509957244,-22.2191265381398));
#2851=CARTESIAN_POINT('Ctrl Pts',(-2.58118931151696,17.7999802855818,-22.2191265383975));
#2852=CARTESIAN_POINT('',(-10.1118362794641,17.799980266838,-16.9615031910644));
#2853=CARTESIAN_POINT('',(-11.7191066953975,17.7999802762093,-13.081209154517));
#2854=CARTESIAN_POINT('Ctrl Pts',(-10.1118362794641,17.7999802668381,-16.9615031910644));
#2855=CARTESIAN_POINT('Ctrl Pts',(-10.1118362801091,17.5357095566954,-16.9615031900551));
#2856=CARTESIAN_POINT('Ctrl Pts',(-10.1411298824744,17.2542047353226,-16.9163500837302));
#2857=CARTESIAN_POINT('Ctrl Pts',(-10.2556666697247,16.7369745806537,-16.7316416265384));
#2858=CARTESIAN_POINT('Ctrl Pts',(-10.3404091092753,16.5012013793509,-16.591910220551));
#2859=CARTESIAN_POINT('Ctrl Pts',(-10.5257670823665,16.1289167516792,-16.2657300296187));
#2860=CARTESIAN_POINT('Ctrl Pts',(-10.6387700645391,15.9673874860491,-16.0573355147668));
#2861=CARTESIAN_POINT('Ctrl Pts',(-10.8688136846524,15.7529043436408,-15.5927671415407));
#2862=CARTESIAN_POINT('Ctrl Pts',(-10.9854256598583,15.6999802762093,-15.3363673835617));
#2863=CARTESIAN_POINT('Ctrl Pts',(-11.1876831204126,15.6999802762093,-14.8480746792004));
#2864=CARTESIAN_POINT('Ctrl Pts',(-11.2865280095384,15.7529043436408,-14.5843155532032));
#2865=CARTESIAN_POINT('Ctrl Pts',(-11.4523620528206,15.9673874860491,-14.0931507024195));
#2866=CARTESIAN_POINT('Ctrl Pts',(-11.5198140524459,16.1289167516792,-13.865888352817));
#2867=CARTESIAN_POINT('Ctrl Pts',(-11.6193903976231,16.5012013793509,-13.5041762482003));
#2868=CARTESIAN_POINT('Ctrl Pts',(-11.658273468681,16.7369745806537,-13.3454492698214));
#2869=CARTESIAN_POINT('Ctrl Pts',(-11.7078923323438,17.2542047353226,-13.1338509282386));
#2870=CARTESIAN_POINT('Ctrl Pts',(-11.7191066953975,17.5357095660667,-13.081209154517));
#2871=CARTESIAN_POINT('Ctrl Pts',(-11.7191066953975,17.7999802762093,-13.081209154517));
#2872=CARTESIAN_POINT('Ctrl Pts',(-11.7191066953975,17.7999802762093,-13.081209154517));
#2873=CARTESIAN_POINT('Ctrl Pts',(-11.7191066953975,18.0642509863519,-13.081209154517));
#2874=CARTESIAN_POINT('Ctrl Pts',(-11.7078923323438,18.3457558170959,-13.1338509282386));
#2875=CARTESIAN_POINT('Ctrl Pts',(-11.658273468681,18.8629859717649,-13.3454492698214));
#2876=CARTESIAN_POINT('Ctrl Pts',(-11.6193903976231,19.0987591730677,-13.5041762482003));
#2877=CARTESIAN_POINT('Ctrl Pts',(-11.5198140524459,19.4710438007394,-13.865888352817));
#2878=CARTESIAN_POINT('Ctrl Pts',(-11.4523620528206,19.6325730663695,-14.0931507024195));
#2879=CARTESIAN_POINT('Ctrl Pts',(-11.2865280095384,19.8470562087778,-14.5843155532032));
#2880=CARTESIAN_POINT('Ctrl Pts',(-11.1876831204126,19.8999802762093,-14.8480746792004));
#2881=CARTESIAN_POINT('Ctrl Pts',(-10.9854256598583,19.8999802762093,-15.3363673835617));
#2882=CARTESIAN_POINT('Ctrl Pts',(-10.8688136846524,19.8470562087778,-15.5927671415407));
#2883=CARTESIAN_POINT('Ctrl Pts',(-10.6387700645391,19.6325730663695,-16.0573355147668));
#2884=CARTESIAN_POINT('Ctrl Pts',(-10.5257670823665,19.4710438007394,-16.2657300296187));
#2885=CARTESIAN_POINT('Ctrl Pts',(-10.3404091092753,19.0987591730677,-16.591910220551));
#2886=CARTESIAN_POINT('Ctrl Pts',(-10.2556666697247,18.8629859717649,-16.7316416265384));
#2887=CARTESIAN_POINT('Ctrl Pts',(-10.1411298824744,18.3457558170959,-16.9163500837302));
#2888=CARTESIAN_POINT('Ctrl Pts',(-10.1118362794641,18.0642509863519,-16.9615031910644));
#2889=CARTESIAN_POINT('Ctrl Pts',(-10.1118362794641,17.7999802762093,-16.9615031910644));
#2890=CARTESIAN_POINT('',(-6.46148334806437,17.799980266838,-0.388183563535878));
#2891=CARTESIAN_POINT('',(-2.58118931151696,17.7999802762093,1.2190868523975));
#2892=CARTESIAN_POINT('Ctrl Pts',(-6.46148334806437,17.7999802668381,-0.388183563535878));
#2893=CARTESIAN_POINT('Ctrl Pts',(-6.46148334705505,17.5357095566954,-0.38818356289092));
#2894=CARTESIAN_POINT('Ctrl Pts',(-6.4163302407302,17.2542047353226,-0.358889960525603));
#2895=CARTESIAN_POINT('Ctrl Pts',(-6.23162178353842,16.7369745806537,-0.244353173275331));
#2896=CARTESIAN_POINT('Ctrl Pts',(-6.09189037755102,16.5012013793509,-0.159610733724677));
#2897=CARTESIAN_POINT('Ctrl Pts',(-5.76571018661872,16.1289167516792,0.0257472393664576));
#2898=CARTESIAN_POINT('Ctrl Pts',(-5.55731567176679,15.9673874860491,0.138750221539115));
#2899=CARTESIAN_POINT('Ctrl Pts',(-5.09274729854069,15.7529043436408,0.368793841652358));
#2900=CARTESIAN_POINT('Ctrl Pts',(-4.83634754056174,15.6999802762093,0.485405816858288));
#2901=CARTESIAN_POINT('Ctrl Pts',(-4.34805483620041,15.6999802762093,0.687663277412587));
#2902=CARTESIAN_POINT('Ctrl Pts',(-4.08429571020324,15.7529043436408,0.786508166538417));
#2903=CARTESIAN_POINT('Ctrl Pts',(-3.59313085941949,15.9673874860491,0.952342209820621));
#2904=CARTESIAN_POINT('Ctrl Pts',(-3.36586850981701,16.1289167516792,1.01979420944592));
#2905=CARTESIAN_POINT('Ctrl Pts',(-3.00415640520033,16.5012013793509,1.11937055462313));
#2906=CARTESIAN_POINT('Ctrl Pts',(-2.84542942682135,16.7369745806537,1.15825362568099));
#2907=CARTESIAN_POINT('Ctrl Pts',(-2.63383108523855,17.2542047353226,1.20787248934381));
#2908=CARTESIAN_POINT('Ctrl Pts',(-2.58118931151696,17.5357095660667,1.2190868523975));
#2909=CARTESIAN_POINT('Ctrl Pts',(-2.58118931151696,17.7999802762093,1.2190868523975));
#2910=CARTESIAN_POINT('Ctrl Pts',(-2.58118931151696,17.7999802762093,1.2190868523975));
#2911=CARTESIAN_POINT('Ctrl Pts',(-2.58118931151696,18.0642509863519,1.2190868523975));
#2912=CARTESIAN_POINT('Ctrl Pts',(-2.63383108523855,18.345755817096,1.20787248934381));
#2913=CARTESIAN_POINT('Ctrl Pts',(-2.84542942682135,18.8629859717649,1.15825362568099));
#2914=CARTESIAN_POINT('Ctrl Pts',(-3.00415640520033,19.0987591730677,1.11937055462313));
#2915=CARTESIAN_POINT('Ctrl Pts',(-3.36586850981701,19.4710438007394,1.01979420944591));
#2916=CARTESIAN_POINT('Ctrl Pts',(-3.59313085941949,19.6325730663695,0.952342209820621));
#2917=CARTESIAN_POINT('Ctrl Pts',(-4.08429571020324,19.8470562087778,0.786508166538417));
#2918=CARTESIAN_POINT('Ctrl Pts',(-4.34805483620041,19.8999802762093,0.687663277412585));
#2919=CARTESIAN_POINT('Ctrl Pts',(-4.83634754056174,19.8999802762093,0.485405816858286));
#2920=CARTESIAN_POINT('Ctrl Pts',(-5.09274729854069,19.8470562087778,0.368793841652355));
#2921=CARTESIAN_POINT('Ctrl Pts',(-5.55731567176679,19.6325730663695,0.138750221539113));
#2922=CARTESIAN_POINT('Ctrl Pts',(-5.76571018661872,19.4710438007394,0.025747239366456));
#2923=CARTESIAN_POINT('Ctrl Pts',(-6.09189037755102,19.0987591730677,-0.159610733724678));
#2924=CARTESIAN_POINT('Ctrl Pts',(-6.23162178353842,18.8629859717649,-0.244353173275331));
#2925=CARTESIAN_POINT('Ctrl Pts',(-6.4163302407302,18.345755817096,-0.358889960525603));
#2926=CARTESIAN_POINT('Ctrl Pts',(-6.46148334806437,18.0642509863519,-0.388183563535878));
#2927=CARTESIAN_POINT('Ctrl Pts',(-6.46148334806437,17.7999802762093,-0.388183563535878));
#2928=CARTESIAN_POINT('Origin',(0.,21.1999802762093,-10.500019843));
#2929=CARTESIAN_POINT('',(8.31491579260158,19.5999802762093,-13.9441707342858));
#2930=CARTESIAN_POINT('',(-8.31491579260158,19.5999802762093,-7.0558689517142));
#2931=CARTESIAN_POINT('Origin',(0.,19.5999802762093,-10.500019843));
#2932=CARTESIAN_POINT('Origin',(0.,19.5999802762093,-10.500019843));
#2933=CARTESIAN_POINT('',(8.31491579260158,12.6999802762093,-13.9441707342858));
#2934=CARTESIAN_POINT('',(8.31491579260158,21.1999802762093,-13.9441707342858));
#2935=CARTESIAN_POINT('Origin',(0.,12.6999802762093,-10.500019843));
#2936=CARTESIAN_POINT('Origin',(0.,20.5999802762093,-10.500019843));
#2937=CARTESIAN_POINT('',(-9.23879532511287,20.5999802762093,-6.67318551934911));
#2938=CARTESIAN_POINT('Origin',(0.,20.5999802762093,-10.500019843));
#2939=CARTESIAN_POINT('Origin',(0.,12.6999802762093,-10.500019843));
#2940=CARTESIAN_POINT('Origin',(0.,15.2999802762093,-10.500019843));
#2941=CARTESIAN_POINT('Origin',(4.43912781543504,17.7999802762093,0.21698273413092));
#2942=CARTESIAN_POINT('',(5.57563962574205,17.7999802762093,-2.52679949210947));
#2943=CARTESIAN_POINT('',(6.37927483370874,17.7999802762093,-0.586652473835769));
#2944=CARTESIAN_POINT('Origin',(3.63549260746835,17.7999802762093,-1.72316428414278));
#2945=CARTESIAN_POINT('Origin',(3.63549260746835,17.7999802762093,-1.72316428414278));
#2946=CARTESIAN_POINT('Origin',(10.7170025774393,17.7999802762093,-6.06089202743721));
#2947=CARTESIAN_POINT('',(9.67287872022211,17.7999802762093,-8.76640591052056));
#2948=CARTESIAN_POINT('',(11.520637785406,17.7999802762093,-8.00103904571092));
#2949=CARTESIAN_POINT('Origin',(8.86924351159768,17.7999802762093,-6.82625889250667));
#2950=CARTESIAN_POINT('Origin',(8.86924351159768,17.7999802762093,-6.82625889250667));
#2951=CARTESIAN_POINT('Origin',(10.7170025771309,17.7999802762093,-14.939147658435));
#2952=CARTESIAN_POINT('',(8.06560830414166,17.7999802762093,-16.1139278119786));
#2953=CARTESIAN_POINT('',(9.91336736916424,17.7999802762093,-16.8792946767087));
#2954=CARTESIAN_POINT('Origin',(8.86924351210835,17.7999802762093,-14.1737807937049));
#2955=CARTESIAN_POINT('Origin',(8.86924351210835,17.7999802762093,-14.1737807937049));
#2956=CARTESIAN_POINT('Origin',(4.43912781556279,17.7999802762093,-21.2170224204393));
#2957=CARTESIAN_POINT('',(1.73361393247945,17.7999802762093,-20.1728985632221));
#2958=CARTESIAN_POINT('',(2.49898079728909,17.7999802762093,-22.020657628406));
#2959=CARTESIAN_POINT('Origin',(3.67376095049333,17.7999802762093,-19.3692633545977));
#2960=CARTESIAN_POINT('Origin',(3.67376095049333,17.7999802762093,-19.3692633545977));
#2961=CARTESIAN_POINT('Origin',(-4.43912781543504,17.7999802762093,-21.2170224201309));
#2962=CARTESIAN_POINT('',(-5.57563962574206,17.7999802762093,-18.4732401938905));
#2963=CARTESIAN_POINT('',(-6.37927483370874,17.7999802762093,-20.4133872121642));
#2964=CARTESIAN_POINT('Origin',(-3.63549260746835,17.7999802762093,-19.2768754018572));
#2965=CARTESIAN_POINT('Origin',(-3.63549260746835,17.7999802762093,-19.2768754018572));
#2966=CARTESIAN_POINT('Origin',(-10.7170025774393,17.7999802762093,-14.9391476585628));
#2967=CARTESIAN_POINT('',(-9.67287872022211,17.7999802762093,-12.2336337754795));
#2968=CARTESIAN_POINT('',(-11.520637785406,17.7999802762093,-12.9990006402891));
#2969=CARTESIAN_POINT('Origin',(-8.86924351159768,17.7999802762093,-14.1737807934933));
#2970=CARTESIAN_POINT('Origin',(-8.86924351159768,17.7999802762093,-14.1737807934933));
#2971=CARTESIAN_POINT('Origin',(-10.7170025771309,17.7999802762093,-6.06089202756497));
#2972=CARTESIAN_POINT('',(-8.06560830414167,17.7999802762093,-4.88611187402144));
#2973=CARTESIAN_POINT('',(-9.91336736916424,17.7999802762093,-4.12074500929126));
#2974=CARTESIAN_POINT('Origin',(-8.86924351210835,17.7999802762093,-6.82625889229515));
#2975=CARTESIAN_POINT('Origin',(-8.86924351210835,17.7999802762093,-6.82625889229515));
#2976=CARTESIAN_POINT('Origin',(-4.43912781556279,17.7999802762093,0.216982734439335));
#2977=CARTESIAN_POINT('',(-1.73361393247945,17.7999802762093,-0.827141122777895));
#2978=CARTESIAN_POINT('',(-2.49898079728909,17.7999802762093,1.02061794240602));
#2979=CARTESIAN_POINT('Origin',(-3.67376095049333,17.7999802762093,-1.63077633140233));
#2980=CARTESIAN_POINT('Origin',(-3.67376095049333,17.7999802762093,-1.63077633140233));
#2981=CARTESIAN_POINT('Origin',(0.,19.5999802762093,-10.500019843));
#2982=CARTESIAN_POINT('Origin',(-9.23879532511287,19.5999802762093,-6.67318551934911));
#2983=UNCERTAINTY_MEASURE_WITH_UNIT(LENGTH_MEASURE(0.01),#2987,
'DISTANCE_ACCURACY_VALUE',
'Maximum model space distance between geometric entities at asserted c
onnectivities');
#2984=UNCERTAINTY_MEASURE_WITH_UNIT(LENGTH_MEASURE(0.01),#2987,
'DISTANCE_ACCURACY_VALUE',
'Maximum model space distance between geometric entities at asserted c
onnectivities');
#2985=(
GEOMETRIC_REPRESENTATION_CONTEXT(3)
GLOBAL_UNCERTAINTY_ASSIGNED_CONTEXT((#2983))
GLOBAL_UNIT_ASSIGNED_CONTEXT((#2987,#2989,#2990))
REPRESENTATION_CONTEXT('','3D')
);
#2986=(
GEOMETRIC_REPRESENTATION_CONTEXT(3)
GLOBAL_UNCERTAINTY_ASSIGNED_CONTEXT((#2984))
GLOBAL_UNIT_ASSIGNED_CONTEXT((#2987,#2989,#2990))
REPRESENTATION_CONTEXT('','3D')
);
#2987=(
LENGTH_UNIT()
NAMED_UNIT(*)
SI_UNIT(.MILLI.,.METRE.)
);
#2988=(
LENGTH_UNIT()
NAMED_UNIT(*)
SI_UNIT($,.METRE.)
);
#2989=(
NAMED_UNIT(*)
PLANE_ANGLE_UNIT()
SI_UNIT($,.RADIAN.)
);
#2990=(
NAMED_UNIT(*)
SI_UNIT($,.STERADIAN.)
SOLID_ANGLE_UNIT()
);
#2991=SHAPE_DEFINITION_REPRESENTATION(#2992,#2993);
#2992=PRODUCT_DEFINITION_SHAPE('',$,#2995);
#2993=SHAPE_REPRESENTATION('',(#649),#2985);
#2994=PRODUCT_DEFINITION_CONTEXT('part definition',#2999,'design');
#2995=PRODUCT_DEFINITION('2025-09-07-12-03-08-319','inner up',#2996,#2994);
#2996=PRODUCT_DEFINITION_FORMATION('',$,#3001);
#2997=PRODUCT_RELATED_PRODUCT_CATEGORY('inner up','inner up',(#3001));
#2998=APPLICATION_PROTOCOL_DEFINITION('international standard',
'automotive_design',2009,#2999);
#2999=APPLICATION_CONTEXT(
'Core Data for Automotive Mechanical Design Process');
#3000=PRODUCT_CONTEXT('part definition',#2999,'mechanical');
#3001=PRODUCT('2025-09-07-12-03-08-319','inner up',$,(#3000));
#3002=PRESENTATION_STYLE_ASSIGNMENT((#3005));
#3003=PRESENTATION_STYLE_ASSIGNMENT((#3006));
#3004=PRESENTATION_STYLE_ASSIGNMENT((#3007));
#3005=SURFACE_STYLE_USAGE(.BOTH.,#3008);
#3006=SURFACE_STYLE_USAGE(.BOTH.,#3009);
#3007=SURFACE_STYLE_USAGE(.BOTH.,#3010);
#3008=SURFACE_SIDE_STYLE('',(#3011));
#3009=SURFACE_SIDE_STYLE('',(#3012));
#3010=SURFACE_SIDE_STYLE('',(#3013));
#3011=SURFACE_STYLE_FILL_AREA(#3014);
#3012=SURFACE_STYLE_FILL_AREA(#3015);
#3013=SURFACE_STYLE_FILL_AREA(#3016);
#3014=FILL_AREA_STYLE('Steel - Satin',(#3017));
#3015=FILL_AREA_STYLE('Opaque(134,141,147)',(#3018));
#3016=FILL_AREA_STYLE('Opaque(199,200,205)',(#3019));
#3017=FILL_AREA_STYLE_COLOUR('Steel - Satin',#3020);
#3018=FILL_AREA_STYLE_COLOUR('Opaque(134,141,147)',#3021);
#3019=FILL_AREA_STYLE_COLOUR('Opaque(199,200,205)',#3022);
#3020=COLOUR_RGB('Steel - Satin',0.627450980392157,0.627450980392157,0.627450980392157);
#3021=COLOUR_RGB('Opaque(134,141,147)',0.525490196078431,0.552941176470588,
0.576470588235294);
#3022=COLOUR_RGB('Opaque(199,200,205)',0.780392156862745,0.784313725490196,
0.803921568627451);
ENDSEC;
END-ISO-10303-21;
