ISO-10303-21;
HEADER;
/* Generated by software containing ST-Developer
 * from STEP Tools, Inc. (www.steptools.com) 
 */

FILE_DESCRIPTION(
/* description */ (''),
/* implementation_level */ '2;1');

FILE_NAME(
/* name */ 'inner down.step',
/* time_stamp */ '2025-09-07T12:02:52+03:00',
/* author */ (''),
/* organization */ (''),
/* preprocessor_version */ 'ST-DEVELOPER v20.1',
/* originating_system */ 'Autodesk Translation Framework v14.10.0.0',
/* authorisation */ '');

FILE_SCHEMA (('AUTOMOTIVE_DESIGN { 1 0 10303 214 3 1 1 }'));
ENDSEC;

DATA;
#10=MECHANICAL_DESIGN_GEOMETRIC_PRESENTATION_REPRESENTATION('',(#15,#16,
#17,#18,#19,#20,#21),#2980);
#11=SHAPE_REPRESENTATION_RELATIONSHIP('SRR','None',#2987,#12);
#12=ADVANCED_BREP_SHAPE_REPRESENTATION('',(#13),#2979);
#13=MANIFOLD_SOLID_BREP('inner down',#579);
#14=TOROIDAL_SURFACE('',#635,9.5,0.5);
#15=STYLED_ITEM('',(#2998),#572);
#16=STYLED_ITEM('',(#2998),#573);
#17=STYLED_ITEM('',(#2998),#574);
#18=STYLED_ITEM('',(#2998),#575);
#19=STYLED_ITEM('',(#2998),#577);
#20=STYLED_ITEM('',(#2998),#578);
#21=STYLED_ITEM('',(#2997),#13);
#22=PLANE('',#617);
#23=PLANE('',#623);
#24=PLANE('',#625);
#25=PLANE('',#628);
#26=PLANE('',#629);
#27=PLANE('',#634);
#28=FACE_BOUND('',#86,.T.);
#29=FACE_BOUND('',#88,.T.);
#30=FACE_BOUND('',#90,.T.);
#31=FACE_BOUND('',#93,.T.);
#32=FACE_BOUND('',#95,.T.);
#33=FACE_BOUND('',#98,.T.);
#34=FACE_BOUND('',#100,.T.);
#35=FACE_BOUND('',#106,.T.);
#36=B_SPLINE_SURFACE_WITH_KNOTS('',3,3,((#1354,#1355,#1356,#1357,#1358,
#1359,#1360,#1361,#1362,#1363,#1364,#1365,#1366,#1367,#1368,#1369,#1370,
#1371,#1372,#1373,#1374,#1375,#1376,#1377,#1378,#1379,#1380,#1381,#1382,
#1383,#1384,#1385,#1386,#1387,#1388,#1389,#1390,#1391,#1392,#1393,#1394,
#1395,#1396,#1397,#1398,#1399,#1400,#1401,#1402,#1403,#1404,#1405,#1406,
#1407,#1408,#1409,#1410,#1411,#1412,#1413,#1414,#1415,#1416,#1417,#1418,
#1419,#1420,#1421,#1422,#1423,#1424,#1425,#1426),(#1427,#1428,#1429,#1430,
#1431,#1432,#1433,#1434,#1435,#1436,#1437,#1438,#1439,#1440,#1441,#1442,
#1443,#1444,#1445,#1446,#1447,#1448,#1449,#1450,#1451,#1452,#1453,#1454,
#1455,#1456,#1457,#1458,#1459,#1460,#1461,#1462,#1463,#1464,#1465,#1466,
#1467,#1468,#1469,#1470,#1471,#1472,#1473,#1474,#1475,#1476,#1477,#1478,
#1479,#1480,#1481,#1482,#1483,#1484,#1485,#1486,#1487,#1488,#1489,#1490,
#1491,#1492,#1493,#1494,#1495,#1496,#1497,#1498,#1499),(#1500,#1501,#1502,
#1503,#1504,#1505,#1506,#1507,#1508,#1509,#1510,#1511,#1512,#1513,#1514,
#1515,#1516,#1517,#1518,#1519,#1520,#1521,#1522,#1523,#1524,#1525,#1526,
#1527,#1528,#1529,#1530,#1531,#1532,#1533,#1534,#1535,#1536,#1537,#1538,
#1539,#1540,#1541,#1542,#1543,#1544,#1545,#1546,#1547,#1548,#1549,#1550,
#1551,#1552,#1553,#1554,#1555,#1556,#1557,#1558,#1559,#1560,#1561,#1562,
#1563,#1564,#1565,#1566,#1567,#1568,#1569,#1570,#1571,#1572),(#1573,#1574,
#1575,#1576,#1577,#1578,#1579,#1580,#1581,#1582,#1583,#1584,#1585,#1586,
#1587,#1588,#1589,#1590,#1591,#1592,#1593,#1594,#1595,#1596,#1597,#1598,
#1599,#1600,#1601,#1602,#1603,#1604,#1605,#1606,#1607,#1608,#1609,#1610,
#1611,#1612,#1613,#1614,#1615,#1616,#1617,#1618,#1619,#1620,#1621,#1622,
#1623,#1624,#1625,#1626,#1627,#1628,#1629,#1630,#1631,#1632,#1633,#1634,
#1635,#1636,#1637,#1638,#1639,#1640,#1641,#1642,#1643,#1644,#1645)),
 .UNSPECIFIED.,.F.,.F.,.F.,(4,4),(4,1,1,1,1,1,1,1,1,1,1,1,1,1,1,1,1,1,1,
1,1,1,1,1,1,1,1,1,1,1,1,1,1,1,1,1,1,1,1,1,1,1,1,1,1,1,1,1,1,1,1,1,1,1,1,
1,1,1,1,1,1,1,1,1,1,1,1,1,1,1,4),(0.,0.0312519700712345),(11.7809954896458,
12.275798100918,12.7706007121902,13.2654033234624,13.7602059347346,14.2550085460068,
14.749811157279,15.2446137685512,15.7394163798234,16.2342189910956,16.7290216023678,
17.22382421364,17.7186268249121,18.2134294361843,18.7082320474565,19.2030346587287,
19.6978372700009,20.1926398812731,20.6874424925453,21.1822451038175,21.6770477150897,
22.1718503263619,22.6666529376341,23.1614555489063,23.6562581601785,24.1510607714507,
24.6458633827229,25.1406659939951,25.6354686052673,26.1302712165395,26.6250738278117,
27.1198764390839,27.6146790503561,28.1094816616283,28.6042842729005,29.0990868841727,
29.5938894954449,30.0886921067171,30.5834947179893,31.0782973292615,31.5730999405337,
32.0679025518059,32.5627051630781,33.0575077743503,33.5523103856225,34.0471129968947,
34.5419156081669,35.0367182194391,35.5315208307113,36.0263234419835,36.5211260532557,
37.0159286645279,37.5107312758001,38.0055338870723,38.5003364983445,38.9951391096166,
39.4899417208888,39.984744332161,40.4795469434332,40.9743495547054,41.4691521659776,
41.9639547772498,42.458757388522,42.9535599997942,43.4483626110664,43.9431652223386,
44.4379678336108,44.932770444883,45.4275730561552,45.9223756674274,46.4171782786996),
 .UNSPECIFIED.);
#37=B_SPLINE_SURFACE_WITH_KNOTS('',3,3,((#1913,#1914,#1915,#1916,#1917,
#1918,#1919,#1920,#1921,#1922,#1923,#1924,#1925,#1926,#1927,#1928,#1929,
#1930,#1931,#1932,#1933,#1934,#1935,#1936,#1937,#1938,#1939,#1940,#1941,
#1942,#1943,#1944,#1945,#1946,#1947,#1948,#1949,#1950,#1951,#1952,#1953,
#1954,#1955,#1956,#1957,#1958,#1959,#1960,#1961,#1962,#1963,#1964,#1965,
#1966,#1967,#1968,#1969,#1970,#1971,#1972,#1973,#1974,#1975,#1976,#1977,
#1978,#1979,#1980,#1981,#1982,#1983,#1984,#1985),(#1986,#1987,#1988,#1989,
#1990,#1991,#1992,#1993,#1994,#1995,#1996,#1997,#1998,#1999,#2000,#2001,
#2002,#2003,#2004,#2005,#2006,#2007,#2008,#2009,#2010,#2011,#2012,#2013,
#2014,#2015,#2016,#2017,#2018,#2019,#2020,#2021,#2022,#2023,#2024,#2025,
#2026,#2027,#2028,#2029,#2030,#2031,#2032,#2033,#2034,#2035,#2036,#2037,
#2038,#2039,#2040,#2041,#2042,#2043,#2044,#2045,#2046,#2047,#2048,#2049,
#2050,#2051,#2052,#2053,#2054,#2055,#2056,#2057,#2058),(#2059,#2060,#2061,
#2062,#2063,#2064,#2065,#2066,#2067,#2068,#2069,#2070,#2071,#2072,#2073,
#2074,#2075,#2076,#2077,#2078,#2079,#2080,#2081,#2082,#2083,#2084,#2085,
#2086,#2087,#2088,#2089,#2090,#2091,#2092,#2093,#2094,#2095,#2096,#2097,
#2098,#2099,#2100,#2101,#2102,#2103,#2104,#2105,#2106,#2107,#2108,#2109,
#2110,#2111,#2112,#2113,#2114,#2115,#2116,#2117,#2118,#2119,#2120,#2121,
#2122,#2123,#2124,#2125,#2126,#2127,#2128,#2129,#2130,#2131),(#2132,#2133,
#2134,#2135,#2136,#2137,#2138,#2139,#2140,#2141,#2142,#2143,#2144,#2145,
#2146,#2147,#2148,#2149,#2150,#2151,#2152,#2153,#2154,#2155,#2156,#2157,
#2158,#2159,#2160,#2161,#2162,#2163,#2164,#2165,#2166,#2167,#2168,#2169,
#2170,#2171,#2172,#2173,#2174,#2175,#2176,#2177,#2178,#2179,#2180,#2181,
#2182,#2183,#2184,#2185,#2186,#2187,#2188,#2189,#2190,#2191,#2192,#2193,
#2194,#2195,#2196,#2197,#2198,#2199,#2200,#2201,#2202,#2203,#2204)),
 .UNSPECIFIED.,.F.,.F.,.F.,(4,4),(4,1,1,1,1,1,1,1,1,1,1,1,1,1,1,1,1,1,1,
1,1,1,1,1,1,1,1,1,1,1,1,1,1,1,1,1,1,1,1,1,1,1,1,1,1,1,1,1,1,1,1,1,1,1,1,
1,1,1,1,1,1,1,1,1,1,1,1,1,1,1,4),(0.,0.0312519700712345),(14.5297192009424,
15.0245218122146,15.5193244234868,16.014127034759,16.5089296460312,17.0037322573034,
17.4985348685756,17.9933374798478,18.48814009112,18.9829427023922,19.4777453136644,
19.9725479249366,20.4673505362088,20.962153147481,21.4569557587532,21.9517583700254,
22.4465609812976,22.9413635925698,23.436166203842,23.9309688151142,24.4257714263864,
24.9205740376586,25.4153766489308,25.910179260203,26.4049818714752,26.8997844827474,
27.3945870940196,27.8893897052918,28.384192316564,28.8789949278362,29.3737975391084,
29.8686001503806,30.3634027616528,30.8582053729249,31.3530079841971,31.8478105954693,
32.3426132067415,32.8374158180137,33.3322184292859,33.8270210405581,34.3218236518303,
34.8166262631025,35.3114288743747,35.8062314856469,36.3010340969191,36.7958367081913,
37.2906393194635,37.7854419307357,38.2802445420079,38.7750471532801,39.2698497645523,
39.7646523758245,40.2594549870967,40.7542575983689,41.2490602096411,41.7438628209133,
42.2386654321855,42.7334680434577,43.2282706547299,43.7230732660021,44.2178758772743,
44.7126784885465,45.2074810998187,45.7022837110909,46.1970863223631,46.6918889336353,
47.1866915449075,47.6814941561797,48.1762967674519,48.6710993787241,49.1659019899963),
 .UNSPECIFIED.);
#38=B_SPLINE_SURFACE_WITH_KNOTS('',1,3,((#2803,#2804,#2805,#2806,#2807,
#2808,#2809,#2810,#2811,#2812,#2813,#2814,#2815,#2816,#2817,#2818,#2819,
#2820,#2821,#2822,#2823,#2824,#2825,#2826,#2827,#2828,#2829,#2830,#2831,
#2832,#2833,#2834,#2835,#2836),(#2837,#2838,#2839,#2840,#2841,#2842,#2843,
#2844,#2845,#2846,#2847,#2848,#2849,#2850,#2851,#2852,#2853,#2854,#2855,
#2856,#2857,#2858,#2859,#2860,#2861,#2862,#2863,#2864,#2865,#2866,#2867,
#2868,#2869,#2870)),.UNSPECIFIED.,.F.,.T.,.F.,(2,2),(4,2,2,2,2,2,2,2,2,
2,2,2,2,2,2,2,4),(0.742095128918779,1.00108093714065),(0.999992988,1.062492988,
1.124992988,1.187492988,1.249992988,1.312492988,1.374992988,1.437492988,
1.499992988,1.562492988,1.624992988,1.687492988,1.749992988,1.812492988,
1.874992988,1.937492988,1.999992988),.UNSPECIFIED.);
#39=B_SPLINE_SURFACE_WITH_KNOTS('',1,3,((#2939,#2940,#2941,#2942,#2943,
#2944,#2945,#2946,#2947,#2948,#2949,#2950,#2951,#2952,#2953,#2954,#2955,
#2956),(#2957,#2958,#2959,#2960,#2961,#2962,#2963,#2964,#2965,#2966,#2967,
#2968,#2969,#2970,#2971,#2972,#2973,#2974)),.UNSPECIFIED.,.F.,.T.,.F.,(2,
2),(4,2,2,2,2,2,2,2,4),(-0.00109337062488556,1.),(0.999997612,1.124997612,
1.249997612,1.374997612,1.499997612,1.624997612,1.749997612,1.874997612,
1.999997612),.UNSPECIFIED.);
#40=FACE_OUTER_BOUND('',#71,.T.);
#41=FACE_OUTER_BOUND('',#72,.T.);
#42=FACE_OUTER_BOUND('',#73,.T.);
#43=FACE_OUTER_BOUND('',#74,.T.);
#44=FACE_OUTER_BOUND('',#75,.T.);
#45=FACE_OUTER_BOUND('',#76,.T.);
#46=FACE_OUTER_BOUND('',#77,.T.);
#47=FACE_OUTER_BOUND('',#78,.T.);
#48=FACE_OUTER_BOUND('',#79,.T.);
#49=FACE_OUTER_BOUND('',#80,.T.);
#50=FACE_OUTER_BOUND('',#81,.T.);
#51=FACE_OUTER_BOUND('',#82,.T.);
#52=FACE_OUTER_BOUND('',#83,.T.);
#53=FACE_OUTER_BOUND('',#84,.T.);
#54=FACE_OUTER_BOUND('',#85,.T.);
#55=FACE_OUTER_BOUND('',#87,.T.);
#56=FACE_OUTER_BOUND('',#89,.T.);
#57=FACE_OUTER_BOUND('',#91,.T.);
#58=FACE_OUTER_BOUND('',#92,.T.);
#59=FACE_OUTER_BOUND('',#94,.T.);
#60=FACE_OUTER_BOUND('',#96,.T.);
#61=FACE_OUTER_BOUND('',#97,.T.);
#62=FACE_OUTER_BOUND('',#99,.T.);
#63=FACE_OUTER_BOUND('',#101,.T.);
#64=FACE_OUTER_BOUND('',#102,.T.);
#65=FACE_OUTER_BOUND('',#103,.T.);
#66=FACE_OUTER_BOUND('',#104,.T.);
#67=FACE_OUTER_BOUND('',#105,.T.);
#68=FACE_OUTER_BOUND('',#107,.T.);
#69=FACE_OUTER_BOUND('',#108,.T.);
#70=FACE_OUTER_BOUND('',#109,.T.);
#71=EDGE_LOOP('',(#358,#359,#360,#361));
#72=EDGE_LOOP('',(#362,#363,#364,#365));
#73=EDGE_LOOP('',(#366,#367,#368,#369));
#74=EDGE_LOOP('',(#370,#371,#372,#373));
#75=EDGE_LOOP('',(#374,#375,#376,#377));
#76=EDGE_LOOP('',(#378,#379,#380));
#77=EDGE_LOOP('',(#381,#382,#383,#384,#385));
#78=EDGE_LOOP('',(#386,#387,#388,#389));
#79=EDGE_LOOP('',(#390,#391,#392,#393));
#80=EDGE_LOOP('',(#394,#395,#396,#397));
#81=EDGE_LOOP('',(#398,#399,#400,#401));
#82=EDGE_LOOP('',(#402,#403,#404,#405));
#83=EDGE_LOOP('',(#406,#407,#408,#409,#410,#411,#412,#413,#414,#415,#416,
#417,#418,#419));
#84=EDGE_LOOP('',(#420,#421,#422,#423,#424,#425,#426,#427,#428,#429,#430,
#431,#432,#433,#434));
#85=EDGE_LOOP('',(#435,#436,#437,#438,#439,#440,#441,#442,#443,#444,#445));
#86=EDGE_LOOP('',(#446,#447));
#87=EDGE_LOOP('',(#448,#449,#450,#451,#452,#453,#454,#455,#456));
#88=EDGE_LOOP('',(#457,#458));
#89=EDGE_LOOP('',(#459));
#90=EDGE_LOOP('',(#460));
#91=EDGE_LOOP('',(#461,#462,#463,#464));
#92=EDGE_LOOP('',(#465));
#93=EDGE_LOOP('',(#466));
#94=EDGE_LOOP('',(#467));
#95=EDGE_LOOP('',(#468));
#96=EDGE_LOOP('',(#469,#470,#471,#472));
#97=EDGE_LOOP('',(#473));
#98=EDGE_LOOP('',(#474,#475,#476,#477));
#99=EDGE_LOOP('',(#478,#479,#480,#481,#482));
#100=EDGE_LOOP('',(#483));
#101=EDGE_LOOP('',(#484,#485,#486,#487));
#102=EDGE_LOOP('',(#488,#489,#490,#491,#492,#493));
#103=EDGE_LOOP('',(#494,#495,#496,#497,#498,#499));
#104=EDGE_LOOP('',(#500,#501,#502,#503));
#105=EDGE_LOOP('',(#504));
#106=EDGE_LOOP('',(#505));
#107=EDGE_LOOP('',(#506,#507,#508,#509,#510));
#108=EDGE_LOOP('',(#511,#512,#513,#514,#515,#516,#517,#518,#519));
#109=EDGE_LOOP('',(#520,#521,#522,#523,#524,#525,#526,#527));
#110=CIRCLE('',#594,9.22935);
#111=CIRCLE('',#599,9.22935);
#112=CIRCLE('',#601,9.5);
#113=CIRCLE('',#603,9.5);
#114=CIRCLE('',#608,9.5);
#115=CIRCLE('',#611,9.);
#116=CIRCLE('',#612,9.);
#117=CIRCLE('',#613,9.);
#118=CIRCLE('',#615,9.5);
#119=CIRCLE('',#616,9.5);
#120=CIRCLE('',#618,9.7);
#121=CIRCLE('',#619,9.5);
#122=CIRCLE('',#621,10.4);
#123=CIRCLE('',#622,10.4);
#124=CIRCLE('',#624,9.95);
#125=CIRCLE('',#627,9.95);
#126=CIRCLE('',#633,9.7);
#127=CIRCLE('',#636,0.5);
#128=B_SPLINE_CURVE_WITH_KNOTS('',3,(#756,#757,#758,#759,#760,#761,#762,
#763,#764,#765,#766,#767,#768,#769,#770,#771),.UNSPECIFIED.,.F.,.F.,(4,
3,3,3,3,4),(32.5941706029045,32.6569723439651,33.1517749552373,33.6465775665095,
34.1413801777817,34.6361827890538),.UNSPECIFIED.);
#129=B_SPLINE_CURVE_WITH_KNOTS('',3,(#774,#775,#776,#777,#778,#779,#780,
#781,#782,#783,#784,#785,#786,#787,#788,#789,#790,#791,#792,#793,#794,#795,
#796,#797,#798,#799,#800,#801),.UNSPECIFIED.,.F.,.F.,(4,3,3,3,3,3,3,3,3,
4),(-32.6725635973338,-32.656972343965,-32.1621697326928,-31.6673671214206,
-31.1725645101484,-30.6777618988762,-30.1829592876041,-29.6881566763319,
-29.1933540650597,-29.0597090070215),.UNSPECIFIED.);
#130=B_SPLINE_CURVE_WITH_KNOTS('',3,(#806,#807,#808,#809,#810,#811,#812,
#813,#814,#815,#816,#817,#818,#819,#820,#821,#822,#823,#824,#825,#826,#827,
#828,#829,#830,#831,#832,#833,#834,#835,#836,#837,#838,#839,#840,#841,#842,
#843,#844,#845),.UNSPECIFIED.,.F.,.F.,(4,3,3,3,3,3,3,3,3,3,3,3,3,4),(26.3109852957249,
26.7193410086987,27.2141436199709,27.7089462312431,28.2037488425153,28.6985514537875,
29.1933540650597,29.6881566763319,30.1829592876041,30.6777618988763,31.1725645101485,
31.6673671214207,32.1621697326929,32.5941706029045),.UNSPECIFIED.);
#131=B_SPLINE_CURVE_WITH_KNOTS('',3,(#846,#847,#848,#849,#850,#851,#852,
#853,#854,#855,#856,#857,#858,#859,#860,#861,#862,#863,#864,#865,#866,#867,
#868,#869,#870,#871,#872,#873,#874,#875,#876,#877,#878,#879,#880,#881,#882,
#883,#884,#885),.UNSPECIFIED.,.F.,.F.,(4,3,3,3,3,3,3,3,3,3,3,3,3,4),(-29.0597090070215,
-28.6985514537875,-28.2037488425153,-27.7089462312431,-27.2141436199709,
-26.7193410086987,-26.2245383974265,-25.7297357861543,-25.2349331748821,
-24.7401305636099,-24.2453279523377,-23.7505253410655,-23.2557227297933,
-22.7765236998419),.UNSPECIFIED.);
#132=B_SPLINE_CURVE_WITH_KNOTS('',3,(#890,#891,#892,#893,#894,#895,#896,
#897,#898,#899,#900,#901,#902,#903,#904,#905,#906,#907,#908,#909,#910,#911,
#912,#913,#914,#915,#916,#917,#918,#919,#920,#921,#922,#923,#924,#925,#926,
#927,#928,#929,#930,#931,#932),.UNSPECIFIED.,.F.,.F.,(4,3,3,3,3,3,3,3,3,
3,3,3,3,3,4),(20.0277999885453,20.2869070621601,20.7817096734323,21.2765122847045,
21.7713148959767,22.2661175072489,22.7609201185211,23.2557227297933,23.7505253410655,
24.2453279523377,24.7401305636099,25.2349331748821,25.7297357861543,26.2245383974265,
26.3109852957249),.UNSPECIFIED.);
#133=B_SPLINE_CURVE_WITH_KNOTS('',3,(#933,#934,#935,#936,#937,#938,#939,
#940,#941,#942,#943,#944,#945,#946,#947,#948,#949,#950,#951,#952,#953,#954,
#955,#956,#957,#958,#959,#960,#961,#962,#963,#964,#965,#966,#967,#968,#969,
#970,#971,#972,#973,#974,#975),.UNSPECIFIED.,.F.,.F.,(4,3,3,3,3,3,3,3,3,
3,3,3,3,3,4),(-22.7765236998419,-22.7609201185211,-22.2661175072489,-21.7713148959767,
-21.2765122847045,-20.7817096734323,-20.2869070621601,-19.7921044508879,
-19.2973018396157,-18.8024992283435,-18.3076966170713,-17.8128940057991,
-17.3180913945269,-16.8232887832547,-16.4933383926623),.UNSPECIFIED.);
#134=B_SPLINE_CURVE_WITH_KNOTS('',3,(#980,#981,#982,#983,#984,#985,#986,
#987,#988,#989,#990,#991,#992,#993,#994,#995,#996,#997,#998,#999,#1000,
#1001,#1002,#1003,#1004,#1005,#1006,#1007,#1008,#1009,#1010,#1011,#1012,
#1013,#1014,#1015,#1016,#1017,#1018,#1019,#1020,#1021,#1022),
 .UNSPECIFIED.,.F.,.F.,(4,3,3,3,3,3,3,3,3,3,3,3,3,3,4),(13.7446146813657,
13.8544731156215,14.3492757268937,14.8440783381659,15.3388809494381,15.8336835607103,
16.3284861719825,16.8232887832547,17.3180913945269,17.8128940057991,18.3076966170713,
18.8024992283435,19.2973018396157,19.7921044508879,20.0277999885453),
 .UNSPECIFIED.);
#135=B_SPLINE_CURVE_WITH_KNOTS('',3,(#1023,#1024,#1025,#1026,#1027,#1028,
#1029,#1030,#1031,#1032,#1033,#1034,#1035,#1036,#1037,#1038,#1039,#1040,
#1041,#1042,#1043,#1044,#1045,#1046,#1047,#1048,#1049,#1050,#1051,#1052,
#1053,#1054,#1055,#1056,#1057,#1058,#1059,#1060,#1061,#1062,#1063,#1064,
#1065),.UNSPECIFIED.,.F.,.F.,(4,3,3,3,3,3,3,3,3,3,3,3,3,3,4),(-16.4933383926623,
-16.3284861719825,-15.8336835607103,-15.3388809494381,-14.8440783381659,
-14.3492757268937,-13.8544731156215,-13.3596705043493,-12.8648678930771,
-12.3700652818049,-11.8752626705327,-11.3804600592605,-10.8856574479883,
-10.3908548367162,-10.2101530854828),.UNSPECIFIED.);
#136=B_SPLINE_CURVE_WITH_KNOTS('',3,(#1071,#1072,#1073,#1074,#1075,#1076,
#1077,#1078,#1079,#1080,#1081,#1082,#1083,#1084,#1085,#1086,#1087,#1088,
#1089,#1090,#1091,#1092,#1093,#1094,#1095),.UNSPECIFIED.,.F.,.F.,(4,3,3,
3,3,3,3,3,4),(-3.92696777830316,-3.46361827890538,-2.96881566763318,-2.47401305636099,
-1.97921044508879,-1.48440783381659,-0.989605222544394,-0.494802611272197,
0.),.UNSPECIFIED.);
#137=B_SPLINE_CURVE_WITH_KNOTS('',3,(#1098,#1099,#1100,#1101,#1102,#1103,
#1104,#1105,#1106,#1107,#1108,#1109,#1110,#1111,#1112,#1113,#1114,#1115,
#1116,#1117,#1118,#1119,#1120,#1121,#1122,#1123,#1124,#1125,#1126,#1127,
#1128,#1129,#1130,#1131,#1132,#1133,#1134,#1135,#1136,#1137),
 .UNSPECIFIED.,.F.,.F.,(4,3,3,3,3,3,3,3,3,3,3,3,3,4),(1.96361919171996,
1.97921044508879,2.47401305636099,2.96881566763319,3.46361827890539,3.95842089017759,
4.45322350144978,4.94802611272198,5.44282872399418,5.93763133526638,6.43243394653858,
6.92723655781077,7.42203916908297,7.46142937418614),.UNSPECIFIED.);
#138=B_SPLINE_CURVE_WITH_KNOTS('',3,(#1144,#1145,#1146,#1147,#1148),
 .UNSPECIFIED.,.F.,.F.,(4,1,4),(47.1238898038469,47.1866915449075,47.2022827982763),
 .UNSPECIFIED.);
#139=B_SPLINE_CURVE_WITH_KNOTS('',3,(#1154,#1155,#1156,#1157,#1158,#1159,
#1160,#1161,#1162,#1163,#1164,#1165,#1166,#1167,#1168),.UNSPECIFIED.,.F.,
 .F.,(4,1,1,1,1,1,1,1,1,1,1,1,4),(40.8407044966673,40.9743495547054,41.4691521659776,
41.9639547772498,42.458757388522,42.9535599997942,43.4483626110664,43.9431652223386,
44.4379678336108,44.932770444883,45.4275730561552,45.9223756674274,46.4171782786996),
 .UNSPECIFIED.);
#140=B_SPLINE_CURVE_WITH_KNOTS('',3,(#1170,#1171,#1172,#1173,#1174,#1175,
#1176,#1177,#1178,#1179,#1180,#1181,#1182,#1183,#1184,#1185),
 .UNSPECIFIED.,.F.,.F.,(4,1,1,1,1,1,1,1,1,1,1,1,1,4),(40.8407044966673,
41.2490602096411,41.7438628209133,42.2386654321855,42.7334680434577,43.2282706547299,
43.7230732660021,44.2178758772743,44.7126784885465,45.2074810998187,45.7022837110909,
46.1970863223631,46.6918889336353,47.1238898038469),.UNSPECIFIED.);
#141=B_SPLINE_CURVE_WITH_KNOTS('',3,(#1190,#1191,#1192,#1193,#1194,#1195,
#1196,#1197,#1198,#1199,#1200,#1201,#1202,#1203,#1204,#1205),
 .UNSPECIFIED.,.F.,.F.,(4,1,1,1,1,1,1,1,1,1,1,1,1,4),(34.5575191894877,
35.0367182194391,35.5315208307113,36.0263234419835,36.5211260532557,37.0159286645279,
37.5107312758001,38.0055338870723,38.5003364983445,38.9951391096166,39.4899417208888,
39.984744332161,40.4795469434332,40.8407044966673),.UNSPECIFIED.);
#142=B_SPLINE_CURVE_WITH_KNOTS('',3,(#1206,#1207,#1208,#1209,#1210,#1211,
#1212,#1213,#1214,#1215,#1216,#1217,#1218,#1219,#1220,#1221,#1222),
 .UNSPECIFIED.,.F.,.F.,(4,1,1,1,1,1,1,1,1,1,1,1,1,1,4),(34.5575191894877,
34.8166262631025,35.3114288743747,35.8062314856469,36.3010340969191,36.7958367081913,
37.2906393194635,37.7854419307357,38.2802445420079,38.7750471532801,39.2698497645523,
39.7646523758245,40.2594549870967,40.7542575983689,40.8407044966673),
 .UNSPECIFIED.);
#143=B_SPLINE_CURVE_WITH_KNOTS('',3,(#1227,#1228,#1229,#1230,#1231,#1232,
#1233,#1234,#1235,#1236,#1237,#1238,#1239,#1240,#1241,#1242,#1243),
 .UNSPECIFIED.,.F.,.F.,(4,1,1,1,1,1,1,1,1,1,1,1,1,1,4),(28.2743338823081,
28.6042842729005,29.0990868841727,29.5938894954449,30.0886921067171,30.5834947179893,
31.0782973292615,31.5730999405337,32.0679025518059,32.5627051630781,33.0575077743503,
33.5523103856225,34.0471129968947,34.5419156081669,34.5575191894877),
 .UNSPECIFIED.);
#144=B_SPLINE_CURVE_WITH_KNOTS('',3,(#1244,#1245,#1246,#1247,#1248,#1249,
#1250,#1251,#1252,#1253,#1254,#1255,#1256,#1257,#1258,#1259,#1260),
 .UNSPECIFIED.,.F.,.F.,(4,1,1,1,1,1,1,1,1,1,1,1,1,1,4),(28.2743338823081,
28.384192316564,28.8789949278362,29.3737975391084,29.8686001503806,30.3634027616528,
30.8582053729249,31.3530079841971,31.8478105954693,32.3426132067415,32.8374158180137,
33.3322184292859,33.8270210405581,34.3218236518303,34.5575191894877),
 .UNSPECIFIED.);
#145=B_SPLINE_CURVE_WITH_KNOTS('',3,(#1265,#1266,#1267,#1268,#1269,#1270,
#1271,#1272,#1273,#1274,#1275,#1276,#1277,#1278,#1279,#1280,#1281),
 .UNSPECIFIED.,.F.,.F.,(4,1,1,1,1,1,1,1,1,1,1,1,1,1,4),(21.9911485751285,
22.1718503263619,22.6666529376341,23.1614555489063,23.6562581601785,24.1510607714507,
24.6458633827229,25.1406659939951,25.6354686052673,26.1302712165395,26.6250738278117,
27.1198764390839,27.6146790503561,28.1094816616283,28.2743338823081),
 .UNSPECIFIED.);
#146=B_SPLINE_CURVE_WITH_KNOTS('',3,(#1282,#1283,#1284,#1285,#1286,#1287,
#1288,#1289,#1290,#1291,#1292,#1293,#1294,#1295,#1296,#1297),
 .UNSPECIFIED.,.F.,.F.,(4,1,1,1,1,1,1,1,1,1,1,1,1,4),(21.9911485751285,
22.4465609812976,22.9413635925698,23.436166203842,23.9309688151142,24.4257714263864,
24.9205740376586,25.4153766489308,25.910179260203,26.4049818714752,26.8997844827474,
27.3945870940196,27.8893897052918,28.2743338823081),.UNSPECIFIED.);
#147=B_SPLINE_CURVE_WITH_KNOTS('',3,(#1303,#1304,#1305,#1306,#1307,#1308),
 .UNSPECIFIED.,.F.,.F.,(4,1,1,4),(14.5297192009424,15.0245218122146,15.5193244234868,
15.7079632679489),.UNSPECIFIED.);
#148=B_SPLINE_CURVE_WITH_KNOTS('',3,(#1311,#1312,#1313,#1314,#1315,#1316,
#1317,#1318),.UNSPECIFIED.,.F.,.F.,(4,1,1,1,1,4),(13.7446146813658,13.7602059347346,
14.2550085460068,14.749811157279,15.2446137685512,15.7079632679489),
 .UNSPECIFIED.);
#149=B_SPLINE_CURVE_WITH_KNOTS('',3,(#1320,#1321,#1322,#1323,#1324,#1325,
#1326,#1327,#1328,#1329,#1330,#1331,#1332,#1333,#1334,#1335,#1336),
 .UNSPECIFIED.,.F.,.F.,(4,1,1,1,1,1,1,1,1,1,1,1,1,1,4),(15.7079632679489,
15.7394163798234,16.2342189910956,16.7290216023678,17.22382421364,17.7186268249121,
18.2134294361843,18.7082320474565,19.2030346587287,19.6978372700009,20.1926398812731,
20.6874424925453,21.1822451038175,21.6770477150897,21.9911485751285),
 .UNSPECIFIED.);
#150=B_SPLINE_CURVE_WITH_KNOTS('',3,(#1337,#1338,#1339,#1340,#1341,#1342,
#1343,#1344,#1345,#1346,#1347,#1348,#1349,#1350,#1351,#1352,#1353),
 .UNSPECIFIED.,.F.,.F.,(4,1,1,1,1,1,1,1,1,1,1,1,1,1,4),(15.7079632679489,
16.014127034759,16.5089296460312,17.0037322573034,17.4985348685756,17.9933374798478,
18.48814009112,18.9829427023922,19.4777453136644,19.9725479249366,20.4673505362088,
20.962153147481,21.4569557587532,21.9517583700254,21.9911485751285),
 .UNSPECIFIED.);
#151=B_SPLINE_CURVE_WITH_KNOTS('',3,(#1646,#1647,#1648,#1649,#1650,#1651,
#1652,#1653,#1654,#1655,#1656,#1657,#1658,#1659,#1660,#1661,#1662,#1663,
#1664,#1665,#1666,#1667,#1668,#1669,#1670,#1671,#1672,#1673,#1674,#1675,
#1676,#1677,#1678,#1679,#1680,#1681,#1682,#1683,#1684,#1685,#1686,#1687,
#1688,#1689,#1690,#1691,#1692,#1693,#1694,#1695,#1696,#1697,#1698,#1699,
#1700,#1701,#1702,#1703,#1704,#1705,#1706,#1707,#1708,#1709,#1710,#1711,
#1712,#1713,#1714,#1715,#1716,#1717,#1718,#1719,#1720,#1721,#1722,#1723,
#1724,#1725,#1726,#1727,#1728,#1729,#1730,#1731,#1732,#1733,#1734,#1735,
#1736,#1737,#1738,#1739,#1740,#1741,#1742,#1743,#1744,#1745,#1746,#1747,
#1748,#1749,#1750,#1751,#1752,#1753,#1754),.UNSPECIFIED.,.F.,.F.,(4,3,3,
3,3,3,3,3,3,3,3,3,3,3,3,3,3,3,3,3,3,3,3,3,3,3,3,3,3,3,3,3,3,3,3,3,4),(-1.84344547293303,
-1.77180691361927,-1.69977400763125,-1.6580847067045,-1.64307163268643,
-1.57118947654719,-1.49957989497554,-1.46837769933676,-1.45904450692021,
-1.44944935696887,-1.37477111242043,-1.30340352000469,-1.23159457376997,
-1.15989887005169,-1.09700323276111,-1.08522288948612,-1.0138474282656,
-0.942487487336665,-0.908316320889364,-0.836831039140644,-0.765469395216702,
-0.74049961509436,-0.727036281659694,-0.719361108886062,-0.648316883825032,
-0.577095885098377,-0.506442155373249,-0.445174084218253,-0.389527323690971,
-0.374627042635116,-0.36404338410094,-0.356225752227169,-0.286110794727111,
-0.214583096045334,-0.143768876585822,-0.0718844382929111,0.),
 .UNSPECIFIED.);
#152=B_SPLINE_CURVE_WITH_KNOTS('',3,(#1755,#1756,#1757,#1758,#1759,#1760,
#1761,#1762,#1763,#1764,#1765,#1766,#1767,#1768,#1769,#1770,#1771,#1772,
#1773,#1774,#1775,#1776,#1777,#1778,#1779,#1780,#1781,#1782,#1783,#1784,
#1785,#1786,#1787,#1788,#1789,#1790,#1791,#1792,#1793,#1794,#1795,#1796,
#1797,#1798,#1799,#1800,#1801,#1802,#1803,#1804,#1805,#1806,#1807,#1808,
#1809,#1810,#1811,#1812,#1813,#1814,#1815,#1816,#1817,#1818,#1819,#1820,
#1821,#1822,#1823,#1824,#1825,#1826,#1827,#1828,#1829,#1830,#1831,#1832,
#1833,#1834,#1835,#1836,#1837,#1838,#1839,#1840,#1841,#1842,#1843,#1844,
#1845,#1846,#1847,#1848,#1849,#1850,#1851,#1852,#1853,#1854,#1855,#1856,
#1857,#1858,#1859,#1860,#1861,#1862,#1863,#1864,#1865,#1866,#1867,#1868,
#1869),.UNSPECIFIED.,.F.,.F.,(4,3,3,3,3,3,3,3,3,3,3,3,3,3,3,3,3,3,3,3,3,
3,3,3,3,3,3,3,3,3,3,3,3,3,3,3,3,3,4),(0.,0.0694713740665727,0.139868954995925,
0.210762323442044,0.281391337969328,0.32597333790826,0.346483703788017,
0.360779056038536,0.369027372021173,0.44016273146185,0.459719337725055,
0.530371274506397,0.601530600166037,0.672661741047219,0.703951944923956,
0.720931822033213,0.730651451430126,0.801903716283766,0.873374240128545,
0.922983372061109,0.994406229417416,1.04379530901079,1.08749010944215,1.09595023214768,
1.16934239065186,1.24116009594243,1.31533948105343,1.38951886616443,1.4462596920105,
1.4567273384737,1.46484667425249,1.53631800432613,1.60819232836933,1.63764766207928,
1.6496552469271,1.66141437489076,1.73346098711124,1.80509819876476,1.84344547293304),
 .UNSPECIFIED.);
#153=B_SPLINE_CURVE_WITH_KNOTS('',3,(#1870,#1871,#1872,#1873,#1874,#1875,
#1876,#1877,#1878,#1879,#1880,#1881,#1882,#1883,#1884,#1885,#1886,#1887,
#1888,#1889,#1890,#1891,#1892,#1893,#1894,#1895,#1896,#1897,#1898,#1899,
#1900,#1901,#1902,#1903,#1904,#1905,#1906,#1907,#1908,#1909,#1910,#1911,
#1912),.UNSPECIFIED.,.F.,.F.,(4,3,3,3,3,3,3,3,3,3,3,3,3,3,4),(-10.2101530854828,
-9.89605222544396,-9.40124961417176,-8.90644700289956,-8.41164439162736,
-7.91684178035516,-7.42203916908297,-6.92723655781077,-6.43243394653857,
-5.93763133526637,-5.44282872399417,-4.94802611272198,-4.45322350144978,
-3.95842089017758,-3.92696777830316),.UNSPECIFIED.);
#154=B_SPLINE_CURVE_WITH_KNOTS('',3,(#2205,#2206,#2207,#2208,#2209,#2210,
#2211,#2212,#2213,#2214,#2215,#2216,#2217,#2218,#2219,#2220,#2221,#2222,
#2223,#2224,#2225,#2226,#2227,#2228,#2229,#2230,#2231,#2232,#2233,#2234,
#2235,#2236,#2237,#2238,#2239,#2240,#2241,#2242,#2243,#2244,#2245,#2246,
#2247,#2248,#2249,#2250,#2251,#2252,#2253,#2254,#2255,#2256,#2257,#2258,
#2259,#2260,#2261,#2262,#2263,#2264,#2265,#2266,#2267,#2268,#2269,#2270,
#2271,#2272,#2273,#2274,#2275,#2276,#2277,#2278,#2279,#2280,#2281,#2282,
#2283,#2284,#2285,#2286,#2287,#2288,#2289,#2290,#2291,#2292,#2293,#2294,
#2295,#2296,#2297,#2298,#2299,#2300,#2301,#2302,#2303,#2304,#2305,#2306,
#2307,#2308,#2309,#2310,#2311,#2312,#2313),.UNSPECIFIED.,.F.,.F.,(4,3,3,
3,3,3,3,3,3,3,3,3,3,3,3,3,3,3,3,3,3,3,3,3,3,3,3,3,3,3,3,3,3,3,3,3,4),(-1.84456711136214,
-1.77446876827133,-1.70382942464546,-1.66184449671437,-1.64877711806646,
-1.57788584108165,-1.50711952110036,-1.47670344682029,-1.46711868439676,
-1.39595472832546,-1.38545522398007,-1.31487004660237,-1.24369691925657,
-1.17246052605109,-1.10982655074694,-1.09855327471192,-1.02723461626626,
-0.955704384945245,-0.921924624834485,-0.850482183024426,-0.778988364072737,
-0.753976559836359,-0.740383512990852,-0.732528073289359,-0.660981090362281,
-0.589106966314268,-0.517574660720816,-0.455075870493622,-0.398191386681919,
-0.38255060578708,-0.372403207326329,-0.364588473889454,-0.293524087511992,
-0.220143065633994,-0.147978805018053,-0.0739894025090264,0.),
 .UNSPECIFIED.);
#155=B_SPLINE_CURVE_WITH_KNOTS('',3,(#2314,#2315,#2316,#2317,#2318,#2319,
#2320,#2321,#2322,#2323,#2324,#2325,#2326,#2327,#2328,#2329,#2330,#2331,
#2332,#2333,#2334,#2335,#2336,#2337,#2338,#2339,#2340,#2341,#2342,#2343,
#2344,#2345,#2346,#2347,#2348,#2349,#2350,#2351,#2352,#2353),
 .UNSPECIFIED.,.F.,.F.,(4,3,3,3,3,3,3,3,3,3,3,3,3,4),(7.46142937418614,
7.91684178035517,8.41164439162737,8.90644700289957,9.40124961417176,9.89605222544396,
10.3908548367162,10.8856574479884,11.3804600592606,11.8752626705328,12.370065281805,
12.8648678930771,13.3596705043494,13.7446146813657),.UNSPECIFIED.);
#156=B_SPLINE_CURVE_WITH_KNOTS('',3,(#2354,#2355,#2356,#2357,#2358,#2359,
#2360,#2361,#2362,#2363,#2364,#2365,#2366,#2367,#2368,#2369,#2370,#2371,
#2372,#2373,#2374,#2375,#2376,#2377,#2378,#2379,#2380,#2381,#2382,#2383,
#2384,#2385,#2386,#2387,#2388,#2389,#2390,#2391,#2392,#2393,#2394,#2395,
#2396,#2397,#2398,#2399,#2400,#2401,#2402,#2403,#2404,#2405,#2406,#2407,
#2408,#2409,#2410,#2411,#2412,#2413,#2414,#2415,#2416,#2417,#2418,#2419,
#2420,#2421,#2422,#2423,#2424,#2425,#2426,#2427,#2428,#2429,#2430,#2431,
#2432,#2433,#2434,#2435,#2436,#2437,#2438,#2439,#2440,#2441,#2442,#2443,
#2444,#2445,#2446,#2447,#2448,#2449,#2450,#2451,#2452,#2453,#2454,#2455,
#2456,#2457,#2458,#2459,#2460,#2461,#2462,#2463,#2464,#2465,#2466,#2467,
#2468),.UNSPECIFIED.,.F.,.F.,(4,3,3,3,3,3,3,3,3,3,3,3,3,3,3,3,3,3,3,3,3,
3,3,3,3,3,3,3,3,3,3,3,3,3,3,3,3,3,4),(0.,0.0710199275492237,0.142871259523696,
0.215071127673693,0.286760161292338,0.332529956661989,0.352078497982969,
0.365475224277064,0.37556331332425,0.447353373427003,0.46983934277094,0.541368062985372,
0.613251213626527,0.684928688307823,0.716387687868021,0.733485996618758,
0.743546881227964,0.814975758050532,0.886386402173643,0.936600684789404,
1.00815495599508,1.0571359510184,1.1002268403608,1.10959726731074,1.18219867952847,
1.25348121143105,1.32674206380636,1.40000291618168,1.45557344057923,1.46565632315391,
1.47448294968374,1.54515526690624,1.61605282257896,1.64541160439537,1.65593748263909,
1.66723947997584,1.73794246712321,1.80802793011564,1.84456711136214),
 .UNSPECIFIED.);
#157=B_SPLINE_CURVE_WITH_KNOTS('',3,(#2475,#2476,#2477,#2478,#2479,#2480,
#2481,#2482,#2483,#2484,#2485,#2486,#2487,#2488,#2489,#2490,#2491,#2492,
#2493),.UNSPECIFIED.,.F.,.F.,(4,2,2,2,3,2,2,2,4),(0.79745472126925,0.859353439563141,
0.92543060786842,0.991531075648351,1.05763154342828,1.12373201120821,1.18983247898815,
1.25590964729342,1.31780836558731),.UNSPECIFIED.);
#158=B_SPLINE_CURVE_WITH_KNOTS('',3,(#2500,#2501,#2502,#2503,#2504,#2505,
#2506,#2507,#2508,#2509,#2510,#2511,#2512,#2513,#2514,#2515,#2516,#2517,
#2518,#2519),.UNSPECIFIED.,.F.,.F.,(4,2,2,2,2,2,2,2,2,4),(1.31780836558731,
1.3219868155987,1.38811108947158,1.45423536334446,1.52034133924344,1.58644731514242,
1.65255329104141,1.71865926694039,1.78478354081327,1.82869742425908),
 .UNSPECIFIED.);
#159=B_SPLINE_CURVE_WITH_KNOTS('',3,(#2521,#2522,#2523,#2524),
 .UNSPECIFIED.,.F.,.F.,(4,4),(0.771065880830801,0.793276271257862),
 .UNSPECIFIED.);
#160=B_SPLINE_CURVE_WITH_KNOTS('',3,(#2525,#2526,#2527,#2528),
 .UNSPECIFIED.,.F.,.F.,(4,4),(0.793276271257862,0.79745472126925),
 .UNSPECIFIED.);
#161=B_SPLINE_CURVE_WITH_KNOTS('',3,(#2531,#2532,#2533,#2534,#2535,#2536,
#2537,#2538,#2539,#2540,#2541,#2542,#2543,#2544,#2545,#2546,#2547,#2548,
#2549,#2550,#2551,#2552,#2553,#2554,#2555,#2556,#2557,#2558,#2559,#2560,
#2561,#2562,#2563,#2564,#2565,#2566,#2567,#2568,#2569,#2570,#2571,#2572,
#2573,#2574,#2575,#2576),.UNSPECIFIED.,.F.,.F.,(4,2,2,2,2,2,2,2,2,2,2,2,
2,2,2,2,2,2,2,2,2,2,4),(-0.586082762379184,-0.570276131588118,-0.555762145844761,
-0.545749554978794,-0.524395280920198,-0.497701494812328,-0.485209577671105,
-0.4667849290242,-0.442518509336765,-0.426000200433771,-0.396229909555807,
-0.386574226446024,-0.360333756746746,-0.337392674865216,-0.305366930389278,
-0.276254011889386,-0.252966901968187,-0.215618223888248,-0.188923004516656,
-0.16126449071078,-0.123046841957796,-0.0820998716648151,-9.99997186820756E-7),
 .UNSPECIFIED.);
#162=B_SPLINE_CURVE_WITH_KNOTS('',3,(#2577,#2578,#2579,#2580,#2581,#2582),
 .UNSPECIFIED.,.F.,.F.,(4,2,4),(1.00000024820177E-6,0.0203423035590233,
0.0409219827288072),.UNSPECIFIED.);
#163=B_SPLINE_CURVE_WITH_KNOTS('',3,(#2589,#2590,#2591,#2592,#2593,#2594,
#2595,#2596,#2597,#2598,#2599,#2600,#2601,#2602,#2603,#2604,#2605,#2606,
#2607,#2608,#2609,#2610,#2611,#2612,#2613,#2614,#2615,#2616,#2617,#2618,
#2619,#2620,#2621,#2622,#2623,#2624,#2625,#2626,#2627,#2628),
 .UNSPECIFIED.,.F.,.F.,(4,3,3,3,3,3,3,3,3,3,3,3,3,4),(0.483118276045145,
0.5,0.540922605085494,0.58393667728139,0.625,0.665609016062032,0.709603919108784,
0.75,0.793617857545705,0.841179811359986,0.875,0.909390168688217,0.942958966651875,
0.976527764615534),.UNSPECIFIED.);
#164=B_SPLINE_CURVE_WITH_KNOTS('',3,(#2633,#2634,#2635,#2636),
 .UNSPECIFIED.,.F.,.F.,(4,4),(0.976527764615534,1.),.UNSPECIFIED.);
#165=B_SPLINE_CURVE_WITH_KNOTS('',3,(#2637,#2638,#2639,#2640,#2641,#2642,
#2643,#2644,#2645,#2646,#2647,#2648,#2649,#2650,#2651,#2652,#2653,#2654,
#2655,#2656,#2657,#2658,#2659,#2660,#2661,#2662,#2663,#2664,#2665,#2666,
#2667,#2668,#2669,#2670,#2671,#2672,#2673,#2674,#2675,#2676),
 .UNSPECIFIED.,.F.,.F.,(4,3,3,3,3,3,3,3,3,3,3,3,3,4),(0.,0.0340432114176561,
0.0698603741094077,0.108691548760031,0.125,0.166689108823495,0.208556226396907,
0.25,0.290118930222195,0.333985791915164,0.375,0.418132606156701,0.457778522187801,
0.483118276045145),.UNSPECIFIED.);
#166=B_SPLINE_CURVE_WITH_KNOTS('',3,(#2679,#2680,#2681,#2682,#2683,#2684),
 .UNSPECIFIED.,.F.,.F.,(4,2,4),(1.09006051058674,1.18084499773946,1.2258618117674),
 .UNSPECIFIED.);
#167=B_SPLINE_CURVE_WITH_KNOTS('',3,(#2685,#2686,#2687,#2688,#2689,#2690,
#2691,#2692,#2693,#2694,#2695,#2696,#2697,#2698,#2699,#2700,#2701,#2702,
#2703,#2704,#2705,#2706,#2707,#2708,#2709,#2710,#2711,#2712,#2713,#2714,
#2715,#2716,#2717),.UNSPECIFIED.,.F.,.F.,(4,2,2,3,2,2,2,2,2,2,2,2,2,2,2,
4),(-0.227431121933991,-0.181663448809221,-0.0908317244046105,0.,0.0908317244046106,
0.181663448809221,0.272447935961935,0.36323242311465,0.454097286236996,
0.544962149359343,0.635804308105019,0.726646466850695,0.817488625596372,
0.908330784342048,0.999195647464395,1.09006051058674),.UNSPECIFIED.);
#168=B_SPLINE_CURVE_WITH_KNOTS('',3,(#2744,#2745,#2746,#2747),
 .UNSPECIFIED.,.F.,.F.,(4,4),(2.31712076050142,2.33409891268026),
 .UNSPECIFIED.);
#169=B_SPLINE_CURVE_WITH_KNOTS('',3,(#2748,#2749,#2750,#2751,#2752,#2753,
#2754,#2755,#2756,#2757,#2758,#2759,#2760,#2761,#2762,#2763,#2764,#2765,
#2766,#2767,#2768,#2769,#2770,#2771,#2772,#2773,#2774,#2775,#2776,#2777,
#2778,#2779,#2780,#2781,#2782,#2783,#2784,#2785,#2786,#2787,#2788,#2789,
#2790,#2791,#2792,#2793,#2794,#2795,#2796,#2797,#2798,#2799,#2800,#2801,
#2802),.UNSPECIFIED.,.F.,.F.,(4,2,2,2,2,2,2,2,2,2,2,2,3,2,2,2,2,2,2,2,2,
2,2,2,2,2,4),(0.800196698634998,0.821044590704415,0.905439906225106,0.948231896414779,
0.991789973994571,1.03626875969064,1.12437723618665,1.16829940394891,1.25816087868212,
1.35354009731946,1.44212862567557,1.48716688467062,1.53390221404526,1.59967688972321,
1.64548620859021,1.69217758716122,1.73979269397324,1.7883457661188,1.83670352301913,
1.88466122618879,1.93285141364991,1.98158796659817,2.03198820806054,2.13813493828632,
2.24271862345268,2.26805821330191,2.31712076050142),.UNSPECIFIED.);
#170=B_SPLINE_CURVE_WITH_KNOTS('',1,(#2871,#2872),.UNSPECIFIED.,.F.,.F.,
(2,2),(-0.999999999999999,-0.749839949218568),.UNSPECIFIED.);
#171=B_SPLINE_CURVE_WITH_KNOTS('',3,(#2884,#2885,#2886,#2887,#2888,#2889,
#2890,#2891,#2892,#2893,#2894,#2895,#2896,#2897,#2898,#2899,#2900,#2901,
#2902,#2903,#2904,#2905,#2906,#2907,#2908,#2909),.UNSPECIFIED.,.F.,.F.,
(4,2,2,2,2,2,2,2,2,2,2,2,4),(0.0215649881896931,0.0512601893874227,0.102277798581672,
0.137682646404084,0.171547891029345,0.238687086991218,0.285982235650147,
0.35498216648329,0.40779603622825,0.44713809155216,0.51011783179041,0.541702097617475,
0.573398305599722),.UNSPECIFIED.);
#172=B_SPLINE_CURVE_WITH_KNOTS('',3,(#2911,#2912,#2913,#2914,#2915,#2916,
#2917,#2918,#2919,#2920,#2921,#2922,#2923,#2924,#2925,#2926,#2927,#2928,
#2929,#2930,#2931,#2932,#2933,#2934),.UNSPECIFIED.,.F.,.F.,(4,2,2,2,2,2,
2,2,2,2,2,4),(1.89371055620061E-5,0.0398802398551997,0.0797235209201327,
0.116148127432705,0.14999910113377,0.216979152144453,0.264778413163948,
0.333635081130574,0.385121925471536,0.424936223247466,0.477300308871581,
0.529878405185505),.UNSPECIFIED.);
#173=B_SPLINE_CURVE_WITH_KNOTS('',3,(#2935,#2936,#2937,#2938),
 .UNSPECIFIED.,.F.,.F.,(4,4),(1.00000016987007E-6,0.0215649881896931),
 .UNSPECIFIED.);
#174=B_SPLINE_CURVE_WITH_KNOTS('',1,(#2975,#2976),.UNSPECIFIED.,.F.,.F.,
(2,2),(-1.,-1.82341121368612E-15),.UNSPECIFIED.);
#175=LINE('',#754,#195);
#176=LINE('',#805,#196);
#177=LINE('',#889,#197);
#178=LINE('',#979,#198);
#179=LINE('',#1069,#199);
#180=LINE('',#1141,#200);
#181=LINE('',#1152,#201);
#182=LINE('',#1189,#202);
#183=LINE('',#1226,#203);
#184=LINE('',#1264,#204);
#185=LINE('',#1301,#205);
#186=LINE('',#2473,#206);
#187=LINE('',#2495,#207);
#188=LINE('',#2587,#208);
#189=LINE('',#2630,#209);
#190=LINE('',#2727,#210);
#191=LINE('',#2735,#211);
#192=LINE('',#2742,#212);
#193=LINE('',#2875,#213);
#194=LINE('',#2882,#214);
#195=VECTOR('',#642,9.5);
#196=VECTOR('',#647,9.5);
#197=VECTOR('',#650,9.5);
#198=VECTOR('',#653,9.5);
#199=VECTOR('',#656,9.5);
#200=VECTOR('',#661,9.5);
#201=VECTOR('',#666,9.5);
#202=VECTOR('',#671,9.5);
#203=VECTOR('',#674,9.5);
#204=VECTOR('',#677,9.5);
#205=VECTOR('',#680,9.5);
#206=VECTOR('',#689,9.);
#207=VECTOR('',#690,9.);
#208=VECTOR('',#699,9.5);
#209=VECTOR('',#700,9.5);
#210=VECTOR('',#713,10.4);
#211=VECTOR('',#724,9.95);
#212=VECTOR('',#735,2.4);
#213=VECTOR('',#738,9.7);
#214=VECTOR('',#749,1.75);
#215=VERTEX_POINT('',#752);
#216=VERTEX_POINT('',#753);
#217=VERTEX_POINT('',#755);
#218=VERTEX_POINT('',#772);
#219=VERTEX_POINT('',#803);
#220=VERTEX_POINT('',#804);
#221=VERTEX_POINT('',#887);
#222=VERTEX_POINT('',#888);
#223=VERTEX_POINT('',#977);
#224=VERTEX_POINT('',#978);
#225=VERTEX_POINT('',#1067);
#226=VERTEX_POINT('',#1068);
#227=VERTEX_POINT('',#1070);
#228=VERTEX_POINT('',#1096);
#229=VERTEX_POINT('',#1139);
#230=VERTEX_POINT('',#1140);
#231=VERTEX_POINT('',#1142);
#232=VERTEX_POINT('',#1150);
#233=VERTEX_POINT('',#1151);
#234=VERTEX_POINT('',#1153);
#235=VERTEX_POINT('',#1187);
#236=VERTEX_POINT('',#1188);
#237=VERTEX_POINT('',#1224);
#238=VERTEX_POINT('',#1225);
#239=VERTEX_POINT('',#1262);
#240=VERTEX_POINT('',#1263);
#241=VERTEX_POINT('',#1299);
#242=VERTEX_POINT('',#1300);
#243=VERTEX_POINT('',#1302);
#244=VERTEX_POINT('',#1309);
#245=VERTEX_POINT('',#2470);
#246=VERTEX_POINT('',#2472);
#247=VERTEX_POINT('',#2474);
#248=VERTEX_POINT('',#2494);
#249=VERTEX_POINT('',#2496);
#250=VERTEX_POINT('',#2499);
#251=VERTEX_POINT('',#2520);
#252=VERTEX_POINT('',#2529);
#253=VERTEX_POINT('',#2530);
#254=VERTEX_POINT('',#2584);
#255=VERTEX_POINT('',#2586);
#256=VERTEX_POINT('',#2588);
#257=VERTEX_POINT('',#2629);
#258=VERTEX_POINT('',#2632);
#259=VERTEX_POINT('',#2677);
#260=VERTEX_POINT('',#2678);
#261=VERTEX_POINT('',#2719);
#262=VERTEX_POINT('',#2721);
#263=VERTEX_POINT('',#2724);
#264=VERTEX_POINT('',#2726);
#265=VERTEX_POINT('',#2730);
#266=VERTEX_POINT('',#2734);
#267=VERTEX_POINT('',#2741);
#268=VERTEX_POINT('',#2743);
#269=VERTEX_POINT('',#2874);
#270=VERTEX_POINT('',#2881);
#271=VERTEX_POINT('',#2883);
#272=VERTEX_POINT('',#2910);
#273=EDGE_CURVE('',#215,#216,#175,.T.);
#274=EDGE_CURVE('',#216,#217,#128,.T.);
#275=EDGE_CURVE('',#217,#218,#110,.T.);
#276=EDGE_CURVE('',#218,#215,#129,.T.);
#277=EDGE_CURVE('',#219,#220,#176,.T.);
#278=EDGE_CURVE('',#220,#216,#130,.T.);
#279=EDGE_CURVE('',#215,#219,#131,.T.);
#280=EDGE_CURVE('',#221,#222,#177,.T.);
#281=EDGE_CURVE('',#222,#220,#132,.T.);
#282=EDGE_CURVE('',#219,#221,#133,.T.);
#283=EDGE_CURVE('',#223,#224,#178,.T.);
#284=EDGE_CURVE('',#224,#222,#134,.T.);
#285=EDGE_CURVE('',#221,#223,#135,.T.);
#286=EDGE_CURVE('',#225,#226,#179,.T.);
#287=EDGE_CURVE('',#225,#227,#136,.T.);
#288=EDGE_CURVE('',#228,#227,#111,.T.);
#289=EDGE_CURVE('',#228,#226,#137,.T.);
#290=EDGE_CURVE('',#229,#230,#180,.T.);
#291=EDGE_CURVE('',#231,#230,#112,.T.);
#292=EDGE_CURVE('',#229,#231,#138,.T.);
#293=EDGE_CURVE('',#232,#233,#181,.T.);
#294=EDGE_CURVE('',#233,#234,#139,.T.);
#295=EDGE_CURVE('',#230,#234,#113,.T.);
#296=EDGE_CURVE('',#232,#229,#140,.T.);
#297=EDGE_CURVE('',#235,#236,#182,.T.);
#298=EDGE_CURVE('',#236,#233,#141,.T.);
#299=EDGE_CURVE('',#235,#232,#142,.T.);
#300=EDGE_CURVE('',#237,#238,#183,.T.);
#301=EDGE_CURVE('',#238,#236,#143,.T.);
#302=EDGE_CURVE('',#237,#235,#144,.T.);
#303=EDGE_CURVE('',#239,#240,#184,.T.);
#304=EDGE_CURVE('',#240,#238,#145,.T.);
#305=EDGE_CURVE('',#239,#237,#146,.T.);
#306=EDGE_CURVE('',#241,#242,#185,.T.);
#307=EDGE_CURVE('',#243,#241,#147,.T.);
#308=EDGE_CURVE('',#244,#243,#114,.T.);
#309=EDGE_CURVE('',#244,#242,#148,.T.);
#310=EDGE_CURVE('',#242,#240,#149,.T.);
#311=EDGE_CURVE('',#241,#239,#150,.T.);
#312=EDGE_CURVE('',#234,#218,#151,.T.);
#313=EDGE_CURVE('',#227,#244,#152,.T.);
#314=EDGE_CURVE('',#223,#225,#153,.T.);
#315=EDGE_CURVE('',#217,#231,#154,.T.);
#316=EDGE_CURVE('',#226,#224,#155,.T.);
#317=EDGE_CURVE('',#243,#228,#156,.T.);
#318=EDGE_CURVE('',#245,#245,#115,.T.);
#319=EDGE_CURVE('',#245,#246,#186,.T.);
#320=EDGE_CURVE('',#246,#247,#157,.T.);
#321=EDGE_CURVE('',#247,#248,#187,.T.);
#322=EDGE_CURVE('',#248,#249,#116,.T.);
#323=EDGE_CURVE('',#249,#248,#117,.T.);
#324=EDGE_CURVE('',#247,#250,#158,.T.);
#325=EDGE_CURVE('',#250,#251,#159,.T.);
#326=EDGE_CURVE('',#251,#246,#160,.T.);
#327=EDGE_CURVE('',#252,#253,#161,.F.);
#328=EDGE_CURVE('',#253,#252,#162,.T.);
#329=EDGE_CURVE('',#254,#254,#118,.T.);
#330=EDGE_CURVE('',#254,#255,#188,.T.);
#331=EDGE_CURVE('',#255,#256,#163,.T.);
#332=EDGE_CURVE('',#256,#257,#189,.T.);
#333=EDGE_CURVE('',#257,#257,#119,.T.);
#334=EDGE_CURVE('',#256,#258,#164,.T.);
#335=EDGE_CURVE('',#258,#255,#165,.T.);
#336=EDGE_CURVE('',#259,#260,#166,.F.);
#337=EDGE_CURVE('',#260,#259,#167,.F.);
#338=EDGE_CURVE('',#261,#261,#120,.T.);
#339=EDGE_CURVE('',#262,#262,#121,.T.);
#340=EDGE_CURVE('',#263,#263,#122,.T.);
#341=EDGE_CURVE('',#263,#264,#190,.T.);
#342=EDGE_CURVE('',#264,#264,#123,.T.);
#343=EDGE_CURVE('',#265,#265,#124,.T.);
#344=EDGE_CURVE('',#265,#266,#191,.T.);
#345=EDGE_CURVE('',#266,#266,#125,.T.);
#346=EDGE_CURVE('',#260,#267,#192,.T.);
#347=EDGE_CURVE('',#267,#268,#168,.T.);
#348=EDGE_CURVE('',#268,#267,#169,.T.);
#349=EDGE_CURVE('',#268,#253,#170,.T.);
#350=EDGE_CURVE('',#261,#269,#193,.T.);
#351=EDGE_CURVE('',#269,#269,#126,.T.);
#352=EDGE_CURVE('',#262,#249,#127,.T.);
#353=EDGE_CURVE('',#251,#270,#194,.T.);
#354=EDGE_CURVE('',#270,#271,#171,.T.);
#355=EDGE_CURVE('',#271,#272,#172,.T.);
#356=EDGE_CURVE('',#272,#270,#173,.T.);
#357=EDGE_CURVE('',#258,#272,#174,.T.);
#358=ORIENTED_EDGE('',*,*,#273,.T.);
#359=ORIENTED_EDGE('',*,*,#274,.T.);
#360=ORIENTED_EDGE('',*,*,#275,.T.);
#361=ORIENTED_EDGE('',*,*,#276,.T.);
#362=ORIENTED_EDGE('',*,*,#277,.T.);
#363=ORIENTED_EDGE('',*,*,#278,.T.);
#364=ORIENTED_EDGE('',*,*,#273,.F.);
#365=ORIENTED_EDGE('',*,*,#279,.T.);
#366=ORIENTED_EDGE('',*,*,#280,.T.);
#367=ORIENTED_EDGE('',*,*,#281,.T.);
#368=ORIENTED_EDGE('',*,*,#277,.F.);
#369=ORIENTED_EDGE('',*,*,#282,.T.);
#370=ORIENTED_EDGE('',*,*,#283,.T.);
#371=ORIENTED_EDGE('',*,*,#284,.T.);
#372=ORIENTED_EDGE('',*,*,#280,.F.);
#373=ORIENTED_EDGE('',*,*,#285,.T.);
#374=ORIENTED_EDGE('',*,*,#286,.F.);
#375=ORIENTED_EDGE('',*,*,#287,.T.);
#376=ORIENTED_EDGE('',*,*,#288,.F.);
#377=ORIENTED_EDGE('',*,*,#289,.T.);
#378=ORIENTED_EDGE('',*,*,#290,.T.);
#379=ORIENTED_EDGE('',*,*,#291,.F.);
#380=ORIENTED_EDGE('',*,*,#292,.F.);
#381=ORIENTED_EDGE('',*,*,#293,.T.);
#382=ORIENTED_EDGE('',*,*,#294,.T.);
#383=ORIENTED_EDGE('',*,*,#295,.F.);
#384=ORIENTED_EDGE('',*,*,#290,.F.);
#385=ORIENTED_EDGE('',*,*,#296,.F.);
#386=ORIENTED_EDGE('',*,*,#297,.T.);
#387=ORIENTED_EDGE('',*,*,#298,.T.);
#388=ORIENTED_EDGE('',*,*,#293,.F.);
#389=ORIENTED_EDGE('',*,*,#299,.F.);
#390=ORIENTED_EDGE('',*,*,#300,.T.);
#391=ORIENTED_EDGE('',*,*,#301,.T.);
#392=ORIENTED_EDGE('',*,*,#297,.F.);
#393=ORIENTED_EDGE('',*,*,#302,.F.);
#394=ORIENTED_EDGE('',*,*,#303,.T.);
#395=ORIENTED_EDGE('',*,*,#304,.T.);
#396=ORIENTED_EDGE('',*,*,#300,.F.);
#397=ORIENTED_EDGE('',*,*,#305,.F.);
#398=ORIENTED_EDGE('',*,*,#306,.F.);
#399=ORIENTED_EDGE('',*,*,#307,.F.);
#400=ORIENTED_EDGE('',*,*,#308,.F.);
#401=ORIENTED_EDGE('',*,*,#309,.T.);
#402=ORIENTED_EDGE('',*,*,#306,.T.);
#403=ORIENTED_EDGE('',*,*,#310,.T.);
#404=ORIENTED_EDGE('',*,*,#303,.F.);
#405=ORIENTED_EDGE('',*,*,#311,.F.);
#406=ORIENTED_EDGE('',*,*,#312,.F.);
#407=ORIENTED_EDGE('',*,*,#294,.F.);
#408=ORIENTED_EDGE('',*,*,#298,.F.);
#409=ORIENTED_EDGE('',*,*,#301,.F.);
#410=ORIENTED_EDGE('',*,*,#304,.F.);
#411=ORIENTED_EDGE('',*,*,#310,.F.);
#412=ORIENTED_EDGE('',*,*,#309,.F.);
#413=ORIENTED_EDGE('',*,*,#313,.F.);
#414=ORIENTED_EDGE('',*,*,#287,.F.);
#415=ORIENTED_EDGE('',*,*,#314,.F.);
#416=ORIENTED_EDGE('',*,*,#285,.F.);
#417=ORIENTED_EDGE('',*,*,#282,.F.);
#418=ORIENTED_EDGE('',*,*,#279,.F.);
#419=ORIENTED_EDGE('',*,*,#276,.F.);
#420=ORIENTED_EDGE('',*,*,#315,.F.);
#421=ORIENTED_EDGE('',*,*,#274,.F.);
#422=ORIENTED_EDGE('',*,*,#278,.F.);
#423=ORIENTED_EDGE('',*,*,#281,.F.);
#424=ORIENTED_EDGE('',*,*,#284,.F.);
#425=ORIENTED_EDGE('',*,*,#316,.F.);
#426=ORIENTED_EDGE('',*,*,#289,.F.);
#427=ORIENTED_EDGE('',*,*,#317,.F.);
#428=ORIENTED_EDGE('',*,*,#307,.T.);
#429=ORIENTED_EDGE('',*,*,#311,.T.);
#430=ORIENTED_EDGE('',*,*,#305,.T.);
#431=ORIENTED_EDGE('',*,*,#302,.T.);
#432=ORIENTED_EDGE('',*,*,#299,.T.);
#433=ORIENTED_EDGE('',*,*,#296,.T.);
#434=ORIENTED_EDGE('',*,*,#292,.T.);
#435=ORIENTED_EDGE('',*,*,#318,.T.);
#436=ORIENTED_EDGE('',*,*,#319,.T.);
#437=ORIENTED_EDGE('',*,*,#320,.T.);
#438=ORIENTED_EDGE('',*,*,#321,.T.);
#439=ORIENTED_EDGE('',*,*,#322,.T.);
#440=ORIENTED_EDGE('',*,*,#323,.T.);
#441=ORIENTED_EDGE('',*,*,#321,.F.);
#442=ORIENTED_EDGE('',*,*,#324,.T.);
#443=ORIENTED_EDGE('',*,*,#325,.T.);
#444=ORIENTED_EDGE('',*,*,#326,.T.);
#445=ORIENTED_EDGE('',*,*,#319,.F.);
#446=ORIENTED_EDGE('',*,*,#327,.T.);
#447=ORIENTED_EDGE('',*,*,#328,.T.);
#448=ORIENTED_EDGE('',*,*,#329,.T.);
#449=ORIENTED_EDGE('',*,*,#330,.T.);
#450=ORIENTED_EDGE('',*,*,#331,.T.);
#451=ORIENTED_EDGE('',*,*,#332,.T.);
#452=ORIENTED_EDGE('',*,*,#333,.T.);
#453=ORIENTED_EDGE('',*,*,#332,.F.);
#454=ORIENTED_EDGE('',*,*,#334,.T.);
#455=ORIENTED_EDGE('',*,*,#335,.T.);
#456=ORIENTED_EDGE('',*,*,#330,.F.);
#457=ORIENTED_EDGE('',*,*,#336,.F.);
#458=ORIENTED_EDGE('',*,*,#337,.F.);
#459=ORIENTED_EDGE('',*,*,#338,.F.);
#460=ORIENTED_EDGE('',*,*,#339,.T.);
#461=ORIENTED_EDGE('',*,*,#340,.T.);
#462=ORIENTED_EDGE('',*,*,#341,.T.);
#463=ORIENTED_EDGE('',*,*,#342,.F.);
#464=ORIENTED_EDGE('',*,*,#341,.F.);
#465=ORIENTED_EDGE('',*,*,#342,.T.);
#466=ORIENTED_EDGE('',*,*,#343,.T.);
#467=ORIENTED_EDGE('',*,*,#340,.F.);
#468=ORIENTED_EDGE('',*,*,#333,.F.);
#469=ORIENTED_EDGE('',*,*,#343,.F.);
#470=ORIENTED_EDGE('',*,*,#344,.T.);
#471=ORIENTED_EDGE('',*,*,#345,.F.);
#472=ORIENTED_EDGE('',*,*,#344,.F.);
#473=ORIENTED_EDGE('',*,*,#345,.T.);
#474=ORIENTED_EDGE('',*,*,#317,.T.);
#475=ORIENTED_EDGE('',*,*,#288,.T.);
#476=ORIENTED_EDGE('',*,*,#313,.T.);
#477=ORIENTED_EDGE('',*,*,#308,.T.);
#478=ORIENTED_EDGE('',*,*,#315,.T.);
#479=ORIENTED_EDGE('',*,*,#291,.T.);
#480=ORIENTED_EDGE('',*,*,#295,.T.);
#481=ORIENTED_EDGE('',*,*,#312,.T.);
#482=ORIENTED_EDGE('',*,*,#275,.F.);
#483=ORIENTED_EDGE('',*,*,#318,.F.);
#484=ORIENTED_EDGE('',*,*,#286,.T.);
#485=ORIENTED_EDGE('',*,*,#316,.T.);
#486=ORIENTED_EDGE('',*,*,#283,.F.);
#487=ORIENTED_EDGE('',*,*,#314,.T.);
#488=ORIENTED_EDGE('',*,*,#336,.T.);
#489=ORIENTED_EDGE('',*,*,#346,.T.);
#490=ORIENTED_EDGE('',*,*,#347,.T.);
#491=ORIENTED_EDGE('',*,*,#348,.T.);
#492=ORIENTED_EDGE('',*,*,#346,.F.);
#493=ORIENTED_EDGE('',*,*,#337,.T.);
#494=ORIENTED_EDGE('',*,*,#349,.T.);
#495=ORIENTED_EDGE('',*,*,#327,.F.);
#496=ORIENTED_EDGE('',*,*,#328,.F.);
#497=ORIENTED_EDGE('',*,*,#349,.F.);
#498=ORIENTED_EDGE('',*,*,#347,.F.);
#499=ORIENTED_EDGE('',*,*,#348,.F.);
#500=ORIENTED_EDGE('',*,*,#338,.T.);
#501=ORIENTED_EDGE('',*,*,#350,.T.);
#502=ORIENTED_EDGE('',*,*,#351,.F.);
#503=ORIENTED_EDGE('',*,*,#350,.F.);
#504=ORIENTED_EDGE('',*,*,#351,.T.);
#505=ORIENTED_EDGE('',*,*,#329,.F.);
#506=ORIENTED_EDGE('',*,*,#339,.F.);
#507=ORIENTED_EDGE('',*,*,#352,.T.);
#508=ORIENTED_EDGE('',*,*,#322,.F.);
#509=ORIENTED_EDGE('',*,*,#323,.F.);
#510=ORIENTED_EDGE('',*,*,#352,.F.);
#511=ORIENTED_EDGE('',*,*,#325,.F.);
#512=ORIENTED_EDGE('',*,*,#324,.F.);
#513=ORIENTED_EDGE('',*,*,#320,.F.);
#514=ORIENTED_EDGE('',*,*,#326,.F.);
#515=ORIENTED_EDGE('',*,*,#353,.T.);
#516=ORIENTED_EDGE('',*,*,#354,.T.);
#517=ORIENTED_EDGE('',*,*,#355,.T.);
#518=ORIENTED_EDGE('',*,*,#356,.T.);
#519=ORIENTED_EDGE('',*,*,#353,.F.);
#520=ORIENTED_EDGE('',*,*,#357,.T.);
#521=ORIENTED_EDGE('',*,*,#355,.F.);
#522=ORIENTED_EDGE('',*,*,#354,.F.);
#523=ORIENTED_EDGE('',*,*,#356,.F.);
#524=ORIENTED_EDGE('',*,*,#357,.F.);
#525=ORIENTED_EDGE('',*,*,#334,.F.);
#526=ORIENTED_EDGE('',*,*,#331,.F.);
#527=ORIENTED_EDGE('',*,*,#335,.F.);
#528=CYLINDRICAL_SURFACE('',#593,9.22935);
#529=CYLINDRICAL_SURFACE('',#595,9.22935);
#530=CYLINDRICAL_SURFACE('',#596,9.22935);
#531=CYLINDRICAL_SURFACE('',#597,9.22935);
#532=CYLINDRICAL_SURFACE('',#598,9.22935);
#533=CYLINDRICAL_SURFACE('',#600,9.5);
#534=CYLINDRICAL_SURFACE('',#602,9.5);
#535=CYLINDRICAL_SURFACE('',#604,9.5);
#536=CYLINDRICAL_SURFACE('',#605,9.5);
#537=CYLINDRICAL_SURFACE('',#606,9.5);
#538=CYLINDRICAL_SURFACE('',#607,9.5);
#539=CYLINDRICAL_SURFACE('',#609,9.5);
#540=CYLINDRICAL_SURFACE('',#610,9.);
#541=CYLINDRICAL_SURFACE('',#614,9.5);
#542=CYLINDRICAL_SURFACE('',#620,10.4);
#543=CYLINDRICAL_SURFACE('',#626,9.95);
#544=CYLINDRICAL_SURFACE('',#630,9.22935);
#545=CYLINDRICAL_SURFACE('',#631,2.4);
#546=CYLINDRICAL_SURFACE('',#632,9.7);
#547=CYLINDRICAL_SURFACE('',#637,1.75);
#548=ADVANCED_FACE('',(#40),#528,.F.);
#549=ADVANCED_FACE('',(#41),#529,.F.);
#550=ADVANCED_FACE('',(#42),#530,.F.);
#551=ADVANCED_FACE('',(#43),#531,.F.);
#552=ADVANCED_FACE('',(#44),#532,.F.);
#553=ADVANCED_FACE('',(#45),#533,.F.);
#554=ADVANCED_FACE('',(#46),#534,.F.);
#555=ADVANCED_FACE('',(#47),#535,.F.);
#556=ADVANCED_FACE('',(#48),#536,.F.);
#557=ADVANCED_FACE('',(#49),#537,.F.);
#558=ADVANCED_FACE('',(#50),#538,.F.);
#559=ADVANCED_FACE('',(#51),#539,.F.);
#560=ADVANCED_FACE('',(#52),#36,.F.);
#561=ADVANCED_FACE('',(#53),#37,.F.);
#562=ADVANCED_FACE('',(#54,#28),#540,.F.);
#563=ADVANCED_FACE('',(#55,#29),#541,.T.);
#564=ADVANCED_FACE('',(#56,#30),#22,.F.);
#565=ADVANCED_FACE('',(#57),#542,.T.);
#566=ADVANCED_FACE('',(#58,#31),#23,.T.);
#567=ADVANCED_FACE('',(#59,#32),#24,.F.);
#568=ADVANCED_FACE('',(#60),#543,.T.);
#569=ADVANCED_FACE('',(#61,#33),#25,.T.);
#570=ADVANCED_FACE('',(#62,#34),#26,.T.);
#571=ADVANCED_FACE('',(#63),#544,.F.);
#572=ADVANCED_FACE('',(#64),#545,.F.);
#573=ADVANCED_FACE('',(#65),#38,.T.);
#574=ADVANCED_FACE('',(#66),#546,.T.);
#575=ADVANCED_FACE('',(#67,#35),#27,.T.);
#576=ADVANCED_FACE('',(#68),#14,.T.);
#577=ADVANCED_FACE('',(#69),#547,.F.);
#578=ADVANCED_FACE('',(#70),#39,.T.);
#579=CLOSED_SHELL('',(#548,#549,#550,#551,#552,#553,#554,#555,#556,#557,
#558,#559,#560,#561,#562,#563,#564,#565,#566,#567,#568,#569,#570,#571,#572,
#573,#574,#575,#576,#577,#578));
#580=DERIVED_UNIT_ELEMENT(#582,1.);
#581=DERIVED_UNIT_ELEMENT(#2982,-3.);
#582=(
MASS_UNIT()
NAMED_UNIT(*)
SI_UNIT(.KILO.,.GRAM.)
);
#583=DERIVED_UNIT((#580,#581));
#584=MEASURE_REPRESENTATION_ITEM('density measure',
POSITIVE_RATIO_MEASURE(7850.),#583);
#585=PROPERTY_DEFINITION_REPRESENTATION(#590,#587);
#586=PROPERTY_DEFINITION_REPRESENTATION(#591,#588);
#587=REPRESENTATION('material name',(#589),#2979);
#588=REPRESENTATION('density',(#584),#2979);
#589=DESCRIPTIVE_REPRESENTATION_ITEM('Steel','Steel');
#590=PROPERTY_DEFINITION('material property','material name',#2989);
#591=PROPERTY_DEFINITION('material property','density of part',#2989);
#592=AXIS2_PLACEMENT_3D('',#750,#638,#639);
#593=AXIS2_PLACEMENT_3D('',#751,#640,#641);
#594=AXIS2_PLACEMENT_3D('',#773,#643,#644);
#595=AXIS2_PLACEMENT_3D('',#802,#645,#646);
#596=AXIS2_PLACEMENT_3D('',#886,#648,#649);
#597=AXIS2_PLACEMENT_3D('',#976,#651,#652);
#598=AXIS2_PLACEMENT_3D('',#1066,#654,#655);
#599=AXIS2_PLACEMENT_3D('',#1097,#657,#658);
#600=AXIS2_PLACEMENT_3D('',#1138,#659,#660);
#601=AXIS2_PLACEMENT_3D('',#1143,#662,#663);
#602=AXIS2_PLACEMENT_3D('',#1149,#664,#665);
#603=AXIS2_PLACEMENT_3D('',#1169,#667,#668);
#604=AXIS2_PLACEMENT_3D('',#1186,#669,#670);
#605=AXIS2_PLACEMENT_3D('',#1223,#672,#673);
#606=AXIS2_PLACEMENT_3D('',#1261,#675,#676);
#607=AXIS2_PLACEMENT_3D('',#1298,#678,#679);
#608=AXIS2_PLACEMENT_3D('',#1310,#681,#682);
#609=AXIS2_PLACEMENT_3D('',#1319,#683,#684);
#610=AXIS2_PLACEMENT_3D('',#2469,#685,#686);
#611=AXIS2_PLACEMENT_3D('',#2471,#687,#688);
#612=AXIS2_PLACEMENT_3D('',#2497,#691,#692);
#613=AXIS2_PLACEMENT_3D('',#2498,#693,#694);
#614=AXIS2_PLACEMENT_3D('',#2583,#695,#696);
#615=AXIS2_PLACEMENT_3D('',#2585,#697,#698);
#616=AXIS2_PLACEMENT_3D('',#2631,#701,#702);
#617=AXIS2_PLACEMENT_3D('',#2718,#703,#704);
#618=AXIS2_PLACEMENT_3D('',#2720,#705,#706);
#619=AXIS2_PLACEMENT_3D('',#2722,#707,#708);
#620=AXIS2_PLACEMENT_3D('',#2723,#709,#710);
#621=AXIS2_PLACEMENT_3D('',#2725,#711,#712);
#622=AXIS2_PLACEMENT_3D('',#2728,#714,#715);
#623=AXIS2_PLACEMENT_3D('',#2729,#716,#717);
#624=AXIS2_PLACEMENT_3D('',#2731,#718,#719);
#625=AXIS2_PLACEMENT_3D('',#2732,#720,#721);
#626=AXIS2_PLACEMENT_3D('',#2733,#722,#723);
#627=AXIS2_PLACEMENT_3D('',#2736,#725,#726);
#628=AXIS2_PLACEMENT_3D('',#2737,#727,#728);
#629=AXIS2_PLACEMENT_3D('',#2738,#729,#730);
#630=AXIS2_PLACEMENT_3D('',#2739,#731,#732);
#631=AXIS2_PLACEMENT_3D('',#2740,#733,#734);
#632=AXIS2_PLACEMENT_3D('',#2873,#736,#737);
#633=AXIS2_PLACEMENT_3D('',#2876,#739,#740);
#634=AXIS2_PLACEMENT_3D('',#2877,#741,#742);
#635=AXIS2_PLACEMENT_3D('',#2878,#743,#744);
#636=AXIS2_PLACEMENT_3D('',#2879,#745,#746);
#637=AXIS2_PLACEMENT_3D('',#2880,#747,#748);
#638=DIRECTION('axis',(0.,0.,1.));
#639=DIRECTION('refdir',(1.,0.,0.));
#640=DIRECTION('center_axis',(0.,-1.,2.22044604925031E-16));
#641=DIRECTION('ref_axis',(-0.923879532511287,8.49727915508613E-17,0.38268343236509));
#642=DIRECTION('',(0.,-1.,2.22044604925031E-16));
#643=DIRECTION('center_axis',(0.,-1.,2.22044604925031E-16));
#644=DIRECTION('ref_axis',(-0.923879532511287,8.49727915508613E-17,0.38268343236509));
#645=DIRECTION('center_axis',(0.,-1.,2.22044604925031E-16));
#646=DIRECTION('ref_axis',(-0.923879532511287,8.49727915508613E-17,0.38268343236509));
#647=DIRECTION('',(0.,-1.,2.22044604925031E-16));
#648=DIRECTION('center_axis',(0.,-1.,2.22044604925031E-16));
#649=DIRECTION('ref_axis',(-0.923879532511287,8.49727915508613E-17,0.38268343236509));
#650=DIRECTION('',(0.,-1.,2.22044604925031E-16));
#651=DIRECTION('center_axis',(0.,-1.,2.22044604925031E-16));
#652=DIRECTION('ref_axis',(-0.923879532511287,8.49727915508613E-17,0.38268343236509));
#653=DIRECTION('',(0.,-1.,2.22044604925031E-16));
#654=DIRECTION('center_axis',(0.,-1.,2.22044604925031E-16));
#655=DIRECTION('ref_axis',(-0.999999999979785,1.41184616094793E-21,6.35838984437211E-6));
#656=DIRECTION('',(0.,-1.,2.22044604925031E-16));
#657=DIRECTION('center_axis',(0.,-1.,2.22044604925031E-16));
#658=DIRECTION('ref_axis',(-0.923879532511287,8.49727915508613E-17,0.38268343236509));
#659=DIRECTION('center_axis',(-1.23259516440783E-32,-1.,2.22044604925031E-16));
#660=DIRECTION('ref_axis',(-0.92387953251129,8.49727915508614E-17,0.382683432365083));
#661=DIRECTION('',(-1.1314261122877E-16,-1.,2.68909808978293E-16));
#662=DIRECTION('center_axis',(8.49727915508613E-17,1.,-1.690213913024E-17));
#663=DIRECTION('ref_axis',(-0.92387953251129,8.49727915508614E-17,0.382683432365083));
#664=DIRECTION('center_axis',(-1.23259516440783E-32,-1.,2.22044604925031E-16));
#665=DIRECTION('ref_axis',(-0.92387953251129,8.49727915508614E-17,0.382683432365083));
#666=DIRECTION('',(-1.1314261122877E-16,-1.,2.68909808978293E-16));
#667=DIRECTION('center_axis',(8.49727915508613E-17,1.,-1.690213913024E-17));
#668=DIRECTION('ref_axis',(-0.92387953251129,8.49727915508614E-17,0.382683432365083));
#669=DIRECTION('center_axis',(-1.23259516440783E-32,-1.,2.22044604925031E-16));
#670=DIRECTION('ref_axis',(-0.92387953251129,8.49727915508614E-17,0.382683432365083));
#671=DIRECTION('',(-1.1314261122877E-16,-1.,2.68909808978293E-16));
#672=DIRECTION('center_axis',(-1.23259516440783E-32,-1.,2.22044604925031E-16));
#673=DIRECTION('ref_axis',(-0.92387953251129,8.49727915508614E-17,0.382683432365083));
#674=DIRECTION('',(-1.1314261122877E-16,-1.,2.68909808978293E-16));
#675=DIRECTION('center_axis',(-1.23259516440783E-32,-1.,2.22044604925031E-16));
#676=DIRECTION('ref_axis',(-0.92387953251129,8.49727915508614E-17,0.382683432365083));
#677=DIRECTION('',(-1.1314261122877E-16,-1.,2.68909808978293E-16));
#678=DIRECTION('center_axis',(-1.23259516440783E-32,-1.,2.22044604925031E-16));
#679=DIRECTION('ref_axis',(0.19516738358404,-2.17774675794107E-16,-0.980769948757077));
#680=DIRECTION('',(-1.1314261122877E-16,-1.,2.68909808978293E-16));
#681=DIRECTION('center_axis',(0.,-1.,2.22044604925031E-16));
#682=DIRECTION('ref_axis',(-0.92387953251129,8.49727915508614E-17,0.382683432365083));
#683=DIRECTION('center_axis',(-1.23259516440783E-32,-1.,2.22044604925031E-16));
#684=DIRECTION('ref_axis',(-0.92387953251129,8.49727915508614E-17,0.382683432365083));
#685=DIRECTION('center_axis',(0.,-1.,2.22044604925031E-16));
#686=DIRECTION('ref_axis',(-0.923879532511287,8.49727915508613E-17,0.38268343236509));
#687=DIRECTION('center_axis',(0.,1.,-2.22044604925031E-16));
#688=DIRECTION('ref_axis',(0.923879532511287,-8.49727915508613E-17,-0.38268343236509));
#689=DIRECTION('',(0.,-1.,2.22044604925031E-16));
#690=DIRECTION('',(0.,-1.,2.22044604925031E-16));
#691=DIRECTION('center_axis',(0.,-1.,2.22044604925031E-16));
#692=DIRECTION('ref_axis',(0.923879532511287,-8.49727915508613E-17,-0.38268343236509));
#693=DIRECTION('center_axis',(0.,-1.,2.22044604925031E-16));
#694=DIRECTION('ref_axis',(0.923879532511287,-8.49727915508613E-17,-0.38268343236509));
#695=DIRECTION('center_axis',(0.,-1.,2.22044604925031E-16));
#696=DIRECTION('ref_axis',(-0.923879532511287,8.49727915508613E-17,0.38268343236509));
#697=DIRECTION('center_axis',(0.,1.,-2.22044604925031E-16));
#698=DIRECTION('ref_axis',(0.923879532511287,-8.49727915508613E-17,-0.38268343236509));
#699=DIRECTION('',(0.,1.,-2.22044604925031E-16));
#700=DIRECTION('',(0.,1.,-2.22044604925031E-16));
#701=DIRECTION('center_axis',(0.,-1.,2.22044604925031E-16));
#702=DIRECTION('ref_axis',(0.923879532511287,-8.49727915508613E-17,-0.38268343236509));
#703=DIRECTION('center_axis',(0.,1.,-2.22044604925031E-16));
#704=DIRECTION('ref_axis',(0.923879532511287,-8.49727915508613E-17,-0.38268343236509));
#705=DIRECTION('center_axis',(0.,1.,-2.22044604925031E-16));
#706=DIRECTION('ref_axis',(0.923879532511287,-8.49727915508613E-17,-0.38268343236509));
#707=DIRECTION('center_axis',(0.,1.,-2.22044604925031E-16));
#708=DIRECTION('ref_axis',(0.923879532511287,-8.49727915508613E-17,-0.38268343236509));
#709=DIRECTION('center_axis',(0.,-1.,2.22044604925031E-16));
#710=DIRECTION('ref_axis',(-0.923879532511287,8.49727915508613E-17,0.38268343236509));
#711=DIRECTION('center_axis',(0.,1.,-2.22044604925031E-16));
#712=DIRECTION('ref_axis',(0.923879532511287,-8.49727915508613E-17,-0.38268343236509));
#713=DIRECTION('',(0.,1.,-2.22044604925031E-16));
#714=DIRECTION('center_axis',(0.,1.,-2.22044604925031E-16));
#715=DIRECTION('ref_axis',(0.923879532511287,-8.49727915508613E-17,-0.38268343236509));
#716=DIRECTION('center_axis',(0.,1.,-2.22044604925031E-16));
#717=DIRECTION('ref_axis',(0.923879532511287,-8.49727915508613E-17,-0.38268343236509));
#718=DIRECTION('center_axis',(0.,-1.,2.22044604925031E-16));
#719=DIRECTION('ref_axis',(0.923879532511287,-8.49727915508613E-17,-0.38268343236509));
#720=DIRECTION('center_axis',(0.,1.,-2.22044604925031E-16));
#721=DIRECTION('ref_axis',(0.923879532511287,-8.49727915508613E-17,-0.38268343236509));
#722=DIRECTION('center_axis',(0.,-1.,2.22044604925031E-16));
#723=DIRECTION('ref_axis',(-0.923879532511287,8.49727915508613E-17,0.38268343236509));
#724=DIRECTION('',(0.,1.,-2.22044604925031E-16));
#725=DIRECTION('center_axis',(0.,1.,-2.22044604925031E-16));
#726=DIRECTION('ref_axis',(0.923879532511287,-8.49727915508613E-17,-0.38268343236509));
#727=DIRECTION('center_axis',(0.,1.,-2.22044604925031E-16));
#728=DIRECTION('ref_axis',(0.923879532511287,-8.49727915508613E-17,-0.38268343236509));
#729=DIRECTION('center_axis',(0.,1.,-2.22044604925031E-16));
#730=DIRECTION('ref_axis',(0.923879532511287,-8.49727915508613E-17,-0.38268343236509));
#731=DIRECTION('center_axis',(0.,-1.,2.22044604925031E-16));
#732=DIRECTION('ref_axis',(-0.923879532511287,8.49727915508613E-17,0.38268343236509));
#733=DIRECTION('center_axis',(0.923879532511287,-8.49727915508613E-17,-0.38268343236509));
#734=DIRECTION('ref_axis',(0.,-1.,2.22044604925031E-16));
#735=DIRECTION('',(0.923879532511287,-8.49727915508613E-17,-0.38268343236509));
#736=DIRECTION('center_axis',(0.,-1.,2.22044604925031E-16));
#737=DIRECTION('ref_axis',(-0.923879532511287,8.49727915508613E-17,0.38268343236509));
#738=DIRECTION('',(0.,1.,-2.22044604925031E-16));
#739=DIRECTION('center_axis',(0.,1.,-2.22044604925031E-16));
#740=DIRECTION('ref_axis',(0.923879532511287,-8.49727915508613E-17,-0.38268343236509));
#741=DIRECTION('center_axis',(0.,1.,-2.22044604925031E-16));
#742=DIRECTION('ref_axis',(0.923879532511287,-8.49727915508613E-17,-0.38268343236509));
#743=DIRECTION('center_axis',(0.,1.,-2.22044604925031E-16));
#744=DIRECTION('ref_axis',(0.923879532511287,-7.7715611723761E-17,-0.38268343236509));
#745=DIRECTION('center_axis',(0.38268343236509,2.05142465794791E-16,0.923879532511287));
#746=DIRECTION('ref_axis',(-0.923879532511287,8.32667268468868E-17,0.38268343236509));
#747=DIRECTION('center_axis',(0.923879532511287,-8.49727915508613E-17,-0.38268343236509));
#748=DIRECTION('ref_axis',(1.76085023486833E-32,-1.,2.22044604925031E-16));
#749=DIRECTION('',(0.923879532511287,-8.49727915508613E-17,-0.38268343236509));
#750=CARTESIAN_POINT('',(0.,0.,0.));
#751=CARTESIAN_POINT('Origin',(0.,14.499980157,-10.500019843));
#752=CARTESIAN_POINT('',(8.52672917482303,12.9874819903602,-14.0316616957993));
#753=CARTESIAN_POINT('',(8.52732141186118,12.8624783236398,-14.0319728793583));
#754=CARTESIAN_POINT('',(8.52680756338304,14.499980157,-14.0319391794987));
#755=CARTESIAN_POINT('',(-0.723914478359259,12.699980157,-1.29910416843142));
#756=CARTESIAN_POINT('Ctrl Pts',(8.52732141186118,12.8624783236398,-14.0319728793583));
#757=CARTESIAN_POINT('Ctrl Pts',(8.60139956700824,12.860812455719,-13.8535663910594));
#758=CARTESIAN_POINT('Ctrl Pts',(8.66982919854027,12.8591465877983,-13.6728310454328));
#759=CARTESIAN_POINT('Ctrl Pts',(8.73240014227999,12.8574807198775,-13.4900892895892));
#760=CARTESIAN_POINT('Ctrl Pts',(9.22538434668771,12.844355672971,-12.0503028051251));
#761=CARTESIAN_POINT('Ctrl Pts',(9.35468726581822,12.8312306260646,-10.4859672966484));
#762=CARTESIAN_POINT('Ctrl Pts',(9.10488347668065,12.8181055791581,-8.98479357725799));
#763=CARTESIAN_POINT('Ctrl Pts',(8.85507968754307,12.8049805322517,-7.48361985786764));
#764=CARTESIAN_POINT('Ctrl Pts',(8.2261691901374,12.7918554853452,-6.04560792756357));
#765=CARTESIAN_POINT('Ctrl Pts',(7.29341285132781,12.7787304384388,-4.84304763461982));
#766=CARTESIAN_POINT('Ctrl Pts',(6.36065651251817,12.7656053915323,-3.64048734167601));
#767=CARTESIAN_POINT('Ctrl Pts',(5.1240543323046,12.7524803446258,-2.67337868609251));
#768=CARTESIAN_POINT('Ctrl Pts',(3.73229800974118,12.7393552977194,-2.05818332826219));
#769=CARTESIAN_POINT('Ctrl Pts',(2.34054168717781,12.7262302508129,-1.4429879704319));
#770=CARTESIAN_POINT('Ctrl Pts',(0.793631222264648,12.7131052039065,-1.17970591035478));
#771=CARTESIAN_POINT('Ctrl Pts',(-0.723914478359261,12.699980157,-1.29910416843142));
#772=CARTESIAN_POINT('',(-9.20088230872738,12.699980157,-11.2243582745688));
#773=CARTESIAN_POINT('Origin',(0.,12.699980157,-10.500019843));
#774=CARTESIAN_POINT('Ctrl Pts',(-9.20164197116068,12.699980157,-11.2243630775138));
#775=CARTESIAN_POINT('Ctrl Pts',(-9.20542012864841,12.7003937278404,-11.1765582858878));
#776=CARTESIAN_POINT('Ctrl Pts',(-9.2088191626429,12.7008072986809,-11.1287238845706));
#777=CARTESIAN_POINT('Ctrl Pts',(-9.21183727067569,12.7012208695213,-11.080865483586));
#778=CARTESIAN_POINT('Ctrl Pts',(-9.30761967510495,12.7143459164278,-9.56203558464094));
#779=CARTESIAN_POINT('Ctrl Pts',(-9.01974565058324,12.7274709633342,-8.01903398932266));
#780=CARTESIAN_POINT('Ctrl Pts',(-8.38279660807278,12.7405960102407,-6.63689999596656));
#781=CARTESIAN_POINT('Ctrl Pts',(-7.74584756556232,12.7537210571472,-5.25476600261046));
#782=CARTESIAN_POINT('Ctrl Pts',(-6.75982350506312,12.7668461040536,-4.03349961121653));
#783=CARTESIAN_POINT('Ctrl Pts',(-5.54295873043458,12.7799711509601,-3.11958865041942));
#784=CARTESIAN_POINT('Ctrl Pts',(-4.32609395580605,12.7930961978665,-2.20567768962231));
#785=CARTESIAN_POINT('Ctrl Pts',(-2.87838846704818,12.806221244773,-1.59912215942201));
#786=CARTESIAN_POINT('Ctrl Pts',(-1.3734898766588,12.8193462916794,-1.37266482452096));
#787=CARTESIAN_POINT('Ctrl Pts',(0.131408713730576,12.8324713385859,-1.1462074896199));
#788=CARTESIAN_POINT('Ctrl Pts',(1.69350040575147,12.8455963854924,-1.29984835001808));
#789=CARTESIAN_POINT('Ctrl Pts',(3.12543838927876,12.8587214323988,-1.81516307843063));
#790=CARTESIAN_POINT('Ctrl Pts',(4.55737637280604,12.8718464793053,-2.33047780684318));
#791=CARTESIAN_POINT('Ctrl Pts',(5.85916064783973,12.8849715262117,-3.2074664032701));
#792=CARTESIAN_POINT('Ctrl Pts',(6.87465512567851,12.8980965731182,-4.34094353527446));
#793=CARTESIAN_POINT('Ctrl Pts',(7.89014960351731,12.9112216200247,-5.47442066727883));
#794=CARTESIAN_POINT('Ctrl Pts',(8.6193542841612,12.9243466669311,-6.86438633486066));
#795=CARTESIAN_POINT('Ctrl Pts',(8.97481177774729,12.9374717138376,-8.34413220465373));
#796=CARTESIAN_POINT('Ctrl Pts',(9.33026927133338,12.950596760744,-9.82387807444679));
#797=CARTESIAN_POINT('Ctrl Pts',(9.31197957786167,12.9637218076505,-11.3934041464511));
#798=CARTESIAN_POINT('Ctrl Pts',(8.92213551223698,12.9768468545569,-12.8644649600049));
#799=CARTESIAN_POINT('Ctrl Pts',(8.81683951826014,12.9803918998247,-13.2617951343537));
#800=CARTESIAN_POINT('Ctrl Pts',(8.68443760016857,12.9839369450925,-13.6519419944328));
#801=CARTESIAN_POINT('Ctrl Pts',(8.52672917482303,12.9874819903602,-14.0316616957993));
#802=CARTESIAN_POINT('Origin',(0.,14.499980157,-10.500019843));
#803=CARTESIAN_POINT('',(8.5274787771026,13.4874819903602,-14.0322701496517));
#804=CARTESIAN_POINT('',(8.52697109567138,13.3624783236398,-14.0322349588362));
#805=CARTESIAN_POINT('',(8.52680756338304,14.499980157,-14.0319391794987));
#806=CARTESIAN_POINT('Ctrl Pts',(8.52697109567138,13.3624783236398,-14.0322349588362));
#807=CARTESIAN_POINT('Ctrl Pts',(9.0065440993244,13.3516463519299,-12.8712238486571));
#808=CARTESIAN_POINT('Ctrl Pts',(9.24865125522433,13.3408143802199,-11.6113191254201));
#809=CARTESIAN_POINT('Ctrl Pts',(9.2289879560708,13.32998240851,-10.355513175941));
#810=CARTESIAN_POINT('Ctrl Pts',(9.20516203308679,13.3168573616035,-8.83385927638297));
#811=CARTESIAN_POINT('Ctrl Pts',(8.79700342318976,13.3037323146971,-7.31822321688666));
#812=CARTESIAN_POINT('Ctrl Pts',(8.05346568466295,13.2906072677906,-5.99038667934374));
#813=CARTESIAN_POINT('Ctrl Pts',(7.30992794613617,13.2774822208842,-4.66255014180087));
#814=CARTESIAN_POINT('Ctrl Pts',(6.23101107897965,13.2643571739777,-3.52251312621137));
#815=CARTESIAN_POINT('Ctrl Pts',(4.94611768308987,13.2512321270712,-2.70700883052083));
#816=CARTESIAN_POINT('Ctrl Pts',(3.66122428720006,13.2381070801648,-1.89150453483026));
#817=CARTESIAN_POINT('Ctrl Pts',(2.17035436257697,13.2249820332583,-1.40053295903865));
#818=CARTESIAN_POINT('Ctrl Pts',(0.652319256293705,13.2118569863519,-1.29298010520767));
#819=CARTESIAN_POINT('Ctrl Pts',(-0.865715849989562,13.1987319394454,-1.18542725137669));
#820=CARTESIAN_POINT('Ctrl Pts',(-2.41091613793301,13.1856068925389,-1.46129311950633));
#821=CARTESIAN_POINT('Ctrl Pts',(-3.79795423284325,13.1724818456325,-2.08749087747208));
#822=CARTESIAN_POINT('Ctrl Pts',(-5.18499232775348,13.159356798726,-2.71368863543784));
#823=CARTESIAN_POINT('Ctrl Pts',(-6.41386822963049,13.1462317518196,-3.6902182832397));
#824=CARTESIAN_POINT('Ctrl Pts',(-7.33719328372101,13.1331067049131,-4.89995757496424));
#825=CARTESIAN_POINT('Ctrl Pts',(-8.26051833781154,13.1199816580067,-6.10969686668877));
#826=CARTESIAN_POINT('Ctrl Pts',(-8.87829254411556,13.1068566111002,-7.55264580233597));
#827=CARTESIAN_POINT('Ctrl Pts',(-9.11642218940847,13.0937315641937,-9.0557399900434));
#828=CARTESIAN_POINT('Ctrl Pts',(-9.35455183470139,13.0806065172873,-10.5588341777509));
#829=CARTESIAN_POINT('Ctrl Pts',(-9.21303691898318,13.0674814703808,-12.1220736175186));
#830=CARTESIAN_POINT('Ctrl Pts',(-8.70884916982266,13.0543564234744,-13.557968514299));
#831=CARTESIAN_POINT('Ctrl Pts',(-8.20466142066215,13.0412313765679,-14.9938634110794));
#832=CARTESIAN_POINT('Ctrl Pts',(-7.33780083805936,13.0281063296615,-16.3024137648725));
#833=CARTESIAN_POINT('Ctrl Pts',(-6.21223901831114,13.014981282755,-17.3266726397566));
#834=CARTESIAN_POINT('Ctrl Pts',(-5.08667719856291,13.0018562358485,-18.3509315146407));
#835=CARTESIAN_POINT('Ctrl Pts',(-3.70241414166925,12.9887311889421,-19.0908989106157));
#836=CARTESIAN_POINT('Ctrl Pts',(-2.22546997183536,12.9756061420356,-19.4578302526078));
#837=CARTESIAN_POINT('Ctrl Pts',(-0.748525802001463,12.9624810951292,-19.8247615945999));
#838=CARTESIAN_POINT('Ctrl Pts',(0.821099480772663,12.9493560482227,-19.8186568826091));
#839=CARTESIAN_POINT('Ctrl Pts',(2.29513882131898,12.9362310013162,-19.4402376140034));
#840=CARTESIAN_POINT('Ctrl Pts',(3.76917816186531,12.9231059544098,-19.0618183453978));
#841=CARTESIAN_POINT('Ctrl Pts',(5.14763156018382,12.9099809075033,-18.3110845201773));
#842=CARTESIAN_POINT('Ctrl Pts',(6.26519100418556,12.8968558605969,-17.2780988773412));
#843=CARTESIAN_POINT('Ctrl Pts',(7.24090665588885,12.8853966816112,-16.376222681753));
#844=CARTESIAN_POINT('Ctrl Pts',(8.01775229885964,12.8739375026255,-15.2591961520723));
#845=CARTESIAN_POINT('Ctrl Pts',(8.52732141186118,12.8624783236398,-14.0319728793583));
#846=CARTESIAN_POINT('Ctrl Pts',(8.52672917482303,12.9874819903602,-14.0316616957993));
#847=CARTESIAN_POINT('Ctrl Pts',(8.10054365133043,12.9970619919989,-15.0578024321155));
#848=CARTESIAN_POINT('Ctrl Pts',(7.48955053711403,13.0066419936376,-16.0077960312382));
#849=CARTESIAN_POINT('Ctrl Pts',(6.72926085488416,13.0162219952763,-16.8176260686323));
#850=CARTESIAN_POINT('Ctrl Pts',(5.68762870093371,13.0293470421828,-17.9271308086027));
#851=CARTESIAN_POINT('Ctrl Pts',(4.36576283081049,13.0424720890892,-18.7735447334402));
#852=CARTESIAN_POINT('Ctrl Pts',(2.92220438921344,13.0555971359957,-19.2553509490216));
#853=CARTESIAN_POINT('Ctrl Pts',(1.47864594761639,13.0687221829021,-19.7371571646029));
#854=CARTESIAN_POINT('Ctrl Pts',(-0.0866050654544928,13.0818472298086,-19.8543556709282));
#855=CARTESIAN_POINT('Ctrl Pts',(-1.58581619377422,13.0949722767151,-19.5928900113667));
#856=CARTESIAN_POINT('Ctrl Pts',(-3.08502732209394,13.1080973236215,-19.3314243518051));
#857=CARTESIAN_POINT('Ctrl Pts',(-4.51819856566251,13.121222370528,-18.6912945263567));
#858=CARTESIAN_POINT('Ctrl Pts',(-5.71343893766629,13.1343474174344,-17.7492761106343));
#859=CARTESIAN_POINT('Ctrl Pts',(-6.90867930967005,13.1474724643409,-16.8072576949119));
#860=CARTESIAN_POINT('Ctrl Pts',(-7.86598881010904,13.1605975112474,-15.5633506889155));
#861=CARTESIAN_POINT('Ctrl Pts',(-8.47055006706672,13.1737225581538,-14.166746251511));
#862=CARTESIAN_POINT('Ctrl Pts',(-9.07511132402442,13.1868476050603,-12.7701418141065));
#863=CARTESIAN_POINT('Ctrl Pts',(-9.32692433750079,13.1999726519667,-11.220839945294));
#864=CARTESIAN_POINT('Ctrl Pts',(-9.19578728568491,13.2130976988732,-9.7046600967664));
#865=CARTESIAN_POINT('Ctrl Pts',(-9.06465023386903,13.2262227457796,-8.18848024823879));
#866=CARTESIAN_POINT('Ctrl Pts',(-8.5505631167609,13.2393477926861,-6.70542241999605));
#867=CARTESIAN_POINT('Ctrl Pts',(-7.71518427335251,13.2524728395926,-5.43336092438811));
#868=CARTESIAN_POINT('Ctrl Pts',(-6.87980542994413,13.265597886499,-4.16129942878018));
#869=CARTESIAN_POINT('Ctrl Pts',(-5.7231348602355,13.2787229334055,-3.10023426580705));
#870=CARTESIAN_POINT('Ctrl Pts',(-4.38390079150968,13.2918479803119,-2.37742698107979));
#871=CARTESIAN_POINT('Ctrl Pts',(-3.04466672278383,13.3049730272184,-1.65461969635252));
#872=CARTESIAN_POINT('Ctrl Pts',(-1.52286915504078,13.3180980741249,-1.27007028987115));
#873=CARTESIAN_POINT('Ctrl Pts',(-0.00102874563540628,13.3312231210313,
-1.26990067265316));
#874=CARTESIAN_POINT('Ctrl Pts',(1.52081166376992,13.3443481679378,-1.26973105543518));
#875=CARTESIAN_POINT('Ctrl Pts',(3.04269491483758,13.3574732148442,-1.65394122748057));
#876=CARTESIAN_POINT('Ctrl Pts',(4.38209007139716,13.3705982617507,-2.37644996504498));
#877=CARTESIAN_POINT('Ctrl Pts',(5.72148522795676,13.3837233086571,-3.09895870260941));
#878=CARTESIAN_POINT('Ctrl Pts',(6.87839229000828,13.3968483555636,-4.15976600569288));
#879=CARTESIAN_POINT('Ctrl Pts',(7.71405466924079,13.4099734024701,-5.43164125460967));
#880=CARTESIAN_POINT('Ctrl Pts',(8.5497170484733,13.4230984493765,-6.70351650352647));
#881=CARTESIAN_POINT('Ctrl Pts',(9.06413474488681,13.436223496283,-8.1864596982766));
#882=CARTESIAN_POINT('Ctrl Pts',(9.19560976453733,13.4493485431894,-9.70261027794596));
#883=CARTESIAN_POINT('Ctrl Pts',(9.32293872449851,13.4620596922464,-11.1709491073828));
#884=CARTESIAN_POINT('Ctrl Pts',(9.0910963540711,13.4747708413033,-12.6704339577359));
#885=CARTESIAN_POINT('Ctrl Pts',(8.5274787771026,13.4874819903602,-14.0322701496517));
#886=CARTESIAN_POINT('Origin',(0.,14.499980157,-10.500019843));
#887=CARTESIAN_POINT('',(8.52632958401975,13.9874819903602,-14.0319511079742));
#888=CARTESIAN_POINT('',(8.52609794623617,13.8624783236398,-14.0316803262047));
#889=CARTESIAN_POINT('',(8.52680756338304,14.499980157,-14.0319391794987));
#890=CARTESIAN_POINT('Ctrl Pts',(8.52609794623617,13.8624783236398,-14.0316803262047));
#891=CARTESIAN_POINT('Ctrl Pts',(8.83112079090796,13.8556052950471,-13.2950310613607));
#892=CARTESIAN_POINT('Ctrl Pts',(9.04173131722809,13.8487322664545,-12.5192479139723));
#893=CARTESIAN_POINT('Ctrl Pts',(9.14787748345989,13.8418592378618,-11.7294255448989));
#894=CARTESIAN_POINT('Ctrl Pts',(9.35057901335368,13.8287341909554,-10.2211449518356));
#895=CARTESIAN_POINT('Ctrl Pts',(9.17232563331179,13.8156091440489,-8.66166689364645));
#896=CARTESIAN_POINT('Ctrl Pts',(8.6344966154832,13.8024840971425,-7.23803133451738));
#897=CARTESIAN_POINT('Ctrl Pts',(8.09666759765461,13.789359050236,-5.8143957753883));
#898=CARTESIAN_POINT('Ctrl Pts',(7.19926294203931,13.7762340033296,-4.52660271531935));
#899=CARTESIAN_POINT('Ctrl Pts',(6.04991515668915,13.7631089564231,-3.52910688778931));
#900=CARTESIAN_POINT('Ctrl Pts',(4.90056737133899,13.7499839095166,-2.53161106025926));
#901=CARTESIAN_POINT('Ctrl Pts',(3.49927645625397,13.7368588626102,-1.82441246526813));
#902=CARTESIAN_POINT('Ctrl Pts',(2.01410979858703,13.7237338157037,-1.492330763582));
#903=CARTESIAN_POINT('Ctrl Pts',(0.528943140920096,13.7106087687973,-1.16024906189586));
#904=CARTESIAN_POINT('Ctrl Pts',(-1.04009925932877,13.6974837218908,-1.20328425351474));
#905=CARTESIAN_POINT('Ctrl Pts',(-2.50483031428339,13.6843586749844,-1.61627480337873));
#906=CARTESIAN_POINT('Ctrl Pts',(-3.96956136923801,13.6712336280779,-2.02926535324272));
#907=CARTESIAN_POINT('Ctrl Pts',(-5.32998107889838,13.6581085811714,-2.81221126135184));
#908=CARTESIAN_POINT('Ctrl Pts',(-6.42292404802943,13.644983534265,-3.87120792039276));
#909=CARTESIAN_POINT('Ctrl Pts',(-7.51586701716048,13.6318584873585,-4.93020457943368));
#910=CARTESIAN_POINT('Ctrl Pts',(-8.34133324576221,13.6187334404521,-6.26525198940642));
#911=CARTESIAN_POINT('Ctrl Pts',(-8.80031834379013,13.6056083935456,-7.71622784635772));
#912=CARTESIAN_POINT('Ctrl Pts',(-9.25930344181804,13.5924833466391,-9.16720370330902));
#913=CARTESIAN_POINT('Ctrl Pts',(-9.35180740927216,13.5793582997327,-10.7341080072389));
#914=CARTESIAN_POINT('Ctrl Pts',(-9.06673554785774,13.5662332528262,-12.2290101081621));
#915=CARTESIAN_POINT('Ctrl Pts',(-8.78166368644333,13.5531082059198,-13.7239122090853));
#916=CARTESIAN_POINT('Ctrl Pts',(-8.11901599616039,13.5399831590133,-15.1468121070018));
#917=CARTESIAN_POINT('Ctrl Pts',(-7.15826881153713,13.5268581121069,-16.327050686762));
#918=CARTESIAN_POINT('Ctrl Pts',(-6.19752162691388,13.5137330652004,-17.5072892665223));
#919=CARTESIAN_POINT('Ctrl Pts',(-4.93867494795031,13.5006080182939,-18.4448665281264));
#920=CARTESIAN_POINT('Ctrl Pts',(-3.53271175087909,13.4874829713875,-19.0273317593573));
#921=CARTESIAN_POINT('Ctrl Pts',(-2.1267485538079,13.474357924481,-19.6097969905883));
#922=CARTESIAN_POINT('Ctrl Pts',(-0.573668838629059,13.4612328775746,-19.8371501914461));
#923=CARTESIAN_POINT('Ctrl Pts',(0.940254833090361,13.4481078306681,-19.6821231791469));
#924=CARTESIAN_POINT('Ctrl Pts',(2.4541785048098,13.4349827837616,-19.5270961668477));
#925=CARTESIAN_POINT('Ctrl Pts',(3.92894613306983,13.4218577368552,-18.9896889413914));
#926=CARTESIAN_POINT('Ctrl Pts',(5.18767771217766,13.4087326899487,-18.1343568017972));
#927=CARTESIAN_POINT('Ctrl Pts',(6.4464092912855,13.3956076430423,-17.279024662203));
#928=CARTESIAN_POINT('Ctrl Pts',(7.48910482124115,13.3824825961358,-16.1057676084709));
#929=CARTESIAN_POINT('Ctrl Pts',(8.19070596818348,13.3693575492294,-14.7553032117949));
#930=CARTESIAN_POINT('Ctrl Pts',(8.31328261109935,13.3670644740328,-14.5193637569588));
#931=CARTESIAN_POINT('Ctrl Pts',(8.42544784680697,13.3647713988363,-14.2780153071361));
#932=CARTESIAN_POINT('Ctrl Pts',(8.52697109567138,13.3624783236398,-14.0322349588362));
#933=CARTESIAN_POINT('Ctrl Pts',(8.5274787771026,13.4874819903602,-14.0322701496517));
#934=CARTESIAN_POINT('Ctrl Pts',(8.50912637622862,13.4878958882098,-14.0766139826691));
#935=CARTESIAN_POINT('Ctrl Pts',(8.49042220385911,13.4883097860593,-14.1208118708615));
#936=CARTESIAN_POINT('Ctrl Pts',(8.47136720582649,13.4887236839088,-14.1648579867082));
#937=CARTESIAN_POINT('Ctrl Pts',(7.8671172845776,13.5018487308153,-15.5615971512125));
#938=CARTESIAN_POINT('Ctrl Pts',(6.91008509919226,13.5149737777217,-16.8057175156326));
#939=CARTESIAN_POINT('Ctrl Pts',(5.7150547369963,13.5280988246282,-17.7480023422173));
#940=CARTESIAN_POINT('Ctrl Pts',(4.52002437480036,13.5412238715346,-18.6902871688021));
#941=CARTESIAN_POINT('Ctrl Pts',(3.08699583579379,13.5543489184411,-19.3307364575516));
#942=CARTESIAN_POINT('Ctrl Pts',(1.58784303974245,13.5674739653475,-19.5925362953826));
#943=CARTESIAN_POINT('Ctrl Pts',(0.0886902436910775,13.580599012254,-19.8543361332136));
#944=CARTESIAN_POINT('Ctrl Pts',(-1.47658680940507,13.5937240591605,-19.7374865201261));
#945=CARTESIAN_POINT('Ctrl Pts',(-2.92025263817668,13.6068491060669,-19.2560021114242));
#946=CARTESIAN_POINT('Ctrl Pts',(-4.36391846694829,13.6199741529734,-18.7745177027223));
#947=CARTESIAN_POINT('Ctrl Pts',(-5.68597307139535,13.6330991998798,-17.928398498406));
#948=CARTESIAN_POINT('Ctrl Pts',(-6.72785247264029,13.6462242467863,-16.8191259555865));
#949=CARTESIAN_POINT('Ctrl Pts',(-7.76973187388522,13.6593492936928,-15.7098534127669));
#950=CARTESIAN_POINT('Ctrl Pts',(-8.53143607192804,13.6724743405992,-14.3374275314441));
#951=CARTESIAN_POINT('Ctrl Pts',(-8.92160813797346,13.6855993875057,-12.8664536975956));
#952=CARTESIAN_POINT('Ctrl Pts',(-9.31178020401888,13.6987244344121,-11.395479863747));
#953=CARTESIAN_POINT('Ctrl Pts',(-9.33042013806689,13.7118494813186,-9.82595807737265));
#954=CARTESIAN_POINT('Ctrl Pts',(-8.97529231225437,13.724974528225,-8.34613292272641));
#955=CARTESIAN_POINT('Ctrl Pts',(-8.62016448644184,13.7380995751315,-6.86630776808018));
#956=CARTESIAN_POINT('Ctrl Pts',(-7.89126890076877,13.751224622038,-5.47617924516206));
#957=CARTESIAN_POINT('Ctrl Pts',(-6.87602749972887,13.7643496689444,-4.3424759512599));
#958=CARTESIAN_POINT('Ctrl Pts',(-5.86078609868897,13.7774747158509,-3.20877265735774));
#959=CARTESIAN_POINT('Ctrl Pts',(-4.55919888228225,13.7905997627573,-2.33149459247154));
#960=CARTESIAN_POINT('Ctrl Pts',(-3.12737502117997,13.8037248096638,-1.81586033084023));
#961=CARTESIAN_POINT('Ctrl Pts',(-1.6955511600777,13.8168498565703,-1.30022606920893));
#962=CARTESIAN_POINT('Ctrl Pts',(-0.133490654279858,13.8299749034767,-1.14623561083253));
#963=CARTESIAN_POINT('Ctrl Pts',(1.37145679960823,13.8430999503832,-1.37235819268982));
#964=CARTESIAN_POINT('Ctrl Pts',(2.87640425349632,13.8562249972896,-1.59848077454711));
#965=CARTESIAN_POINT('Ctrl Pts',(4.32423865547465,13.8693500441961,-2.20471639663811));
#966=CARTESIAN_POINT('Ctrl Pts',(5.54131030699557,13.8824750911025,-3.1183546489317));
#967=CARTESIAN_POINT('Ctrl Pts',(6.75838195851648,13.895600138009,-4.03199290122528));
#968=CARTESIAN_POINT('Ctrl Pts',(7.74469085957998,13.9087251849155,-5.25303378372147));
#969=CARTESIAN_POINT('Ctrl Pts',(8.38194154551782,13.9218502318219,-6.6350286550078));
#970=CARTESIAN_POINT('Ctrl Pts',(9.01919223145566,13.9349752787284,-8.01702352629414));
#971=CARTESIAN_POINT('Ctrl Pts',(9.30738470226784,13.9481003256348,-9.55997238637062));
#972=CARTESIAN_POINT('Ctrl Pts',(9.21195386155118,13.9612253725413,-11.0788177424323));
#973=CARTESIAN_POINT('Ctrl Pts',(9.14831748928535,13.9699775784809,-12.0916329682724));
#974=CARTESIAN_POINT('Ctrl Pts',(8.91409710765065,13.9787297844206,-13.0937302001036));
#975=CARTESIAN_POINT('Ctrl Pts',(8.52632958401975,13.9874819903602,-14.0319511079742));
#976=CARTESIAN_POINT('Origin',(0.,14.499980157,-10.500019843));
#977=CARTESIAN_POINT('',(8.52636750610385,14.4874819903602,-14.0315768045784));
#978=CARTESIAN_POINT('',(8.52693472783393,14.3624783236398,-14.0317443384021));
#979=CARTESIAN_POINT('',(8.52680756338304,14.499980157,-14.0319391794987));
#980=CARTESIAN_POINT('Ctrl Pts',(8.52693472783393,14.3624783236398,-14.0317443384021));
#981=CARTESIAN_POINT('Ctrl Pts',(8.65658178024088,14.3595642381644,-13.719637155591));
#982=CARTESIAN_POINT('Ctrl Pts',(8.76907574677711,14.3566501526891,-13.4004643790359));
#983=CARTESIAN_POINT('Ctrl Pts',(8.86337458243686,14.3537360672137,-13.0760035082579));
#984=CARTESIAN_POINT('Ctrl Pts',(9.28809672999369,14.3406110203073,-11.6146310865222));
#985=CARTESIAN_POINT('Ctrl Pts',(9.34371182819389,14.3274859734008,-10.0459842039121));
#986=CARTESIAN_POINT('Ctrl Pts',(9.02354953889562,14.3143609264943,-8.55820251087248));
#987=CARTESIAN_POINT('Ctrl Pts',(8.70338724959734,14.3012358795879,-7.07042081783281));
#988=CARTESIAN_POINT('Ctrl Pts',(8.00744757280059,14.2881108326814,-5.66350431436351));
#989=CARTESIAN_POINT('Ctrl Pts',(7.01919980231188,14.274985785775,-4.50619510686644));
#990=CARTESIAN_POINT('Ctrl Pts',(6.03095203182317,14.2618607388685,-3.34888589936936));
#991=CARTESIAN_POINT('Ctrl Pts',(4.75039616764248,14.248735691962,-2.44118398784451));
#992=CARTESIAN_POINT('Ctrl Pts',(3.33111893176325,14.2356106450556,-1.89195690789632));
#993=CARTESIAN_POINT('Ctrl Pts',(1.91184169588401,14.2224855981491,-1.34272982794813));
#994=CARTESIAN_POINT('Ctrl Pts',(0.353843088306244,14.2093605512427,-1.1519775795766));
#995=CARTESIAN_POINT('Ctrl Pts',(-1.15601436845114,14.1962355043362,-1.34257851847087));
#996=CARTESIAN_POINT('Ctrl Pts',(-2.66587182520852,14.1831104574297,-1.53317945736514));
#997=CARTESIAN_POINT('Ctrl Pts',(-4.12758813114551,14.1699854105233,-2.1051335835252));
#998=CARTESIAN_POINT('Ctrl Pts',(-5.36584862628329,14.1568603636168,-2.98984212525774));
#999=CARTESIAN_POINT('Ctrl Pts',(-6.60410912142106,14.1437353167104,-3.87455066699027));
#1000=CARTESIAN_POINT('Ctrl Pts',(-7.61891380575964,14.1306102698039,-5.07201362429527));
#1001=CARTESIAN_POINT('Ctrl Pts',(-8.2885495004442,14.1174852228975,-6.43861023413943));
#1002=CARTESIAN_POINT('Ctrl Pts',(-8.95818519512878,14.104360175991,-7.80520684398363));
#1003=CARTESIAN_POINT('Ctrl Pts',(-9.28265190015934,14.0912351290845,-9.340937106367));
#1004=CARTESIAN_POINT('Ctrl Pts',(-9.22303387666378,14.0781100821781,-10.8616093093443));
#1005=CARTESIAN_POINT('Ctrl Pts',(-9.16341585316823,14.0649850352716,-12.3822815123216));
#1006=CARTESIAN_POINT('Ctrl Pts',(-8.71971310114658,14.0518599883652,-13.8878956558929));
#1007=CARTESIAN_POINT('Ctrl Pts',(-7.94514223779495,14.0387349414587,-15.1978720813602));
#1008=CARTESIAN_POINT('Ctrl Pts',(-7.17057137444332,14.0256098945523,-16.5078485068274));
#1009=CARTESIAN_POINT('Ctrl Pts',(-6.06513239976171,14.0124848476458,-17.6221872141907));
#1010=CARTESIAN_POINT('Ctrl Pts',(-4.76140894655646,13.9993598007393,-18.4072371585865));
#1011=CARTESIAN_POINT('Ctrl Pts',(-3.4576854933512,13.9862347538329,-19.1922871029823));
#1012=CARTESIAN_POINT('Ctrl Pts',(-1.95567756162228,13.9731097069264,-19.6480482844108));
#1013=CARTESIAN_POINT('Ctrl Pts',(-0.435532289885601,13.95998466002,-19.7198578272992));
#1014=CARTESIAN_POINT('Ctrl Pts',(1.08461298185108,13.9468596131135,-19.7916673701877));
#1015=CARTESIAN_POINT('Ctrl Pts',(2.62289559359554,13.9337345662071,-19.4795252745361));
#1016=CARTESIAN_POINT('Ctrl Pts',(3.99481771089563,13.9206095193006,-18.8208690958691));
#1017=CARTESIAN_POINT('Ctrl Pts',(5.36673982819572,13.9074844723941,-18.1622129172021));
#1018=CARTESIAN_POINT('Ctrl Pts',(6.57230145105144,13.8943594254877,-17.1570426555195));
#1019=CARTESIAN_POINT('Ctrl Pts',(7.46691048239404,13.8812343785812,-15.9259159607096));
#1020=CARTESIAN_POINT('Ctrl Pts',(7.89305082974041,13.8749823602674,-15.3394779313882));
#1021=CARTESIAN_POINT('Ctrl Pts',(8.24863534218713,13.8687303419536,-14.7017698846256));
#1022=CARTESIAN_POINT('Ctrl Pts',(8.52609794623617,13.8624783236398,-14.0316803262047));
#1023=CARTESIAN_POINT('Ctrl Pts',(8.52632958401975,13.9874819903602,-14.0319511079742));
#1024=CARTESIAN_POINT('Ctrl Pts',(8.33259034563514,13.991854831327,-14.5007118809893));
#1025=CARTESIAN_POINT('Ctrl Pts',(8.10052152842202,13.9962276722939,-14.9535273712548));
#1026=CARTESIAN_POINT('Ctrl Pts',(7.83224798203907,14.0006005132607,-15.3837676357899));
#1027=CARTESIAN_POINT('Ctrl Pts',(7.02702709548914,14.0137255601671,-16.6751303210389));
#1028=CARTESIAN_POINT('Ctrl Pts',(5.89563947463479,14.0268506070736,-17.7631138394903));
#1029=CARTESIAN_POINT('Ctrl Pts',(4.57378096910745,14.03997565398,-18.5172281228419));
#1030=CARTESIAN_POINT('Ctrl Pts',(3.2519224635801,14.0531007008865,-19.2713424061935));
#1031=CARTESIAN_POINT('Ctrl Pts',(1.73959307337977,14.066225747793,-19.6915874544454));
#1032=CARTESIAN_POINT('Ctrl Pts',(0.218177867374975,14.0793507946994,-19.727560109719));
#1033=CARTESIAN_POINT('Ctrl Pts',(-1.30323733862982,14.0924758416059,-19.7635327649927));
#1034=CARTESIAN_POINT('Ctrl Pts',(-2.83373836043906,14.1056008885123,-19.4152330272883));
#1035=CARTESIAN_POINT('Ctrl Pts',(-4.18976066836533,14.1187259354188,-18.7244351108204));
#1036=CARTESIAN_POINT('Ctrl Pts',(-5.5457829762916,14.1318509823252,-18.0336371943525));
#1037=CARTESIAN_POINT('Ctrl Pts',(-6.72732657033489,14.1449760292317,-17.0003410991211));
#1038=CARTESIAN_POINT('Ctrl Pts',(-7.59268001675267,14.1581010761382,-15.7484778183424));
#1039=CARTESIAN_POINT('Ctrl Pts',(-8.45803346317045,14.1712261230446,-14.4966145375636));
#1040=CARTESIAN_POINT('Ctrl Pts',(-9.00719676196274,14.1843511699511,-13.0261840712374));
#1041=CARTESIAN_POINT('Ctrl Pts',(-9.17430461723684,14.1974762168575,-11.5135462343122));
#1042=CARTESIAN_POINT('Ctrl Pts',(-9.34141247251094,14.210601263764,-10.0009083973871));
#1043=CARTESIAN_POINT('Ctrl Pts',(-9.12646488426685,14.2237263106704,-8.446063189863));
#1044=CARTESIAN_POINT('Ctrl Pts',(-8.55524213777303,14.2368513575769,-7.03549492321517));
#1045=CARTESIAN_POINT('Ctrl Pts',(-7.98401939127921,14.2499764044834,-5.62492665656733));
#1046=CARTESIAN_POINT('Ctrl Pts',(-7.05652148653567,14.2631014513898,-4.35863533079574));
#1047=CARTESIAN_POINT('Ctrl Pts',(-5.88399024190061,14.2762264982963,-3.38849681421599));
#1048=CARTESIAN_POINT('Ctrl Pts',(-4.71145899726557,14.2893515452027,-2.41835829763626));
#1049=CARTESIAN_POINT('Ctrl Pts',(-3.29389441273903,14.3024765921092,-1.74437259024838));
#1050=CARTESIAN_POINT('Ctrl Pts',(-1.80131569939111,14.3156016390157,-1.44737588076711));
#1051=CARTESIAN_POINT('Ctrl Pts',(-0.308736986043162,14.3287266859221,-1.15037917128585));
#1052=CARTESIAN_POINT('Ctrl Pts',(1.25885585612617,14.3418517328286,-1.23037145971122));
#1053=CARTESIAN_POINT('Ctrl Pts',(2.71344959570236,14.354976779735,-1.67775866759186));
#1054=CARTESIAN_POINT('Ctrl Pts',(4.16804333527855,14.3681018266415,-2.12514587547249));
#1055=CARTESIAN_POINT('Ctrl Pts',(5.50963797226162,14.3812268735479,-2.9399280028084));
#1056=CARTESIAN_POINT('Ctrl Pts',(6.57732594429087,14.3943519204544,-4.02438208455087));
#1057=CARTESIAN_POINT('Ctrl Pts',(7.64501391632013,14.4074769673609,-5.10883616629334));
#1058=CARTESIAN_POINT('Ctrl Pts',(8.43879522339558,14.4206020142673,-6.46296220244237));
#1059=CARTESIAN_POINT('Ctrl Pts',(8.86346568718047,14.4337270611738,-7.9243496452721));
#1060=CARTESIAN_POINT('Ctrl Pts',(9.28813615096536,14.4468521080802,-9.38573708810183));
#1061=CARTESIAN_POINT('Ctrl Pts',(9.3436957714597,14.4599771549867,-10.9543859376123));
#1062=CARTESIAN_POINT('Ctrl Pts',(9.02348086427012,14.4731022018932,-12.4421563078259));
#1063=CARTESIAN_POINT('Ctrl Pts',(8.90653848526484,14.4778954647155,-12.9854895587147));
#1064=CARTESIAN_POINT('Ctrl Pts',(8.73947875678144,14.4826887275379,-13.5180359820951));
#1065=CARTESIAN_POINT('Ctrl Pts',(8.52636750610385,14.4874819903602,-14.0315768045784));
#1066=CARTESIAN_POINT('Origin',(0.,14.499980157,-10.500019843));
#1067=CARTESIAN_POINT('',(8.52747578281443,14.9874819903602,-14.0321128438935));
#1068=CARTESIAN_POINT('',(8.52735338984818,14.8624783236398,-14.0322926858666));
#1069=CARTESIAN_POINT('',(8.52680756338304,14.499980157,-14.0319391794987));
#1070=CARTESIAN_POINT('',(-3.532115781987,15.299980157,-1.97329365265365));
#1071=CARTESIAN_POINT('Ctrl Pts',(8.52747578281443,14.9874819903602,-14.0321128438935));
#1072=CARTESIAN_POINT('Ctrl Pts',(7.98138759104293,14.9997727175616,-15.3484750082067));
#1073=CARTESIAN_POINT('Ctrl Pts',(7.12598979123492,15.012063444763,-16.5370936288036));
#1074=CARTESIAN_POINT('Ctrl Pts',(6.04966909315983,15.0243541719644,-17.4711451422545));
#1075=CARTESIAN_POINT('Ctrl Pts',(4.90028554431375,15.0374792188708,-18.4686019831897));
#1076=CARTESIAN_POINT('Ctrl Pts',(3.49896769410929,15.0506042657773,-19.1757576068642));
#1077=CARTESIAN_POINT('Ctrl Pts',(2.01379027120527,15.0637293126838,-19.5077834288917));
#1078=CARTESIAN_POINT('Ctrl Pts',(0.528612848301273,15.0768543595902,-19.8398092509192));
#1079=CARTESIAN_POINT('Ctrl Pts',(-1.04042414730229,15.0899794064967,-19.7967052712997));
#1080=CARTESIAN_POINT('Ctrl Pts',(-2.50514257325249,15.1031044534031,-19.3836696904748));
#1081=CARTESIAN_POINT('Ctrl Pts',(-3.96986099920272,15.1162295003096,-18.9706341096498));
#1082=CARTESIAN_POINT('Ctrl Pts',(-5.3302608554996,15.129354547216,-18.1876669276195));
#1083=CARTESIAN_POINT('Ctrl Pts',(-6.42316238222651,15.1424795941225,-17.1286179279006));
#1084=CARTESIAN_POINT('Ctrl Pts',(-7.51606390895343,15.155604641029,-16.0695689281817));
#1085=CARTESIAN_POINT('Ctrl Pts',(-8.34146710611037,15.1687296879354,-14.7344381107741));
#1086=CARTESIAN_POINT('Ctrl Pts',(-8.80040891241805,15.1818547348419,-13.283473972646));
#1087=CARTESIAN_POINT('Ctrl Pts',(-9.25935071872573,15.1949797817483,-11.8325098345178));
#1088=CARTESIAN_POINT('Ctrl Pts',(-9.35183113418415,15.2081048286548,-10.2657123756691));
#1089=CARTESIAN_POINT('Ctrl Pts',(-9.06669008543505,15.2212298755613,-8.77076082479824));
#1090=CARTESIAN_POINT('Ctrl Pts',(-8.78154903668596,15.2343549224677,-7.27580927392743));
#1091=CARTESIAN_POINT('Ctrl Pts',(-8.11878652372934,15.2474799693742,-5.85270363103456));
#1092=CARTESIAN_POINT('Ctrl Pts',(-7.15801540877012,15.2606050162806,-4.67271640173635));
#1093=CARTESIAN_POINT('Ctrl Pts',(-6.19724429381089,15.2737300631871,-3.49272917243813));
#1094=CARTESIAN_POINT('Ctrl Pts',(-4.93846457684905,15.2868551100935,-2.55586035673457));
#1095=CARTESIAN_POINT('Ctrl Pts',(-3.53211578198691,15.299980157,-1.97329365265362));
#1096=CARTESIAN_POINT('',(8.52756797261036,15.299980157,-6.96795634818311));
#1097=CARTESIAN_POINT('Origin',(0.,15.299980157,-10.500019843));
#1098=CARTESIAN_POINT('Ctrl Pts',(8.52756797261036,15.299980157,-6.96795634818311));
#1099=CARTESIAN_POINT('Ctrl Pts',(8.50923141438357,15.2995665861596,-6.92364671911313));
#1100=CARTESIAN_POINT('Ctrl Pts',(8.49054361212844,15.2991530153191,-6.87948282610088));
#1101=CARTESIAN_POINT('Ctrl Pts',(8.47150550673107,15.2987394444787,-6.83547048601991));
#1102=CARTESIAN_POINT('Ctrl Pts',(7.86731391023454,15.2856143975722,-5.43869882917535));
#1103=CARTESIAN_POINT('Ctrl Pts',(6.91030820780371,15.2724893506658,-4.194566431033));
#1104=CARTESIAN_POINT('Ctrl Pts',(5.71530675322901,15.2593643037593,-3.25224484434017));
#1105=CARTESIAN_POINT('Ctrl Pts',(4.52030529865431,15.2462392568528,-2.30992325764736));
#1106=CARTESIAN_POINT('Ctrl Pts',(3.08730809193574,15.2331142099464,-1.66941248240407));
#1107=CARTESIAN_POINT('Ctrl Pts',(1.58816674643752,15.2199891630399,-1.40755689902267));
#1108=CARTESIAN_POINT('Ctrl Pts',(0.0890254009392794,15.2068641161335,-1.14570131564128));
#1109=CARTESIAN_POINT('Ctrl Pts',(-1.47626008333861,15.193739069227,-1.26250092412178));
#1110=CARTESIAN_POINT('Ctrl Pts',(-2.9199440235263,15.1806140223206,-1.74393562518371));
#1111=CARTESIAN_POINT('Ctrl Pts',(-4.36362796371399,15.1674889754141,-2.22537032624565));
#1112=CARTESIAN_POINT('Ctrl Pts',(-5.68571035981148,15.1543639285076,-3.07144011988902));
#1113=CARTESIAN_POINT('Ctrl Pts',(-6.72762845334271,15.1412388816012,-4.18067514423058));
#1114=CARTESIAN_POINT('Ctrl Pts',(-7.76954654687393,15.1281138346947,-5.28991016857213));
#1115=CARTESIAN_POINT('Ctrl Pts',(-8.53130033783888,15.1149887877883,-6.66231042361187));
#1116=CARTESIAN_POINT('Ctrl Pts',(-8.92152469310132,15.1018637408818,-8.13327078798732));
#1117=CARTESIAN_POINT('Ctrl Pts',(-9.31174904836376,15.0887386939754,-9.60423115236278));
#1118=CARTESIAN_POINT('Ctrl Pts',(-9.33044396792368,15.0756136470689,-11.1737516260739));
#1119=CARTESIAN_POINT('Ctrl Pts',(-8.97536834705596,15.0624886001624,-12.6535891741016));
#1120=CARTESIAN_POINT('Ctrl Pts',(-8.62029272618824,15.049363553256,-14.1334267221293));
#1121=CARTESIAN_POINT('Ctrl Pts',(-7.89144656489289,15.0362385063495,-15.5235813444735));
#1122=CARTESIAN_POINT('Ctrl Pts',(-6.87624532588614,15.0231134594431,-16.6573206239256));
#1123=CARTESIAN_POINT('Ctrl Pts',(-5.86104408687939,15.0099884125366,-17.7910599033778));
#1124=CARTESIAN_POINT('Ctrl Pts',(-4.55948777016123,14.9968633656301,-18.6683838399378));
#1125=CARTESIAN_POINT('Ctrl Pts',(-3.12768211484087,14.9837383187237,-19.1840686993298));
#1126=CARTESIAN_POINT('Ctrl Pts',(-1.69587645952051,14.9706132718172,-19.6997535587218));
#1127=CARTESIAN_POINT('Ctrl Pts',(-0.133821465597943,14.9574882249108,-19.8537993409459));
#1128=CARTESIAN_POINT('Ctrl Pts',(1.37113396739939,14.9443631780043,-19.6277300043089));
#1129=CARTESIAN_POINT('Ctrl Pts',(2.8760894003967,14.9312381310979,-19.401660667672));
#1130=CARTESIAN_POINT('Ctrl Pts',(4.32394527246878,14.9181130841914,-18.7954762121741));
#1131=CARTESIAN_POINT('Ctrl Pts',(5.54104924261268,14.9049880372849,-17.8818809949411));
#1132=CARTESIAN_POINT('Ctrl Pts',(6.75815321275657,14.8918629903785,-16.9682857777081));
#1133=CARTESIAN_POINT('Ctrl Pts',(7.74450528097227,14.878737943472,-15.7472797987401));
#1134=CARTESIAN_POINT('Ctrl Pts',(8.38180483861796,14.8656128965656,-14.3653074716394));
#1135=CARTESIAN_POINT('Ctrl Pts',(8.43253892877014,14.8645680389236,-14.2552915336244));
#1136=CARTESIAN_POINT('Ctrl Pts',(8.48106092641599,14.8635231812817,-14.1442554841886));
#1137=CARTESIAN_POINT('Ctrl Pts',(8.52735338984818,14.8624783236398,-14.0322926858666));
#1138=CARTESIAN_POINT('Origin',(5.55111512312578E-16,16.3937418407164,-10.500019843));
#1139=CARTESIAN_POINT('',(8.7773844759036,12.7062184732836,-14.1355471385738));
#1140=CARTESIAN_POINT('',(8.77685555885725,12.699980157,-14.1355124504683));
#1141=CARTESIAN_POINT('',(8.77685555885725,16.3937418407164,-14.1355124504683));
#1142=CARTESIAN_POINT('',(9.03460578800114,12.699980157,-13.4370077992941));
#1143=CARTESIAN_POINT('Origin',(0.,12.699980157,-10.500019843));
#1144=CARTESIAN_POINT('Ctrl Pts',(8.7773844759036,12.7062184732836,-14.1355471385738));
#1145=CARTESIAN_POINT('Ctrl Pts',(8.8536349674222,12.7045526053628,-13.9519088933193));
#1146=CARTESIAN_POINT('Ctrl Pts',(8.94155791938361,12.7024731666016,-13.7196880738368));
#1147=CARTESIAN_POINT('Ctrl Pts',(9.02008441750895,12.7003937278404,-13.4842492742112));
#1148=CARTESIAN_POINT('Ctrl Pts',(9.03533004411337,12.699980157,-13.4373025962115));
#1149=CARTESIAN_POINT('Origin',(5.55111512312578E-16,16.3937418407164,-10.500019843));
#1150=CARTESIAN_POINT('',(8.77702388671772,13.2062184732836,-14.1358169035128));
#1151=CARTESIAN_POINT('',(8.77677487155856,13.1437418407164,-14.1352268295801));
#1152=CARTESIAN_POINT('',(8.77685555885725,16.3937418407164,-14.1355124504683));
#1153=CARTESIAN_POINT('',(4.31415248419605,12.699980157,-18.9639485019092));
#1154=CARTESIAN_POINT('Ctrl Pts',(8.77677487155856,13.1437418407164,-14.1352268295801));
#1155=CARTESIAN_POINT('Ctrl Pts',(8.93910808470819,13.1401967954486,-13.744371876308));
#1156=CARTESIAN_POINT('Ctrl Pts',(9.57996781426284,13.1235267032744,-11.8559595720094));
#1157=CARTESIAN_POINT('Ctrl Pts',(9.62270475880189,13.0937315641937,-8.18849796060348));
#1158=CARTESIAN_POINT('Ctrl Pts',(7.37093909834361,13.0543564234744,-3.89631903943547));
#1159=CARTESIAN_POINT('Ctrl Pts',(3.35106209308751,13.014981282755,-1.18820037472265));
#1160=CARTESIAN_POINT('Ctrl Pts',(-1.47263764986245,12.9756061420356,-0.713761273231419));
#1161=CARTESIAN_POINT('Ctrl Pts',(-5.94311568239986,12.9362310013162,-2.58678945080712));
#1162=CARTESIAN_POINT('Ctrl Pts',(-8.98793310987064,12.8968558605969,-6.35802926235691));
#1163=CARTESIAN_POINT('Ctrl Pts',(-9.87688083629434,12.8574807198775,-11.1227792682155));
#1164=CARTESIAN_POINT('Ctrl Pts',(-8.39638581212293,12.8181055791581,-15.7382460966808));
#1165=CARTESIAN_POINT('Ctrl Pts',(-4.90226305299116,12.7787304384388,-19.0969869316958));
#1166=CARTESIAN_POINT('Ctrl Pts',(-0.231271340549678,12.7393552977194,-20.3939600594331));
#1167=CARTESIAN_POINT('Ctrl Pts',(2.91816115017942,12.7131052039065,-19.6754998067781));
#1168=CARTESIAN_POINT('Ctrl Pts',(4.31415248419605,12.699980157,-18.9639485019092));
#1169=CARTESIAN_POINT('Origin',(0.,12.699980157,-10.500019843));
#1170=CARTESIAN_POINT('Ctrl Pts',(8.77702388671771,13.2062184732836,-14.1358169035128));
#1171=CARTESIAN_POINT('Ctrl Pts',(9.27066033291422,13.1953865015737,-12.9407592291694));
#1172=CARTESIAN_POINT('Ctrl Pts',(9.82183007610713,13.1714294829573,-10.0725195021245));
#1173=CARTESIAN_POINT('Ctrl Pts',(8.63484706141615,13.1343474174344,-5.66483529443581));
#1174=CARTESIAN_POINT('Ctrl Pts',(5.30317899010436,13.0949722767151,-2.14442974645015));
#1175=CARTESIAN_POINT('Ctrl Pts',(0.699410268389638,13.0555971359957,-0.628321904612891));
#1176=CARTESIAN_POINT('Ctrl Pts',(-4.07212924483592,13.0162219952763,-1.48018874699018));
#1177=CARTESIAN_POINT('Ctrl Pts',(-7.8668670328161,12.9768468545569,-4.49568766753746));
#1178=CARTESIAN_POINT('Ctrl Pts',(-9.77453819922162,12.9374717138376,-8.95147758404787));
#1179=CARTESIAN_POINT('Ctrl Pts',(-9.33754370903881,12.8980965731182,-13.7787215430892));
#1180=CARTESIAN_POINT('Ctrl Pts',(-6.66070009554707,12.8587214323988,-17.8194920288878));
#1181=CARTESIAN_POINT('Ctrl Pts',(-2.38613069234216,12.8193462916794,-20.1044926828112));
#1182=CARTESIAN_POINT('Ctrl Pts',(2.46083258882744,12.7799711509601,-20.0856414861681));
#1183=CARTESIAN_POINT('Ctrl Pts',(6.53737411861642,12.7422618781615,-17.8654738547764));
#1184=CARTESIAN_POINT('Ctrl Pts',(8.25287228669042,12.7176776522693,-15.3987586421773));
#1185=CARTESIAN_POINT('Ctrl Pts',(8.7773844759036,12.7062184732836,-14.1355471385738));
#1186=CARTESIAN_POINT('Origin',(5.55111512312578E-16,16.3937418407164,-10.500019843));
#1187=CARTESIAN_POINT('',(8.77612513224049,13.7062184732836,-14.1352460063207));
#1188=CARTESIAN_POINT('',(8.77754645586896,13.6437418407164,-14.1358531262965));
#1189=CARTESIAN_POINT('',(8.77685555885725,16.3937418407164,-14.1355124504683));
#1190=CARTESIAN_POINT('Ctrl Pts',(8.77754645586897,13.6437418407164,-14.1358531262965));
#1191=CARTESIAN_POINT('Ctrl Pts',(9.35769207622154,13.6310306916595,-12.7340811896812));
#1192=CARTESIAN_POINT('Ctrl Pts',(9.84274492144363,13.6051944956961,-9.59690918919535));
#1193=CARTESIAN_POINT('Ctrl Pts',(8.27093390591625,13.5662332528262,-5.06575393314451));
#1194=CARTESIAN_POINT('Ctrl Pts',(4.69843407998393,13.5268581121068,-1.79000773889694));
#1195=CARTESIAN_POINT('Ctrl Pts',(-0.00110301151533832,13.4874829713875,
-0.603576418891361));
#1196=CARTESIAN_POINT('Ctrl Pts',(-4.70037551506932,13.4481078306681,-1.79105528627846));
#1197=CARTESIAN_POINT('Ctrl Pts',(-8.27214505861208,13.4087326899487,-5.06759774536112));
#1198=CARTESIAN_POINT('Ctrl Pts',(-9.85963310897118,13.3693575492294,-9.6472429105047));
#1199=CARTESIAN_POINT('Ctrl Pts',(-9.0820408750569,13.32998240851,-14.4314480019961));
#1200=CARTESIAN_POINT('Ctrl Pts',(-6.12589328475949,13.2906072677906,-18.2726014603544));
#1201=CARTESIAN_POINT('Ctrl Pts',(-1.70029663475663,13.2512321270712,-20.2493062147822));
#1202=CARTESIAN_POINT('Ctrl Pts',(3.13315901190541,13.2118569863519,-19.8874001834506));
#1203=CARTESIAN_POINT('Ctrl Pts',(6.8475445513271,13.1760268909003,-17.5090139085342));
#1204=CARTESIAN_POINT('Ctrl Pts',(8.33809148939409,13.1533218423551,-15.1914590664119));
#1205=CARTESIAN_POINT('Ctrl Pts',(8.77677487155856,13.1437418407164,-14.1352268295801));
#1206=CARTESIAN_POINT('Ctrl Pts',(8.77612513224049,13.7062184732836,-14.1352460063207));
#1207=CARTESIAN_POINT('Ctrl Pts',(9.09009274906962,13.699345444691,-13.3769945567585));
#1208=CARTESIAN_POINT('Ctrl Pts',(9.72086505289177,13.6793473691919,-11.0535469509117));
#1209=CARTESIAN_POINT('Ctrl Pts',(9.2578227509049,13.6462242467863,-7.00254769472776));
#1210=CARTESIAN_POINT('Ctrl Pts',(6.48665981039054,13.6068491060669,-3.02587520837013));
#1211=CARTESIAN_POINT('Ctrl Pts',(2.15950881059935,13.5674739653476,-0.842063785328702));
#1212=CARTESIAN_POINT('Ctrl Pts',(-2.68565454403479,13.5280988246282,-0.974955371533354));
#1213=CARTESIAN_POINT('Ctrl Pts',(-6.88659629240501,13.4887236839088,-3.39267258684209));
#1214=CARTESIAN_POINT('Ctrl Pts',(-9.43561518486755,13.4493485431894,-7.51526531376467));
#1215=CARTESIAN_POINT('Ctrl Pts',(-9.72126510305705,13.4099734024701,-12.3538262808969));
#1216=CARTESIAN_POINT('Ctrl Pts',(-7.67502575000793,13.3705982617507,-16.7477052746093));
#1217=CARTESIAN_POINT('Ctrl Pts',(-3.78773895836372,13.3312231210313,-19.642920209108));
#1218=CARTESIAN_POINT('Ctrl Pts',(1.00813202741505,13.2918479803119,-20.3449811586276));
#1219=CARTESIAN_POINT('Ctrl Pts',(5.562177264123,13.2524728395926,-18.685481201913));
#1220=CARTESIAN_POINT('Ctrl Pts',(7.89623355648498,13.2239296705831,-16.0591651488097));
#1221=CARTESIAN_POINT('Ctrl Pts',(8.67252347615664,13.2085115484801,-14.388804742185));
#1222=CARTESIAN_POINT('Ctrl Pts',(8.77702388671771,13.2062184732836,-14.1358169035128));
#1223=CARTESIAN_POINT('Origin',(5.55111512312578E-16,16.3937418407164,-10.500019843));
#1224=CARTESIAN_POINT('',(8.77698645239615,14.2062184732836,-14.1353118956711));
#1225=CARTESIAN_POINT('',(8.77636356278473,14.1437418407164,-14.1355247287456));
#1226=CARTESIAN_POINT('',(8.77685555885725,16.3937418407164,-14.1355124504683));
#1227=CARTESIAN_POINT('Ctrl Pts',(8.77636356278472,14.1437418407164,-14.1355247287456));
#1228=CARTESIAN_POINT('Ctrl Pts',(9.17550234010857,14.1349896347768,-13.1697905627673));
#1229=CARTESIAN_POINT('Ctrl Pts',(9.77813467686351,14.1131123819307,-10.5914658573798));
#1230=CARTESIAN_POINT('Ctrl Pts',(8.98703567706428,14.0781100821781,-6.35601412434892));
#1231=CARTESIAN_POINT('Ctrl Pts',(5.94133866911573,14.0387349414587,-2.58547067858716));
#1232=CARTESIAN_POINT('Ctrl Pts',(1.47046255580521,13.9993598007393,-0.713430369183654));
#1233=CARTESIAN_POINT('Ctrl Pts',(-3.35314088487462,13.95998466002,-1.18894902041344));
#1234=CARTESIAN_POINT('Ctrl Pts',(-7.3724093780612,13.9206095193006,-3.89796155642698));
#1235=CARTESIAN_POINT('Ctrl Pts',(-9.62322056104619,13.8812343785812,-8.19064337076566));
#1236=CARTESIAN_POINT('Ctrl Pts',(-9.56566091487735,13.8418592378619,-13.0372870576633));
#1237=CARTESIAN_POINT('Ctrl Pts',(-7.21353756445499,13.8024840971425,-17.2753035612849));
#1238=CARTESIAN_POINT('Ctrl Pts',(-3.13106629326677,13.7631089564231,-19.8880983218059));
#1239=CARTESIAN_POINT('Ctrl Pts',(1.70246976433643,13.7237338157037,-20.2489269796197));
#1240=CARTESIAN_POINT('Ctrl Pts',(6.12762574625147,13.6843586749843,-18.271235730576));
#1241=CARTESIAN_POINT('Ctrl Pts',(8.12888491048414,13.6576946833219,-15.6696437269574));
#1242=CARTESIAN_POINT('Ctrl Pts',(8.75865587220894,13.6441557385659,-14.1814973389078));
#1243=CARTESIAN_POINT('Ctrl Pts',(8.77754645586897,13.6437418407164,-14.1358531262965));
#1244=CARTESIAN_POINT('Ctrl Pts',(8.77698645239615,14.2062184732836,-14.1353118956711));
#1245=CARTESIAN_POINT('Ctrl Pts',(8.91043539493988,14.2033043878082,-13.8140521930154));
#1246=CARTESIAN_POINT('Ctrl Pts',(9.54775944217004,14.1872652554264,-12.0058086757572));
#1247=CARTESIAN_POINT('Ctrl Pts',(9.67496148707588,14.1581010761382,-8.41802230729813));
#1248=CARTESIAN_POINT('Ctrl Pts',(7.52591731942517,14.1187259354188,-4.07349963247543));
#1249=CARTESIAN_POINT('Ctrl Pts',(3.57159311142031,14.0793507946994,-1.27053902544911));
#1250=CARTESIAN_POINT('Ctrl Pts',(-1.2394672900128,14.03997565398,-0.68150089398932));
#1251=CARTESIAN_POINT('Ctrl Pts',(-5.75321037259218,14.0006005132607,-2.44768080867037));
#1252=CARTESIAN_POINT('Ctrl Pts',(-8.88690164052,13.9612253725413,-6.14541621616853));
#1253=CARTESIAN_POINT('Ctrl Pts',(-9.88884664134569,13.9218502318219,-10.8877125293353));
#1254=CARTESIAN_POINT('Ctrl Pts',(-8.51870373500702,13.8824750911025,-15.5370110272556));
#1255=CARTESIAN_POINT('Ctrl Pts',(-5.10513606464819,13.8430999503832,-18.9780608476496));
#1256=CARTESIAN_POINT('Ctrl Pts',(-0.466973457934426,13.8037248096638,-20.385439879836));
#1257=CARTESIAN_POINT('Ctrl Pts',(4.28320444567927,13.7643496689444,-19.4215529618983));
#1258=CARTESIAN_POINT('Ctrl Pts',(7.35613413876827,13.7318475568177,-16.8594130553396));
#1259=CARTESIAN_POINT('Ctrl Pts',(8.49052595803365,13.7124704915974,-14.8249858910361));
#1260=CARTESIAN_POINT('Ctrl Pts',(8.77612513224049,13.7062184732836,-14.1352460063207));
#1261=CARTESIAN_POINT('Origin',(5.55111512312578E-16,16.3937418407164,-10.500019843));
#1262=CARTESIAN_POINT('',(8.7774173916426,14.7062184732836,-14.1358763233844));
#1263=CARTESIAN_POINT('',(8.77640259693109,14.6437418407164,-14.1351394489307));
#1264=CARTESIAN_POINT('',(8.77685555885725,16.3937418407164,-14.1355124504683));
#1265=CARTESIAN_POINT('Ctrl Pts',(8.77640259693109,14.6437418407164,-14.1351394489307));
#1266=CARTESIAN_POINT('Ctrl Pts',(8.99576331913118,14.6389485778941,-13.6065390801515));
#1267=CARTESIAN_POINT('Ctrl Pts',(9.63858432099457,14.6210302681652,-11.5573796057295));
#1268=CARTESIAN_POINT('Ctrl Pts',(9.5033211482363,14.5899869115299,-7.73841146950872));
#1269=CARTESIAN_POINT('Ctrl Pts',(7.05214449423031,14.5506117708106,-3.55690442619068));
#1270=CARTESIAN_POINT('Ctrl Pts',(2.90933409544629,14.5112366300912,-1.04087776894252));
#1271=CARTESIAN_POINT('Ctrl Pts',(-1.93135306040171,14.4718614893718,-0.79386360000071));
#1272=CARTESIAN_POINT('Ctrl Pts',(-6.30875674094333,14.4324863486525,-2.87511446388117));
#1273=CARTESIAN_POINT('Ctrl Pts',(-9.17284687569723,14.3931112079331,-6.7853901370857));
#1274=CARTESIAN_POINT('Ctrl Pts',(-9.83659960638321,14.3537360672137,-11.586712918694));
#1275=CARTESIAN_POINT('Ctrl Pts',(-8.14079719174076,14.3143609264943,-16.1273651087504));
#1276=CARTESIAN_POINT('Ctrl Pts',(-4.49222037644679,14.274985785775,-19.3181573870899));
#1277=CARTESIAN_POINT('Ctrl Pts',(0.233928173728891,14.2356106450556,-20.3936981916511));
#1278=CARTESIAN_POINT('Ctrl Pts',(4.90396318385519,14.1962355043362,-19.0959920828594));
#1279=CARTESIAN_POINT('Ctrl Pts',(7.62108967841794,14.1656125695565,-16.4831043429357));
#1280=CARTESIAN_POINT('Ctrl Pts',(8.57694293569249,14.1481146816832,-14.6180318764475));
#1281=CARTESIAN_POINT('Ctrl Pts',(8.77636356278472,14.1437418407164,-14.1355247287456));
#1282=CARTESIAN_POINT('Ctrl Pts',(8.7774173916426,14.7062184732836,-14.1358763233844));
#1283=CARTESIAN_POINT('Ctrl Pts',(9.32832579474305,14.6941382840191,-12.803451089187));
#1284=CARTESIAN_POINT('Ctrl Pts',(9.83773817841187,14.6689330478481,-9.75730356502416));
#1285=CARTESIAN_POINT('Ctrl Pts',(8.39784479435666,14.6306027647707,-5.2640102738811));
#1286=CARTESIAN_POINT('Ctrl Pts',(4.90426718980055,14.5912276240513,-1.90422104900588));
#1287=CARTESIAN_POINT('Ctrl Pts',(0.234278078570371,14.5518524833319,-0.606349782157803));
#1288=CARTESIAN_POINT('Ctrl Pts',(-4.49190850204361,14.5124773426125,-1.68172343549855));
#1289=CARTESIAN_POINT('Ctrl Pts',(-8.1405981607154,14.4731022018932,-4.87238667252903));
#1290=CARTESIAN_POINT('Ctrl Pts',(-9.83656116030669,14.4337270611738,-9.41297888119207));
#1291=CARTESIAN_POINT('Ctrl Pts',(-9.17297823732965,14.3943519204544,-14.2143251312296));
#1292=CARTESIAN_POINT('Ctrl Pts',(-6.3090263996473,14.354976779735,-18.1247020922964));
#1293=CARTESIAN_POINT('Ctrl Pts',(-1.93169633190974,14.3156016390157,-20.2061077674306));
#1294=CARTESIAN_POINT('Ctrl Pts',(2.90899955350377,14.2762264982963,-19.9592647976822));
#1295=CARTESIAN_POINT('Ctrl Pts',(6.745290174406,14.2397654430523,-17.6295805609847));
#1296=CARTESIAN_POINT('Ctrl Pts',(8.3093810863706,14.2164294347147,-15.2610065470195));
#1297=CARTESIAN_POINT('Ctrl Pts',(8.77698645239615,14.2062184732836,-14.1353118956711));
#1298=CARTESIAN_POINT('Origin',(5.55111512312578E-16,16.3937418407164,-10.500019843));
#1299=CARTESIAN_POINT('',(8.77627331815154,15.2062184732836,-14.1353718270249));
#1300=CARTESIAN_POINT('',(8.77754337377352,15.1437418407164,-14.1356912075587));
#1301=CARTESIAN_POINT('',(8.77685555885725,16.3937418407164,-14.1355124504683));
#1302=CARTESIAN_POINT('',(-0.00139480814327964,15.299980157,-20.0000197406058));
#1303=CARTESIAN_POINT('Ctrl Pts',(-0.0013948081435311,15.299980157,-20.0000197406058));
#1304=CARTESIAN_POINT('Ctrl Pts',(1.56548011066346,15.2868551100935,-20.0002497921764));
#1305=CARTESIAN_POINT('Ctrl Pts',(4.69781912278071,15.2606050162806,-19.2105904126209));
#1306=CARTESIAN_POINT('Ctrl Pts',(7.53393273803115,15.2293511217085,-16.6101186925132));
#1307=CARTESIAN_POINT('Ctrl Pts',(8.54797105195392,15.2112222740428,-14.6874729021983));
#1308=CARTESIAN_POINT('Ctrl Pts',(8.77627331815154,15.2062184732836,-14.1353718270249));
#1309=CARTESIAN_POINT('',(-6.71703955846789,15.299980157,-17.2191119377635));
#1310=CARTESIAN_POINT('Origin',(0.,15.299980157,-10.500019843));
#1311=CARTESIAN_POINT('Ctrl Pts',(-6.71703955846793,15.299980157,-17.2191119377635));
#1312=CARTESIAN_POINT('Ctrl Pts',(-6.68214225994503,15.2995665861596,-17.2540203642665));
#1313=CARTESIAN_POINT('Ctrl Pts',(-5.53069367022132,15.2860279684127,-18.3877117872553));
#1314=CARTESIAN_POINT('Ctrl Pts',(-2.68598339618777,15.2593643037593,-20.0249618771044));
#1315=CARTESIAN_POINT('Ctrl Pts',(2.159163269038,15.2199891630399,-20.15806587892));
#1316=CARTESIAN_POINT('Ctrl Pts',(6.39470769553339,15.1814483420256,-18.0206571103936));
#1317=CARTESIAN_POINT('Ctrl Pts',(8.21544118653071,15.1560325679178,-15.4906555941054));
#1318=CARTESIAN_POINT('Ctrl Pts',(8.77754337377352,15.1437418407164,-14.1356912075587));
#1319=CARTESIAN_POINT('Origin',(5.55111512312578E-16,16.3937418407164,-10.500019843));
#1320=CARTESIAN_POINT('Ctrl Pts',(8.77754337377352,15.1437418407164,-14.1356912075587));
#1321=CARTESIAN_POINT('Ctrl Pts',(8.81570002011325,15.1429075210113,-14.0437134532041));
#1322=CARTESIAN_POINT('Ctrl Pts',(9.42956903513156,15.1289481543998,-12.494655973046));
#1323=CARTESIAN_POINT('Ctrl Pts',(9.80831179509726,15.1018637408818,-9.18220831450083));
#1324=CARTESIAN_POINT('Ctrl Pts',(8.00615383823344,15.0624886001625,-4.68271110042785));
#1325=CARTESIAN_POINT('Ctrl Pts',(4.28352008931255,15.0231134594431,-1.57863779964639));
#1326=CARTESIAN_POINT('Ctrl Pts',(-0.466623902685449,14.9837383187237,-0.614583491107005));
#1327=CARTESIAN_POINT('Ctrl Pts',(-5.10483619625281,14.9443631780043,-2.02179818633227));
#1328=CARTESIAN_POINT('Ctrl Pts',(-8.51852560884202,14.9049880372849,-5.46272742974019));
#1329=CARTESIAN_POINT('Ctrl Pts',(-9.88883292379508,14.8656128965656,-10.1119773969155));
#1330=CARTESIAN_POINT('Ctrl Pts',(-8.88705565262438,14.8262377558462,-14.8543091825718));
#1331=CARTESIAN_POINT('Ctrl Pts',(-5.75349515555308,14.7868626151268,-18.5521554004247));
#1332=CARTESIAN_POINT('Ctrl Pts',(-1.23981453899133,14.7474874744074,-20.3184949601728));
#1333=CARTESIAN_POINT('Ctrl Pts',(3.5712666965166,14.7081123336881,-19.7296269752265));
#1334=CARTESIAN_POINT('Ctrl Pts',(7.04430533372238,14.6735304557911,-17.2680026277407));
#1335=CARTESIAN_POINT('Ctrl Pts',(8.39510362759916,14.6520736248005,-15.0539674587151));
#1336=CARTESIAN_POINT('Ctrl Pts',(8.77640259693109,14.6437418407164,-14.1351394489307));
#1337=CARTESIAN_POINT('Ctrl Pts',(8.77627331815154,15.2062184732836,-14.1353718270249));
#1338=CARTESIAN_POINT('Ctrl Pts',(9.14681143287361,15.1980972271364,-13.2393032292926));
#1339=CARTESIAN_POINT('Ctrl Pts',(9.7606938083873,15.1768509340827,-10.7474137488537));
#1340=CARTESIAN_POINT('Ctrl Pts',(9.08309212678259,15.1424795941225,-6.57089245602457));
#1341=CARTESIAN_POINT('Ctrl Pts',(6.12788265707147,15.1031044534031,-2.72904299240501));
#1342=CARTESIAN_POINT('Ctrl Pts',(1.70282342847145,15.0637293126838,-0.751161874619499));
#1343=CARTESIAN_POINT('Ctrl Pts',(-3.13073866440829,15.0243541719644,-1.11183611946819));
#1344=CARTESIAN_POINT('Ctrl Pts',(-7.21329575551206,14.984979031245,-3.72447830107751));
#1345=CARTESIAN_POINT('Ctrl Pts',(-9.56557224762703,14.9456038905256,-7.96241567138341));
#1346=CARTESIAN_POINT('Ctrl Pts',(-9.62330168766968,14.9062287498063,-12.8090553048102));
#1347=CARTESIAN_POINT('Ctrl Pts',(-7.37264312591642,14.8668536090869,-17.1018177135184));
#1348=CARTESIAN_POINT('Ctrl Pts',(-3.35347005018871,14.8274784683675,-19.8109719001036));
#1349=CARTESIAN_POINT('Ctrl Pts',(1.47011636995929,14.7881033276482,-20.2866613899794));
#1350=CARTESIAN_POINT('Ctrl Pts',(5.94105878237777,14.7487281869288,-18.4147790817247));
#1351=CARTESIAN_POINT('Ctrl Pts',(8.05243638893582,14.7214332354739,-15.8011031291511));
#1352=CARTESIAN_POINT('Ctrl Pts',(8.72976740517492,14.7072633309255,-14.2511224224117));
#1353=CARTESIAN_POINT('Ctrl Pts',(8.7774173916426,14.7062184732836,-14.1358763233844));
#1354=CARTESIAN_POINT('Ctrl Pts',(-3.53211578198691,15.299980157,-1.97329365265362));
#1355=CARTESIAN_POINT('Ctrl Pts',(-4.93846457684905,15.2868551100935,-2.55586035673457));
#1356=CARTESIAN_POINT('Ctrl Pts',(-7.45602401077273,15.2606050162806,-4.42959798814169));
#1357=CARTESIAN_POINT('Ctrl Pts',(-9.44431154964257,15.2212298755612,-8.69891491682029));
#1358=CARTESIAN_POINT('Ctrl Pts',(-9.16687030326731,15.1818547348419,-13.3993072933666));
#1359=CARTESIAN_POINT('Ctrl Pts',(-6.69066071179649,15.1424795941225,-17.4046997455892));
#1360=CARTESIAN_POINT('Ctrl Pts',(-2.60946114290585,15.1031044534031,-19.7536012916801));
#1361=CARTESIAN_POINT('Ctrl Pts',(2.09764984390482,15.0637293126838,-19.8829132305387));
#1362=CARTESIAN_POINT('Ctrl Pts',(6.30160339451822,15.0243541719644,-17.7614463595151));
#1363=CARTESIAN_POINT('Ctrl Pts',(8.99395113698124,14.984979031245,-13.8981721849275));
#1364=CARTESIAN_POINT('Ctrl Pts',(9.52887815432431,14.9456038905256,-9.21975207136277));
#1365=CARTESIAN_POINT('Ctrl Pts',(7.77806272914734,14.9062287498063,-4.84844316476228));
#1366=CARTESIAN_POINT('Ctrl Pts',(4.1614848564523,14.8668536090869,-1.83280327859731));
#1367=CARTESIAN_POINT('Ctrl Pts',(-0.453330033289469,14.8274784683675,-0.896214369911194));
#1368=CARTESIAN_POINT('Ctrl Pts',(-4.95940209977746,14.7881033276481,-2.26333825910882));
#1369=CARTESIAN_POINT('Ctrl Pts',(-8.27583729768064,14.7487281869288,-5.60623723938742));
#1370=CARTESIAN_POINT('Ctrl Pts',(-9.60710527844506,14.7093530462094,-10.1230325219716));
#1371=CARTESIAN_POINT('Ctrl Pts',(-8.63386811447883,14.66997790549,-14.7302577710186));
#1372=CARTESIAN_POINT('Ctrl Pts',(-5.58958110672671,14.6306027647706,-18.3227542963598));
#1373=CARTESIAN_POINT('Ctrl Pts',(-1.20449287530943,14.5912276240513,-20.038771771703));
#1374=CARTESIAN_POINT('Ctrl Pts',(3.4695231879469,14.5518524833319,-19.4666803257173));
#1375=CARTESIAN_POINT('Ctrl Pts',(7.31128708733355,14.5124773426125,-16.7437104598736));
#1376=CARTESIAN_POINT('Ctrl Pts',(9.39925539195403,14.4731022018932,-12.5230347871227));
#1377=CARTESIAN_POINT('Ctrl Pts',(9.23257653047103,14.4337270611738,-7.81708823859139));
#1378=CARTESIAN_POINT('Ctrl Pts',(6.85123260924468,14.3943519204544,-3.7547101301443));
#1379=CARTESIAN_POINT('Ctrl Pts',(2.8264486982955,14.354976779735,-1.31036374813659));
#1380=CARTESIAN_POINT('Ctrl Pts',(-1.87632982821248,14.3156016390157,-1.07038688286048));
#1381=CARTESIAN_POINT('Ctrl Pts',(-6.12902358179214,14.2762264982963,-3.09234400502417));
#1382=CARTESIAN_POINT('Ctrl Pts',(-8.91151729602277,14.2368513575769,-6.89121798233894));
#1383=CARTESIAN_POINT('Ctrl Pts',(-9.55636006075503,14.1974762168575,-11.5557536049111));
#1384=CARTESIAN_POINT('Ctrl Pts',(-7.90887016437816,14.1581010761382,-15.9670450038898));
#1385=CARTESIAN_POINT('Ctrl Pts',(-4.36423938224834,14.1187259354188,-19.0669332895838));
#1386=CARTESIAN_POINT('Ctrl Pts',(0.227263683179444,14.0793507946994,-20.1118325026972));
#1387=CARTESIAN_POINT('Ctrl Pts',(4.76425185378041,14.03997565398,-18.8510973579417));
#1388=CARTESIAN_POINT('Ctrl Pts',(8.15841471634351,14.0006005132607,-15.5871468025876));
#1389=CARTESIAN_POINT('Ctrl Pts',(9.59557717308002,13.9612253725413,-11.1029212464471));
#1390=CARTESIAN_POINT('Ctrl Pts',(8.73099976064349,13.9218502318219,-6.47407466621765));
#1391=CARTESIAN_POINT('Ctrl Pts',(5.77207305745298,13.8824750911025,-2.81095201872909));
#1392=CARTESIAN_POINT('Ctrl Pts',(1.42856985151798,13.8430999503832,-0.992245152456121));
#1393=CARTESIAN_POINT('Ctrl Pts',(-3.25761166587553,13.8037248096638,-1.45421652758533));
#1394=CARTESIAN_POINT('Ctrl Pts',(-7.1623733150957,13.7643496689444,-4.08605072224394));
#1395=CARTESIAN_POINT('Ctrl Pts',(-9.34906007211491,13.724974528225,-8.2564362909983));
#1396=CARTESIAN_POINT('Ctrl Pts',(-9.29314026997087,13.6855993875057,-12.9650016501213));
#1397=CARTESIAN_POINT('Ctrl Pts',(-7.00802767584239,13.6462242467863,-17.0822792940897));
#1398=CARTESIAN_POINT('Ctrl Pts',(-3.04186386250122,13.6068491060669,-19.6206369070386));
#1399=CARTESIAN_POINT('Ctrl Pts',(1.6539672967872,13.5674739653475,-19.9711857463011));
#1400=CARTESIAN_POINT('Ctrl Pts',(5.95305291380694,13.5280988246282,-18.0498378800526));
#1401=CARTESIAN_POINT('Ctrl Pts',(8.82414946996293,13.4887236839088,-14.3174767867925));
#1402=CARTESIAN_POINT('Ctrl Pts',(9.57855244130032,13.4493485431894,-9.66940289302672));
#1403=CARTESIAN_POINT('Ctrl Pts',(8.0352993520598,13.4099734024701,-5.22057330877634));
#1404=CARTESIAN_POINT('Ctrl Pts',(4.56457816590524,13.3705982617507,-2.03815139952594));
#1405=CARTESIAN_POINT('Ctrl Pts',(-0.00107158729780046,13.3312231210313,
-0.885520883389784));
#1406=CARTESIAN_POINT('Ctrl Pts',(-4.56646429052685,13.2918479803119,-2.0391691028339));
#1407=CARTESIAN_POINT('Ctrl Pts',(-8.03647599965278,13.2524728395926,-5.22236459175333));
#1408=CARTESIAN_POINT('Ctrl Pts',(-9.57873735097717,13.2130976988732,-9.67153807648152));
#1409=CARTESIAN_POINT('Ctrl Pts',(-8.82329831054804,13.1737225581538,-14.319443682919));
#1410=CARTESIAN_POINT('Ctrl Pts',(-5.95136980923105,13.1343474174344,-18.0511647009084));
#1411=CARTESIAN_POINT('Ctrl Pts',(-1.65185607852538,13.0949722767151,-19.9715541772535));
#1412=CARTESIAN_POINT('Ctrl Pts',(3.04389696068728,13.0555971359957,-19.6199586582777));
#1413=CARTESIAN_POINT('Ctrl Pts',(7.00949457105693,13.0162219952763,-17.0807168837652));
#1414=CARTESIAN_POINT('Ctrl Pts',(9.29368988438997,12.9768468545569,-12.9629302184554));
#1415=CARTESIAN_POINT('Ctrl Pts',(9.34855896480509,12.9374717138376,-8.25435200244249));
#1416=CARTESIAN_POINT('Ctrl Pts',(7.16094492287343,12.8980965731182,-4.08445499969702));
#1417=CARTESIAN_POINT('Ctrl Pts',(3.25559209777233,12.8587214323988,-1.45348921041625));
#1418=CARTESIAN_POINT('Ctrl Pts',(-1.43068297829031,12.8193462916794,-0.992566629221722));
#1419=CARTESIAN_POINT('Ctrl Pts',(-5.77379944456391,12.7799711509601,-2.8122332198226));
#1420=CARTESIAN_POINT('Ctrl Pts',(-8.73187162606153,12.7405960102407,-6.47603239400438));
#1421=CARTESIAN_POINT('Ctrl Pts',(-9.59549369962666,12.7012208695213,-11.1050371799592));
#1422=CARTESIAN_POINT('Ctrl Pts',(-8.15717719948598,12.6618457288019,-15.5890117876746));
#1423=CARTESIAN_POINT('Ctrl Pts',(-4.76260015874988,12.6224705880826,-18.8520638640584));
#1424=CARTESIAN_POINT('Ctrl Pts',(-0.224682541779178,12.5830954473632,-20.1120869100039));
#1425=CARTESIAN_POINT('Ctrl Pts',(2.8350242748851,12.5568453535503,-19.4140952118101));
#1426=CARTESIAN_POINT('Ctrl Pts',(4.19124455052788,12.5437203066438,-18.7228156291162));
#1427=CARTESIAN_POINT('Ctrl Pts',(-3.56664212589321,15.3520667737854,-1.8899451162483));
#1428=CARTESIAN_POINT('Ctrl Pts',(-4.98673794524171,15.3389417268789,-2.47820639537009));
#1429=CARTESIAN_POINT('Ctrl Pts',(-7.52890646000681,15.312691633066,-4.37025976551434));
#1430=CARTESIAN_POINT('Ctrl Pts',(-9.53662946010975,15.2733164923466,-8.68130916097));
#1431=CARTESIAN_POINT('Ctrl Pts',(-9.25647623245261,15.2339413516273,-13.4276477560731));
#1432=CARTESIAN_POINT('Ctrl Pts',(-6.75606175382175,15.1945662109079,-17.4721928198807));
#1433=CARTESIAN_POINT('Ctrl Pts',(-2.63496856066649,15.1551910701885,-19.8440548201549));
#1434=CARTESIAN_POINT('Ctrl Pts',(2.11815431894921,15.1158159294691,-19.9746307799991));
#1435=CARTESIAN_POINT('Ctrl Pts',(6.36320141094503,15.0764407887498,-17.8324266230835));
#1436=CARTESIAN_POINT('Ctrl Pts',(9.08186678561753,15.0370656480304,-13.9313890395396));
#1437=CARTESIAN_POINT('Ctrl Pts',(9.62202270124862,14.997690507311,-9.20723748574213));
#1438=CARTESIAN_POINT('Ctrl Pts',(7.85409309884272,14.9583153665917,-4.79319914331747));
#1439=CARTESIAN_POINT('Ctrl Pts',(4.20216326740571,14.9189402258723,-1.74808145228034));
#1440=CARTESIAN_POINT('Ctrl Pts',(-0.457761323088125,14.8795650851529,-0.802337410309798));
#1441=CARTESIAN_POINT('Ctrl Pts',(-5.00788013193592,14.8401899444335,-2.18282490151664));
#1442=CARTESIAN_POINT('Ctrl Pts',(-8.3567334014011,14.8008148037142,-5.55840063617168));
#1443=CARTESIAN_POINT('Ctrl Pts',(-9.70101449356173,14.7614396629948,-10.1193474802863));
#1444=CARTESIAN_POINT('Ctrl Pts',(-8.71826396052735,14.7220645222754,-14.7716082415363));
#1445=CARTESIAN_POINT('Ctrl Pts',(-5.64421912300217,14.682689381556,-18.3992213310481));
#1446=CARTESIAN_POINT('Ctrl Pts',(-1.2162667632034,14.6433142408367,-20.1320128345263));
#1447=CARTESIAN_POINT('Ctrl Pts',(3.50343769080347,14.6039391001173,-19.5543292088871));
#1448=CARTESIAN_POINT('Ctrl Pts',(7.38275473674138,14.5645639593979,-16.8047423803395));
#1449=CARTESIAN_POINT('Ctrl Pts',(9.4911328796006,14.5251888186785,-12.5428097078783));
#1450=CARTESIAN_POINT('Ctrl Pts',(9.32282473639278,14.4858136779592,-7.79086264889717));
#1451=CARTESIAN_POINT('Ctrl Pts',(6.91820323757322,14.4464385372398,-3.68877489549309));
#1452=CARTESIAN_POINT('Ctrl Pts',(2.85407716401243,14.4070633965204,-1.22053508840523));
#1453=CARTESIAN_POINT('Ctrl Pts',(-1.89467090560889,14.3676882558011,-0.978212455240556));
#1454=CARTESIAN_POINT('Ctrl Pts',(-6.18893463484254,14.3283131150817,-3.0199341579765));
#1455=CARTESIAN_POINT('Ctrl Pts',(-8.99862715591425,14.2889379743623,-6.8559420339212));
#1456=CARTESIAN_POINT('Ctrl Pts',(-9.64977324263109,14.2495628336429,-11.5660733761721));
#1457=CARTESIAN_POINT('Ctrl Pts',(-7.98617917349903,14.2101876929235,-16.0204850388433));
#1458=CARTESIAN_POINT('Ctrl Pts',(-4.40689971364782,14.1708125522042,-19.1506746554192));
#1459=CARTESIAN_POINT('Ctrl Pts',(0.229485180029259,14.1314374114848,-20.2057877323485));
#1460=CARTESIAN_POINT('Ctrl Pts',(4.81082229713867,14.0920622707654,-18.9327289329143));
#1461=CARTESIAN_POINT('Ctrl Pts',(8.23816301725232,14.0526871300461,-15.6368733420735));
#1462=CARTESIAN_POINT('Ctrl Pts',(9.68937370125352,14.0133119893267,-11.1088145926684));
#1463=CARTESIAN_POINT('Ctrl Pts',(8.81634506611708,13.9739368486073,-6.43472115226141));
#1464=CARTESIAN_POINT('Ctrl Pts',(5.82849492800723,13.9345617078879,-2.73579157201512));
#1465=CARTESIAN_POINT('Ctrl Pts',(1.44253408628039,13.8951865671686,-0.8993068913653));
#1466=CARTESIAN_POINT('Ctrl Pts',(-3.28945473887523,13.8558114264492,-1.3657940251947));
#1467=CARTESIAN_POINT('Ctrl Pts',(-7.23238533608419,13.8164362857298,-4.02335433363829));
#1468=CARTESIAN_POINT('Ctrl Pts',(-9.44044690175867,13.7770611450104,-8.23450531758741));
#1469=CARTESIAN_POINT('Ctrl Pts',(-9.3839804849397,13.7376860042911,-12.9890967859686));
#1470=CARTESIAN_POINT('Ctrl Pts',(-7.07653097204659,13.6983108635717,-17.1466207164881));
#1471=CARTESIAN_POINT('Ctrl Pts',(-3.07159800608974,13.6589357228523,-19.7097907119611));
#1472=CARTESIAN_POINT('Ctrl Pts',(1.67013478597028,13.6195605821329,-20.0637661574073));
#1473=CARTESIAN_POINT('Ctrl Pts',(6.01124385795511,13.5801854414136,-18.1236371635604));
#1474=CARTESIAN_POINT('Ctrl Pts',(8.910405311528,13.5408103006942,-14.3547923334575));
#1475=CARTESIAN_POINT('Ctrl Pts',(9.67218255314415,13.5014351599748,-9.66128363300262));
#1476=CARTESIAN_POINT('Ctrl Pts',(8.11384420334529,13.4620600192554,-5.1689668502324));
#1477=CARTESIAN_POINT('Ctrl Pts',(4.60919680393147,13.4226848785361,-1.95543684598295));
#1478=CARTESIAN_POINT('Ctrl Pts',(-0.0010820620369763,13.3833097378167,
-0.791539395223641));
#1479=CARTESIAN_POINT('Ctrl Pts',(-4.61110136537434,13.3439345970973,-1.95646449731542));
#1480=CARTESIAN_POINT('Ctrl Pts',(-8.11503235263921,13.3045594563779,-5.17077564295593));
#1481=CARTESIAN_POINT('Ctrl Pts',(-9.6723692703085,13.2651843156586,-9.66343968782259));
#1482=CARTESIAN_POINT('Ctrl Pts',(-8.90954583205099,13.2258091749392,-14.3567784559447));
#1483=CARTESIAN_POINT('Ctrl Pts',(-6.00954430107386,13.1864340342198,-18.1249769540571));
#1484=CARTESIAN_POINT('Ctrl Pts',(-1.66800293060246,13.1470588935004,-20.064138189763));
#1485=CARTESIAN_POINT('Ctrl Pts',(3.07365097775999,13.1076837527811,-19.7091058333353));
#1486=CARTESIAN_POINT('Ctrl Pts',(7.07801220612536,13.0683086120617,-17.1450430336416));
#1487=CARTESIAN_POINT('Ctrl Pts',(9.38453547182607,13.0289334713423,-12.9870051061097));
#1488=CARTESIAN_POINT('Ctrl Pts',(9.43994089613735,12.989558330623,-8.23240065516283));
#1489=CARTESIAN_POINT('Ctrl Pts',(7.23094298136349,12.9501831899036,-4.02174301294317));
#1490=CARTESIAN_POINT('Ctrl Pts',(3.28741542954406,12.9108080491842,-1.36505959851839));
#1491=CARTESIAN_POINT('Ctrl Pts',(-1.44466786881436,12.8714329084648,-0.899631510558286));
#1492=CARTESIAN_POINT('Ctrl Pts',(-5.83023819050922,12.8320577677455,-2.73708529681744));
#1493=CARTESIAN_POINT('Ctrl Pts',(-8.8172254539979,12.7926826270261,-6.43669801678855));
#1494=CARTESIAN_POINT('Ctrl Pts',(-9.68928941184922,12.7533074863067,-11.110951209378));
#1495=CARTESIAN_POINT('Ctrl Pts',(-8.2369134036983,12.7139323455874,-15.6387565573433));
#1496=CARTESIAN_POINT('Ctrl Pts',(-4.80915445683031,12.674557204868,-18.9337048866042));
#1497=CARTESIAN_POINT('Ctrl Pts',(-0.226878808036014,12.6351820641486,-20.2060446264803));
#1498=CARTESIAN_POINT('Ctrl Pts',(2.86273656664988,12.6089319703357,-19.5012300767994));
#1499=CARTESIAN_POINT('Ctrl Pts',(4.2322138617506,12.5958069234292,-18.8031932533805));
#1500=CARTESIAN_POINT('Ctrl Pts',(-3.60116846979951,15.4041533905708,-1.80659657984298));
#1501=CARTESIAN_POINT('Ctrl Pts',(-5.03501131363436,15.3910283436643,-2.40055243400562));
#1502=CARTESIAN_POINT('Ctrl Pts',(-7.60178890924089,15.3647782498514,-4.31092154288698));
#1503=CARTESIAN_POINT('Ctrl Pts',(-9.62894737057693,15.325403109132,-8.66370340511972));
#1504=CARTESIAN_POINT('Ctrl Pts',(-9.34608216163792,15.2860279684127,-13.4559882187797));
#1505=CARTESIAN_POINT('Ctrl Pts',(-6.82146279584702,15.2466528276933,-17.5396858941721));
#1506=CARTESIAN_POINT('Ctrl Pts',(-2.66047597842713,15.2072776869739,-19.9345083486296));
#1507=CARTESIAN_POINT('Ctrl Pts',(2.1386587939936,15.1679025462545,-20.0663483294595));
#1508=CARTESIAN_POINT('Ctrl Pts',(6.42479942737185,15.1285274055352,-17.9034068866519));
#1509=CARTESIAN_POINT('Ctrl Pts',(9.16978243425382,15.0891522648158,-13.9646058941518));
#1510=CARTESIAN_POINT('Ctrl Pts',(9.71516724817294,15.0497771240964,-9.19472290012147));
#1511=CARTESIAN_POINT('Ctrl Pts',(7.93012346853808,15.010401983377,-4.73795512187266));
#1512=CARTESIAN_POINT('Ctrl Pts',(4.24284167835913,14.9710268426577,-1.66335962596337));
#1513=CARTESIAN_POINT('Ctrl Pts',(-0.462192612886788,14.9316517019383,-0.708460450708399));
#1514=CARTESIAN_POINT('Ctrl Pts',(-5.05635816409436,14.8922765612189,-2.10231154392446));
#1515=CARTESIAN_POINT('Ctrl Pts',(-8.43762950512156,14.8529014204996,-5.51056403295593));
#1516=CARTESIAN_POINT('Ctrl Pts',(-9.79492370867841,14.8135262797802,-10.1156624386009));
#1517=CARTESIAN_POINT('Ctrl Pts',(-8.80265980657587,14.7741511390608,-14.812958712054));
#1518=CARTESIAN_POINT('Ctrl Pts',(-5.69885713927762,14.7347759983414,-18.4756883657364));
#1519=CARTESIAN_POINT('Ctrl Pts',(-1.22804065109736,14.695400857622,-20.2252538973495));
#1520=CARTESIAN_POINT('Ctrl Pts',(3.53735219366004,14.6560257169027,-19.6419780920568));
#1521=CARTESIAN_POINT('Ctrl Pts',(7.45422238614923,14.6166505761833,-16.8657743008055));
#1522=CARTESIAN_POINT('Ctrl Pts',(9.58301036724717,14.5772754354639,-12.5625846286338));
#1523=CARTESIAN_POINT('Ctrl Pts',(9.41307294231454,14.5379002947445,-7.76463705920295));
#1524=CARTESIAN_POINT('Ctrl Pts',(6.98517386590177,14.4985251540252,-3.62283966084188));
#1525=CARTESIAN_POINT('Ctrl Pts',(2.88170562972935,14.4591500133058,-1.13070642867388));
#1526=CARTESIAN_POINT('Ctrl Pts',(-1.9130119830053,14.4197748725864,-0.886038027620632));
#1527=CARTESIAN_POINT('Ctrl Pts',(-6.24884568789294,14.3803997318671,-2.94752431092883));
#1528=CARTESIAN_POINT('Ctrl Pts',(-9.08573701580574,14.3410245911477,-6.82066608550345));
#1529=CARTESIAN_POINT('Ctrl Pts',(-9.74318642450715,14.3016494504283,-11.576393147433));
#1530=CARTESIAN_POINT('Ctrl Pts',(-8.06348818261989,14.2622743097089,-16.0739250737969));
#1531=CARTESIAN_POINT('Ctrl Pts',(-4.44956004504731,14.2228991689896,-19.2344160212545));
#1532=CARTESIAN_POINT('Ctrl Pts',(0.231706676879074,14.1835240282702,-20.2997429619998));
#1533=CARTESIAN_POINT('Ctrl Pts',(4.85739274049693,14.1441488875508,-19.0143605078869));
#1534=CARTESIAN_POINT('Ctrl Pts',(8.31791131816113,14.1047737468314,-15.6865998815593));
#1535=CARTESIAN_POINT('Ctrl Pts',(9.78317022942702,14.0653986061121,-11.1147079388898));
#1536=CARTESIAN_POINT('Ctrl Pts',(8.90169037159067,14.0260234653927,-6.39536763830516));
#1537=CARTESIAN_POINT('Ctrl Pts',(5.88491679856148,13.9866483246733,-2.66063112530114));
#1538=CARTESIAN_POINT('Ctrl Pts',(1.4564983210428,13.9472731839539,-0.806368630274475));
#1539=CARTESIAN_POINT('Ctrl Pts',(-3.32129781187492,13.9078980432346,-1.27737152280407));
#1540=CARTESIAN_POINT('Ctrl Pts',(-7.3023973570727,13.8685229025152,-3.96065794503264));
#1541=CARTESIAN_POINT('Ctrl Pts',(-9.53183373140242,13.8291477617958,-8.21257434417654));
#1542=CARTESIAN_POINT('Ctrl Pts',(-9.47482069990853,13.7897726210765,-13.0131919218159));
#1543=CARTESIAN_POINT('Ctrl Pts',(-7.14503426825078,13.7503974803571,-17.2109621388865));
#1544=CARTESIAN_POINT('Ctrl Pts',(-3.10133214967825,13.7110223396377,-19.7989445168834));
#1545=CARTESIAN_POINT('Ctrl Pts',(1.68630227515336,13.6716471989183,-20.1563465685135));
#1546=CARTESIAN_POINT('Ctrl Pts',(6.06943480210329,13.6322720581989,-18.1974364470682));
#1547=CARTESIAN_POINT('Ctrl Pts',(8.99666115309305,13.5928969174796,-14.3921078801225));
#1548=CARTESIAN_POINT('Ctrl Pts',(9.765812664988,13.5535217767602,-9.65316437297852));
#1549=CARTESIAN_POINT('Ctrl Pts',(8.19238905463077,13.5141466360408,-5.11736039168846));
#1550=CARTESIAN_POINT('Ctrl Pts',(4.6538154419577,13.4747714953215,-1.87272229243994));
#1551=CARTESIAN_POINT('Ctrl Pts',(-0.00109253677615731,13.4353963546021,
-0.697557907057503));
#1552=CARTESIAN_POINT('Ctrl Pts',(-4.65573844022183,13.3960212138827,-1.87375989179694));
#1553=CARTESIAN_POINT('Ctrl Pts',(-8.19358870562564,13.3566460731633,-5.11918669415853));
#1554=CARTESIAN_POINT('Ctrl Pts',(-9.76600118963984,13.317270932444,-9.65534129916364));
#1555=CARTESIAN_POINT('Ctrl Pts',(-8.99579335355395,13.2778957917246,-14.3941132289704));
#1556=CARTESIAN_POINT('Ctrl Pts',(-6.06771879291668,13.2385206510052,-18.1987892072057));
#1557=CARTESIAN_POINT('Ctrl Pts',(-1.68414978267954,13.1991455102858,-20.1567222022726));
#1558=CARTESIAN_POINT('Ctrl Pts',(3.1034049948327,13.1597703695665,-19.7982530083929));
#1559=CARTESIAN_POINT('Ctrl Pts',(7.14652984119379,13.1203952288471,-17.2093691835179));
#1560=CARTESIAN_POINT('Ctrl Pts',(9.47538105926218,13.0810200881277,-13.011079993764));
#1561=CARTESIAN_POINT('Ctrl Pts',(9.53132282746962,13.0416449474084,-8.21044930788315));
#1562=CARTESIAN_POINT('Ctrl Pts',(7.30094103985355,13.002269806689,-3.95903102618932));
#1563=CARTESIAN_POINT('Ctrl Pts',(3.31923876131578,12.9628946659696,-1.27662998662052));
#1564=CARTESIAN_POINT('Ctrl Pts',(-1.45865275933841,12.9235195252502,-0.806696391894851));
#1565=CARTESIAN_POINT('Ctrl Pts',(-5.88667693645453,12.8841443845308,-2.66193737381228));
#1566=CARTESIAN_POINT('Ctrl Pts',(-8.90257928193427,12.8447692438115,-6.39736363957273));
#1567=CARTESIAN_POINT('Ctrl Pts',(-9.78308512407178,12.8053941030921,-11.1168652387967));
#1568=CARTESIAN_POINT('Ctrl Pts',(-8.31664960791061,12.7660189623727,-15.6885013270121));
#1569=CARTESIAN_POINT('Ctrl Pts',(-4.85570875491073,12.7266438216534,-19.01534590915));
#1570=CARTESIAN_POINT('Ctrl Pts',(-0.229075074292845,12.687268680934,-20.3000023429567));
#1571=CARTESIAN_POINT('Ctrl Pts',(2.89044885841464,12.6610185871211,-19.5883649417888));
#1572=CARTESIAN_POINT('Ctrl Pts',(4.27318317297333,12.6478935402146,-18.8835708776449));
#1573=CARTESIAN_POINT('Ctrl Pts',(-3.6356948137058,15.4562400073562,-1.72324804343766));
#1574=CARTESIAN_POINT('Ctrl Pts',(-5.08328468202701,15.4431149604497,-2.32289847264114));
#1575=CARTESIAN_POINT('Ctrl Pts',(-7.67467135847497,15.4168648666368,-4.25158332025962));
#1576=CARTESIAN_POINT('Ctrl Pts',(-9.7212652810441,15.3774897259174,-8.64609764926943));
#1577=CARTESIAN_POINT('Ctrl Pts',(-9.43568809082323,15.3381145851981,-13.4843286814862));
#1578=CARTESIAN_POINT('Ctrl Pts',(-6.88686383787229,15.2987394444787,-17.6071789684636));
#1579=CARTESIAN_POINT('Ctrl Pts',(-2.68598339618777,15.2593643037593,-20.0249618771044));
#1580=CARTESIAN_POINT('Ctrl Pts',(2.159163269038,15.2199891630399,-20.15806587892));
#1581=CARTESIAN_POINT('Ctrl Pts',(6.48639744379865,15.1806140223205,-17.9743871502203));
#1582=CARTESIAN_POINT('Ctrl Pts',(9.25769808289011,15.1412388816012,-13.9978227487639));
#1583=CARTESIAN_POINT('Ctrl Pts',(9.80831179509726,15.1018637408818,-9.18220831450083));
#1584=CARTESIAN_POINT('Ctrl Pts',(8.00615383823344,15.0624886001625,-4.68271110042785));
#1585=CARTESIAN_POINT('Ctrl Pts',(4.28352008931255,15.0231134594431,-1.57863779964639));
#1586=CARTESIAN_POINT('Ctrl Pts',(-0.466623902685449,14.9837383187237,-0.614583491107005));
#1587=CARTESIAN_POINT('Ctrl Pts',(-5.10483619625281,14.9443631780043,-2.02179818633227));
#1588=CARTESIAN_POINT('Ctrl Pts',(-8.51852560884202,14.9049880372849,-5.46272742974019));
#1589=CARTESIAN_POINT('Ctrl Pts',(-9.88883292379508,14.8656128965656,-10.1119773969155));
#1590=CARTESIAN_POINT('Ctrl Pts',(-8.88705565262438,14.8262377558462,-14.8543091825718));
#1591=CARTESIAN_POINT('Ctrl Pts',(-5.75349515555308,14.7868626151268,-18.5521554004247));
#1592=CARTESIAN_POINT('Ctrl Pts',(-1.23981453899133,14.7474874744074,-20.3184949601728));
#1593=CARTESIAN_POINT('Ctrl Pts',(3.5712666965166,14.7081123336881,-19.7296269752265));
#1594=CARTESIAN_POINT('Ctrl Pts',(7.52569003555708,14.6687371929687,-16.9268062212714));
#1595=CARTESIAN_POINT('Ctrl Pts',(9.67488785489372,14.6293620522493,-12.5823595493894));
#1596=CARTESIAN_POINT('Ctrl Pts',(9.5033211482363,14.5899869115299,-7.73841146950872));
#1597=CARTESIAN_POINT('Ctrl Pts',(7.05214449423031,14.5506117708106,-3.55690442619068));
#1598=CARTESIAN_POINT('Ctrl Pts',(2.90933409544629,14.5112366300912,-1.04087776894252));
#1599=CARTESIAN_POINT('Ctrl Pts',(-1.93135306040171,14.4718614893718,-0.79386360000071));
#1600=CARTESIAN_POINT('Ctrl Pts',(-6.30875674094333,14.4324863486525,-2.87511446388117));
#1601=CARTESIAN_POINT('Ctrl Pts',(-9.17284687569723,14.3931112079331,-6.7853901370857));
#1602=CARTESIAN_POINT('Ctrl Pts',(-9.83659960638321,14.3537360672137,-11.586712918694));
#1603=CARTESIAN_POINT('Ctrl Pts',(-8.14079719174076,14.3143609264943,-16.1273651087504));
#1604=CARTESIAN_POINT('Ctrl Pts',(-4.49222037644679,14.274985785775,-19.3181573870899));
#1605=CARTESIAN_POINT('Ctrl Pts',(0.233928173728891,14.2356106450556,-20.3936981916511));
#1606=CARTESIAN_POINT('Ctrl Pts',(4.90396318385519,14.1962355043362,-19.0959920828594));
#1607=CARTESIAN_POINT('Ctrl Pts',(8.39765961906996,14.1568603636168,-15.7363264210453));
#1608=CARTESIAN_POINT('Ctrl Pts',(9.8769667576005,14.1174852228975,-11.1206012851111));
#1609=CARTESIAN_POINT('Ctrl Pts',(8.98703567706428,14.0781100821781,-6.35601412434892));
#1610=CARTESIAN_POINT('Ctrl Pts',(5.94133866911573,14.0387349414587,-2.58547067858716));
#1611=CARTESIAN_POINT('Ctrl Pts',(1.47046255580521,13.9993598007393,-0.713430369183654));
#1612=CARTESIAN_POINT('Ctrl Pts',(-3.35314088487462,13.95998466002,-1.18894902041344));
#1613=CARTESIAN_POINT('Ctrl Pts',(-7.3724093780612,13.9206095193006,-3.89796155642698));
#1614=CARTESIAN_POINT('Ctrl Pts',(-9.62322056104619,13.8812343785812,-8.19064337076566));
#1615=CARTESIAN_POINT('Ctrl Pts',(-9.56566091487735,13.8418592378619,-13.0372870576633));
#1616=CARTESIAN_POINT('Ctrl Pts',(-7.21353756445499,13.8024840971425,-17.2753035612849));
#1617=CARTESIAN_POINT('Ctrl Pts',(-3.13106629326677,13.7631089564231,-19.8880983218059));
#1618=CARTESIAN_POINT('Ctrl Pts',(1.70246976433643,13.7237338157037,-20.2489269796197));
#1619=CARTESIAN_POINT('Ctrl Pts',(6.12762574625147,13.6843586749843,-18.271235730576));
#1620=CARTESIAN_POINT('Ctrl Pts',(9.08291699465811,13.644983534265,-14.4294234267875));
#1621=CARTESIAN_POINT('Ctrl Pts',(9.85944277683185,13.6056083935456,-9.64504511295442));
#1622=CARTESIAN_POINT('Ctrl Pts',(8.27093390591625,13.5662332528262,-5.06575393314451));
#1623=CARTESIAN_POINT('Ctrl Pts',(4.69843407998393,13.5268581121068,-1.79000773889694));
#1624=CARTESIAN_POINT('Ctrl Pts',(-0.00110301151533832,13.4874829713875,
-0.603576418891361));
#1625=CARTESIAN_POINT('Ctrl Pts',(-4.70037551506932,13.4481078306681,-1.79105528627846));
#1626=CARTESIAN_POINT('Ctrl Pts',(-8.27214505861208,13.4087326899487,-5.06759774536112));
#1627=CARTESIAN_POINT('Ctrl Pts',(-9.85963310897118,13.3693575492294,-9.6472429105047));
#1628=CARTESIAN_POINT('Ctrl Pts',(-9.0820408750569,13.32998240851,-14.4314480019961));
#1629=CARTESIAN_POINT('Ctrl Pts',(-6.12589328475949,13.2906072677906,-18.2726014603544));
#1630=CARTESIAN_POINT('Ctrl Pts',(-1.70029663475663,13.2512321270712,-20.2493062147822));
#1631=CARTESIAN_POINT('Ctrl Pts',(3.13315901190541,13.2118569863519,-19.8874001834506));
#1632=CARTESIAN_POINT('Ctrl Pts',(7.21504747626223,13.1724818456325,-17.2736953333942));
#1633=CARTESIAN_POINT('Ctrl Pts',(9.56622664669828,13.1331067049131,-13.0351548814183));
#1634=CARTESIAN_POINT('Ctrl Pts',(9.62270475880189,13.0937315641937,-8.18849796060348));
#1635=CARTESIAN_POINT('Ctrl Pts',(7.37093909834361,13.0543564234744,-3.89631903943547));
#1636=CARTESIAN_POINT('Ctrl Pts',(3.35106209308751,13.014981282755,-1.18820037472265));
#1637=CARTESIAN_POINT('Ctrl Pts',(-1.47263764986245,12.9756061420356,-0.713761273231419));
#1638=CARTESIAN_POINT('Ctrl Pts',(-5.94311568239986,12.9362310013162,-2.58678945080712));
#1639=CARTESIAN_POINT('Ctrl Pts',(-8.98793310987064,12.8968558605969,-6.35802926235691));
#1640=CARTESIAN_POINT('Ctrl Pts',(-9.87688083629434,12.8574807198775,-11.1227792682155));
#1641=CARTESIAN_POINT('Ctrl Pts',(-8.39638581212293,12.8181055791581,-15.7382460966808));
#1642=CARTESIAN_POINT('Ctrl Pts',(-4.90226305299116,12.7787304384388,-19.0969869316958));
#1643=CARTESIAN_POINT('Ctrl Pts',(-0.231271340549678,12.7393552977194,-20.3939600594331));
#1644=CARTESIAN_POINT('Ctrl Pts',(2.91816115017942,12.7131052039065,-19.6754998067781));
#1645=CARTESIAN_POINT('Ctrl Pts',(4.31415248419605,12.699980157,-18.9639485019092));
#1646=CARTESIAN_POINT('Ctrl Pts',(4.31415248419581,12.699980157,-18.9639485019094));
#1647=CARTESIAN_POINT('Ctrl Pts',(4.09973689791056,12.699980157,-19.0693480230655));
#1648=CARTESIAN_POINT('Ctrl Pts',(3.88149127993134,12.699980157,-19.1663986475278));
#1649=CARTESIAN_POINT('Ctrl Pts',(3.6599374683369,12.699980157,-19.255046134101));
#1650=CARTESIAN_POINT('Ctrl Pts',(3.43716407598027,12.699980157,-19.344181595891));
#1651=CARTESIAN_POINT('Ctrl Pts',(3.2110453315888,12.699980157,-19.4248213247128));
#1652=CARTESIAN_POINT('Ctrl Pts',(2.98209229571184,12.699980157,-19.4968611233766));
#1653=CARTESIAN_POINT('Ctrl Pts',(2.8495849106515,12.699980157,-19.5385544134641));
#1654=CARTESIAN_POINT('Ctrl Pts',(2.71612785331032,12.699980157,-19.5773661853619));
#1655=CARTESIAN_POINT('Ctrl Pts',(2.58181852956668,12.699980157,-19.6132684451546));
#1656=CARTESIAN_POINT('Ctrl Pts',(2.53345130407106,12.699980157,-19.6261975006125));
#1657=CARTESIAN_POINT('Ctrl Pts',(2.48496874097842,12.699980157,-19.6387503014546));
#1658=CARTESIAN_POINT('Ctrl Pts',(2.43640476570439,12.699980157,-19.6509182394186));
#1659=CARTESIAN_POINT('Ctrl Pts',(2.20388188270323,12.699980157,-19.7091779679438));
#1660=CARTESIAN_POINT('Ctrl Pts',(1.96938012186916,12.699980157,-19.7586510769));
#1661=CARTESIAN_POINT('Ctrl Pts',(1.73341069760735,12.699980157,-19.7992451110395));
#1662=CARTESIAN_POINT('Ctrl Pts',(1.49833606097069,12.699980157,-19.8396852140521));
#1663=CARTESIAN_POINT('Ctrl Pts',(1.26180421831201,12.699980157,-19.8713135479739));
#1664=CARTESIAN_POINT('Ctrl Pts',(1.02431282044393,12.699980157,-19.8939878358522));
#1665=CARTESIAN_POINT('Ctrl Pts',(0.920831513945965,12.699980157,-19.9038676249924));
#1666=CARTESIAN_POINT('Ctrl Pts',(0.817167986847919,12.699980157,-19.9120467580508));
#1667=CARTESIAN_POINT('Ctrl Pts',(0.713363423321372,12.699980157,-19.9185103526574));
#1668=CARTESIAN_POINT('Ctrl Pts',(0.682313430034817,12.699980157,-19.9204437413479));
#1669=CARTESIAN_POINT('Ctrl Pts',(0.651250818876713,12.699980157,-19.9222236232956));
#1670=CARTESIAN_POINT('Ctrl Pts',(0.620176695322117,12.699980157,-19.9238495666912));
#1671=CARTESIAN_POINT('Ctrl Pts',(0.588230404942014,12.699980157,-19.9255211459319));
#1672=CARTESIAN_POINT('Ctrl Pts',(0.556281091225247,12.699980157,-19.9270295308824));
#1673=CARTESIAN_POINT('Ctrl Pts',(0.524334282945794,12.699980157,-19.9283743781428));
#1674=CARTESIAN_POINT('Ctrl Pts',(0.275694962733477,12.699980157,-19.9388412111883));
#1675=CARTESIAN_POINT('Ctrl Pts',(0.0271241457169671,12.699980157,-19.9394113151436));
#1676=CARTESIAN_POINT('Ctrl Pts',(-0.220815159725362,12.699980157,-19.9299962519579));
#1677=CARTESIAN_POINT('Ctrl Pts',(-0.457762766108521,12.699980157,-19.9209985793951));
#1678=CARTESIAN_POINT('Ctrl Pts',(-0.694134324436883,12.699980157,-19.9028812765276));
#1679=CARTESIAN_POINT('Ctrl Pts',(-0.929443631846955,12.699980157,-19.8758502909369));
#1680=CARTESIAN_POINT('Ctrl Pts',(-1.16620814683728,12.699980157,-19.8486521394335));
#1681=CARTESIAN_POINT('Ctrl Pts',(-1.40189787937318,12.699980157,-19.8124295657104));
#1682=CARTESIAN_POINT('Ctrl Pts',(-1.63601186919038,12.699980157,-19.7673398080207));
#1683=CARTESIAN_POINT('Ctrl Pts',(-1.86975666187087,12.699980157,-19.7223211567585));
#1684=CARTESIAN_POINT('Ctrl Pts',(-2.10193131890963,12.699980157,-19.6684630614478));
#1685=CARTESIAN_POINT('Ctrl Pts',(-2.33202193862978,12.699980157,-19.6058725581476));
#1686=CARTESIAN_POINT('Ctrl Pts',(-2.53387080001688,12.699980157,-19.5509645317355));
#1687=CARTESIAN_POINT('Ctrl Pts',(-2.73411587415285,12.699980157,-19.4893353972058));
#1688=CARTESIAN_POINT('Ctrl Pts',(-2.93239459840935,12.699980157,-19.4210278081866));
#1689=CARTESIAN_POINT('Ctrl Pts',(-2.96953217323153,12.699980157,-19.408233807178));
#1690=CARTESIAN_POINT('Ctrl Pts',(-3.00660695014102,12.699980157,-19.3952031378362));
#1691=CARTESIAN_POINT('Ctrl Pts',(-3.04358291860154,12.699980157,-19.3819482141579));
#1692=CARTESIAN_POINT('Ctrl Pts',(-3.26761516803094,12.699980157,-19.3016384753926));
#1693=CARTESIAN_POINT('Ctrl Pts',(-3.48820146905193,12.699980157,-19.213041648333));
#1694=CARTESIAN_POINT('Ctrl Pts',(-3.70486266399599,12.699980157,-19.1163518703109));
#1695=CARTESIAN_POINT('Ctrl Pts',(-3.92147674688133,12.699980157,-19.0196831170713));
#1696=CARTESIAN_POINT('Ctrl Pts',(-4.13416806355482,12.699980157,-18.9149247143696));
#1697=CARTESIAN_POINT('Ctrl Pts',(-4.34244273441067,12.699980157,-18.8022210918566));
#1698=CARTESIAN_POINT('Ctrl Pts',(-4.44217639943233,12.699980157,-18.7482522377072));
#1699=CARTESIAN_POINT('Ctrl Pts',(-4.5408970315235,12.699980157,-18.692460807173));
#1700=CARTESIAN_POINT('Ctrl Pts',(-4.63854853066736,12.699980157,-18.6348588502424));
#1701=CARTESIAN_POINT('Ctrl Pts',(-4.84283318510691,12.699980157,-18.5143569022971));
#1702=CARTESIAN_POINT('Ctrl Pts',(-5.04244104646377,12.699980157,-18.3859340391283));
#1703=CARTESIAN_POINT('Ctrl Pts',(-5.23700711228491,12.699980157,-18.2499613086561));
#1704=CARTESIAN_POINT('Ctrl Pts',(-5.43123666512651,12.699980157,-18.1142237506868));
#1705=CARTESIAN_POINT('Ctrl Pts',(-5.6204423157983,12.699980157,-17.9709619374361));
#1706=CARTESIAN_POINT('Ctrl Pts',(-5.80422509936002,12.699980157,-17.8205076723659));
#1707=CARTESIAN_POINT('Ctrl Pts',(-5.86853157330699,12.699980157,-17.7678630062582));
#1708=CARTESIAN_POINT('Ctrl Pts',(-5.93217375294572,12.699980157,-17.7143374433015));
#1709=CARTESIAN_POINT('Ctrl Pts',(-5.99513334260153,12.699980157,-17.6599442829147));
#1710=CARTESIAN_POINT('Ctrl Pts',(-6.02908021535303,12.699980157,-17.6306163011999));
#1711=CARTESIAN_POINT('Ctrl Pts',(-6.06282863383139,12.699980157,-17.6010360834796));
#1712=CARTESIAN_POINT('Ctrl Pts',(-6.09637564825482,12.699980157,-17.5712056634976));
#1713=CARTESIAN_POINT('Ctrl Pts',(-6.11550011939629,12.699980157,-17.5541999473142));
#1714=CARTESIAN_POINT('Ctrl Pts',(-6.13455769162044,12.699980157,-17.5371141587817));
#1715=CARTESIAN_POINT('Ctrl Pts',(-6.15353938115671,12.699980157,-17.5199564773366));
#1716=CARTESIAN_POINT('Ctrl Pts',(-6.32924088824013,12.699980157,-17.3611386607134));
#1717=CARTESIAN_POINT('Ctrl Pts',(-6.4986477692123,12.699980157,-17.1959833388818));
#1718=CARTESIAN_POINT('Ctrl Pts',(-6.66144079917853,12.699980157,-17.0249032980097));
#1719=CARTESIAN_POINT('Ctrl Pts',(-6.82463889402681,12.699980157,-16.8533975723488));
#1720=CARTESIAN_POINT('Ctrl Pts',(-6.98119065704255,12.699980157,-16.6759371281126));
#1721=CARTESIAN_POINT('Ctrl Pts',(-7.13074128925686,12.699980157,-16.4928971245628));
#1722=CARTESIAN_POINT('Ctrl Pts',(-7.27910076381639,12.699980157,-16.3113150185699));
#1723=CARTESIAN_POINT('Ctrl Pts',(-7.42057059107992,12.699980157,-16.1242413664052));
#1724=CARTESIAN_POINT('Ctrl Pts',(-7.55476533412704,12.699980157,-15.9320099249889));
#1725=CARTESIAN_POINT('Ctrl Pts',(-7.67113361500371,12.699980157,-15.7653145548118));
#1726=CARTESIAN_POINT('Ctrl Pts',(-7.78203085273686,12.699980157,-15.5947400226461));
#1727=CARTESIAN_POINT('Ctrl Pts',(-7.88717806883836,12.699980157,-15.4204883036737));
#1728=CARTESIAN_POINT('Ctrl Pts',(-7.98267808775863,12.699980157,-15.2622240806561));
#1729=CARTESIAN_POINT('Ctrl Pts',(-8.07343444956159,12.699980157,-15.1009260769663));
#1730=CARTESIAN_POINT('Ctrl Pts',(-8.15935578304063,12.699980157,-14.9368247277503));
#1731=CARTESIAN_POINT('Ctrl Pts',(-8.18236254938966,12.699980157,-14.8928840526455));
#1732=CARTESIAN_POINT('Ctrl Pts',(-8.2050225475213,12.699980157,-14.8487423547534));
#1733=CARTESIAN_POINT('Ctrl Pts',(-8.22733379109792,12.699980157,-14.8044040051905));
#1734=CARTESIAN_POINT('Ctrl Pts',(-8.24318145078989,12.699980157,-14.7729105085252));
#1735=CARTESIAN_POINT('Ctrl Pts',(-8.25885315301678,12.699980157,-14.7413177957633));
#1736=CARTESIAN_POINT('Ctrl Pts',(-8.27434815520379,12.699980157,-14.7096274285891));
#1737=CARTESIAN_POINT('Ctrl Pts',(-8.28579355686619,12.699980157,-14.686219301455));
#1738=CARTESIAN_POINT('Ctrl Pts',(-8.29714239949527,12.699980157,-14.6627581110781));
#1739=CARTESIAN_POINT('Ctrl Pts',(-8.30838847711193,12.699980157,-14.6392570975132));
#1740=CARTESIAN_POINT('Ctrl Pts',(-8.40925255805957,12.699980157,-14.428480663688));
#1741=CARTESIAN_POINT('Ctrl Pts',(-8.50197970853694,12.699980157,-14.2142475713819));
#1742=CARTESIAN_POINT('Ctrl Pts',(-8.58650086956266,12.699980157,-13.9970733670081));
#1743=CARTESIAN_POINT('Ctrl Pts',(-8.67272504131769,12.699980157,-13.7755233353777));
#1744=CARTESIAN_POINT('Ctrl Pts',(-8.75040954133275,12.699980157,-13.5509118919132));
#1745=CARTESIAN_POINT('Ctrl Pts',(-8.81943290698523,12.699980157,-13.3237601409769));
#1746=CARTESIAN_POINT('Ctrl Pts',(-8.88776777380228,12.699980157,-13.098874198358));
#1747=CARTESIAN_POINT('Ctrl Pts',(-8.94761353203402,12.699980157,-12.8714976906582));
#1748=CARTESIAN_POINT('Ctrl Pts',(-8.99880271649107,12.699980157,-12.64212053936));
#1749=CARTESIAN_POINT('Ctrl Pts',(-9.05076552564794,12.699980157,-12.4092767997248));
#1750=CARTESIAN_POINT('Ctrl Pts',(-9.09380846872515,12.699980157,-12.1743708260487));
#1751=CARTESIAN_POINT('Ctrl Pts',(-9.12770138703948,12.699980157,-11.9379088442158));
#1752=CARTESIAN_POINT('Ctrl Pts',(-9.16159430535381,12.699980157,-11.7014468623829));
#1753=CARTESIAN_POINT('Ctrl Pts',(-9.18633742106907,12.699980157,-11.4634281772774));
#1754=CARTESIAN_POINT('Ctrl Pts',(-9.20164197116065,12.699980157,-11.2243630775143));
#1755=CARTESIAN_POINT('Ctrl Pts',(-3.53211578198691,15.299980157,-1.97329365265362));
#1756=CARTESIAN_POINT('Ctrl Pts',(-3.74735718716,15.299980157,-2.05871250235697));
#1757=CARTESIAN_POINT('Ctrl Pts',(-3.95891678489135,15.299980157,-2.15222219637855));
#1758=CARTESIAN_POINT('Ctrl Pts',(-4.16644550022714,15.299980157,-2.25342809644701));
#1759=CARTESIAN_POINT('Ctrl Pts',(-4.3767410317221,15.299980157,-2.35598329470421));
#1760=CARTESIAN_POINT('Ctrl Pts',(-4.58289802711732,15.299980157,-2.46644154714845));
#1761=CARTESIAN_POINT('Ctrl Pts',(-4.78454024105128,15.299980157,-2.58444455273091));
#1762=CARTESIAN_POINT('Ctrl Pts',(-4.98760255623308,15.299980157,-2.7032786155221));
#1763=CARTESIAN_POINT('Ctrl Pts',(-5.18608683940698,15.299980157,-2.82976440392187));
#1764=CARTESIAN_POINT('Ctrl Pts',(-5.37958733083209,15.299980157,-2.96358413887208));
#1765=CARTESIAN_POINT('Ctrl Pts',(-5.57236627926488,15.299980157,-3.0969048740974));
#1766=CARTESIAN_POINT('Ctrl Pts',(-5.76019906298835,15.299980157,-3.23750536207199));
#1767=CARTESIAN_POINT('Ctrl Pts',(-5.94265502803529,15.299980157,-3.3851134051662));
#1768=CARTESIAN_POINT('Ctrl Pts',(-6.05782372856188,15.299980157,-3.4782856207529));
#1769=CARTESIAN_POINT('Ctrl Pts',(-6.17084952649539,15.299980157,-3.57425068036872));
#1770=CARTESIAN_POINT('Ctrl Pts',(-6.28161658901997,15.299980157,-3.67294772629301));
#1771=CARTESIAN_POINT('Ctrl Pts',(-6.33257601172234,15.299980157,-3.71835422501293));
#1772=CARTESIAN_POINT('Ctrl Pts',(-6.38305727451444,15.299980157,-3.76433903826681));
#1773=CARTESIAN_POINT('Ctrl Pts',(-6.43304862378596,15.299980157,-3.8108966187085));
#1774=CARTESIAN_POINT('Ctrl Pts',(-6.46789168565549,15.299980157,-3.84334640611101));
#1775=CARTESIAN_POINT('Ctrl Pts',(-6.50249674920285,15.299980157,-3.87607443935081));
#1776=CARTESIAN_POINT('Ctrl Pts',(-6.53685974257064,15.299980157,-3.90907890466403));
#1777=CARTESIAN_POINT('Ctrl Pts',(-6.5566869439183,15.299980157,-3.92812224504283));
#1778=CARTESIAN_POINT('Ctrl Pts',(-6.57642790077297,15.299980157,-3.94725221129189));
#1779=CARTESIAN_POINT('Ctrl Pts',(-6.59607778310358,15.299980157,-3.96646415121164));
#1780=CARTESIAN_POINT('Ctrl Pts',(-6.76554285276118,15.299980157,-4.13215230557201));
#1781=CARTESIAN_POINT('Ctrl Pts',(-6.92833631905519,15.299980157,-4.30402978264815));
#1782=CARTESIAN_POINT('Ctrl Pts',(-7.08407263600859,15.299980157,-4.48175475620146));
#1783=CARTESIAN_POINT('Ctrl Pts',(-7.12688782462206,15.299980157,-4.53061508892838));
#1784=CARTESIAN_POINT('Ctrl Pts',(-7.1691694619459,15.299980157,-4.57991764240027));
#1785=CARTESIAN_POINT('Ctrl Pts',(-7.21090914672984,15.299980157,-4.62965588235604));
#1786=CARTESIAN_POINT('Ctrl Pts',(-7.36170164778749,15.299980157,-4.80934467588575));
#1787=CARTESIAN_POINT('Ctrl Pts',(-7.50542375604753,15.299980157,-4.99471692255654));
#1788=CARTESIAN_POINT('Ctrl Pts',(-7.64191205190407,15.299980157,-5.18527259095708));
#1789=CARTESIAN_POINT('Ctrl Pts',(-7.77938054230999,15.299980157,-5.37719674026908));
#1790=CARTESIAN_POINT('Ctrl Pts',(-7.9095112918406,15.299980157,-5.57437958316069));
#1791=CARTESIAN_POINT('Ctrl Pts',(-8.0320963574449,15.299980157,-5.77634386816862));
#1792=CARTESIAN_POINT('Ctrl Pts',(-8.1546328695689,15.299980157,-5.97822815918312));
#1793=CARTESIAN_POINT('Ctrl Pts',(-8.26962998116697,15.299980157,-6.18489070331004));
#1794=CARTESIAN_POINT('Ctrl Pts',(-8.37683437841492,15.299980157,-6.39587957189272));
#1795=CARTESIAN_POINT('Ctrl Pts',(-8.4239930125211,15.299980157,-6.48869243320619));
#1796=CARTESIAN_POINT('Ctrl Pts',(-8.46964307881138,15.299980157,-6.58234273788953));
#1797=CARTESIAN_POINT('Ctrl Pts',(-8.51375997813046,15.299980157,-6.67679307733607));
#1798=CARTESIAN_POINT('Ctrl Pts',(-8.53770036317335,15.299980157,-6.72804730255773));
#1799=CARTESIAN_POINT('Ctrl Pts',(-8.56118923173128,15.299980157,-6.77953712948765));
#1800=CARTESIAN_POINT('Ctrl Pts',(-8.58422241181122,15.299980157,-6.83125663742223));
#1801=CARTESIAN_POINT('Ctrl Pts',(-8.59740707579724,15.299980157,-6.8608619429542));
#1802=CARTESIAN_POINT('Ctrl Pts',(-8.61044345183201,15.299980157,-6.89054502043143));
#1803=CARTESIAN_POINT('Ctrl Pts',(-8.62332131206698,15.299980157,-6.92028259848064));
#1804=CARTESIAN_POINT('Ctrl Pts',(-8.71772580741753,15.299980157,-7.13828162917839));
#1805=CARTESIAN_POINT('Ctrl Pts',(-8.80372575296292,15.299980157,-7.35945130399601));
#1806=CARTESIAN_POINT('Ctrl Pts',(-8.88115985725959,15.299980157,-7.58328980734719));
#1807=CARTESIAN_POINT('Ctrl Pts',(-8.95883115667585,15.299980157,-7.80781396982821));
#1808=CARTESIAN_POINT('Ctrl Pts',(-9.02788436591755,15.299980157,-8.03502393519411));
#1809=CARTESIAN_POINT('Ctrl Pts',(-9.08811210294442,15.299980157,-8.26444041375666));
#1810=CARTESIAN_POINT('Ctrl Pts',(-9.12991738981562,15.299980157,-8.42368301812363));
#1811=CARTESIAN_POINT('Ctrl Pts',(-9.16746961417177,15.299980157,-8.5839892974463));
#1812=CARTESIAN_POINT('Ctrl Pts',(-9.20068564206752,15.299980157,-8.74520430720229));
#1813=CARTESIAN_POINT('Ctrl Pts',(-9.24850715254197,15.299980157,-8.97730747444072));
#1814=CARTESIAN_POINT('Ctrl Pts',(-9.28734302014732,15.299980157,-9.21129415894153));
#1815=CARTESIAN_POINT('Ctrl Pts',(-9.31723406167164,15.299980157,-9.44665090918216));
#1816=CARTESIAN_POINT('Ctrl Pts',(-9.33790378959374,15.299980157,-9.60940067446366));
#1817=CARTESIAN_POINT('Ctrl Pts',(-9.35429523689137,15.299980157,-9.77280581951298));
#1818=CARTESIAN_POINT('Ctrl Pts',(-9.36640735954254,15.299980157,-9.9366973092886));
#1819=CARTESIAN_POINT('Ctrl Pts',(-9.37712302353953,15.299980157,-10.0816930451295));
#1820=CARTESIAN_POINT('Ctrl Pts',(-9.38448907413813,15.299980157,-10.2270694985378));
#1821=CARTESIAN_POINT('Ctrl Pts',(-9.38849703338885,15.299980157,-10.372708878139));
#1822=CARTESIAN_POINT('Ctrl Pts',(-9.38927304853768,15.299980157,-10.4009073596521));
#1823=CARTESIAN_POINT('Ctrl Pts',(-9.38992313345118,15.299980157,-10.4291168741926));
#1824=CARTESIAN_POINT('Ctrl Pts',(-9.39044699453059,15.299980157,-10.4573190348491));
#1825=CARTESIAN_POINT('Ctrl Pts',(-9.39499152617774,15.299980157,-10.7019747587791));
#1826=CARTESIAN_POINT('Ctrl Pts',(-9.39005112673281,15.299980157,-10.9463774107155));
#1827=CARTESIAN_POINT('Ctrl Pts',(-9.37574849887549,15.299980157,-11.1899629645697));
#1828=CARTESIAN_POINT('Ctrl Pts',(-9.36175269968832,15.299980157,-11.4283229729996));
#1829=CARTESIAN_POINT('Ctrl Pts',(-9.33879181774065,15.299980157,-11.6659012940973));
#1830=CARTESIAN_POINT('Ctrl Pts',(-9.30692772758239,15.299980157,-11.9021776586462));
#1831=CARTESIAN_POINT('Ctrl Pts',(-9.27401580697036,15.299980157,-12.1462238220204));
#1832=CARTESIAN_POINT('Ctrl Pts',(-9.23160577750679,15.299980157,-12.388881760064));
#1833=CARTESIAN_POINT('Ctrl Pts',(-9.17970754664803,15.299980157,-12.6295757717409));
#1834=CARTESIAN_POINT('Ctrl Pts',(-9.12780931578927,15.299980157,-12.8702697834179));
#1835=CARTESIAN_POINT('Ctrl Pts',(-9.06642286752868,15.299980157,-13.1090006651038));
#1836=CARTESIAN_POINT('Ctrl Pts',(-8.99549923970965,15.299980157,-13.3451784891699));
#1837=CARTESIAN_POINT('Ctrl Pts',(-8.94124878712866,15.299980157,-13.5258341358026));
#1838=CARTESIAN_POINT('Ctrl Pts',(-8.8814168353519,15.299980157,-13.7049957632989));
#1839=CARTESIAN_POINT('Ctrl Pts',(-8.81611921226649,15.299980157,-13.8824395984052));
#1840=CARTESIAN_POINT('Ctrl Pts',(-8.80407299293229,15.299980157,-13.9151747464272));
#1841=CARTESIAN_POINT('Ctrl Pts',(-8.79184070895586,15.299980157,-13.9478514042281));
#1842=CARTESIAN_POINT('Ctrl Pts',(-8.77942302247419,15.299980157,-13.9804681274554));
#1843=CARTESIAN_POINT('Ctrl Pts',(-8.76979111844545,15.299980157,-14.0057676184936));
#1844=CARTESIAN_POINT('Ctrl Pts',(-8.76004854264418,15.299980157,-14.0310286796067));
#1845=CARTESIAN_POINT('Ctrl Pts',(-8.75019886511366,15.299980157,-14.056242647168));
#1846=CARTESIAN_POINT('Ctrl Pts',(-8.66349601489506,15.299980157,-14.2781913197116));
#1847=CARTESIAN_POINT('Ctrl Pts',(-8.56843003453435,15.299980157,-14.4966725350831));
#1848=CARTESIAN_POINT('Ctrl Pts',(-8.46532143254093,15.299980157,-14.7112676504323));
#1849=CARTESIAN_POINT('Ctrl Pts',(-8.36163144854763,15.299980157,-14.9270727689716));
#1850=CARTESIAN_POINT('Ctrl Pts',(-8.24980759922823,15.299980157,-15.1389484333492));
#1851=CARTESIAN_POINT('Ctrl Pts',(-8.13012693347784,15.299980157,-15.3464497347868));
#1852=CARTESIAN_POINT('Ctrl Pts',(-8.08107973901396,15.299980157,-15.4314873356332));
#1853=CARTESIAN_POINT('Ctrl Pts',(-8.03071244863549,15.299980157,-15.5157899889631));
#1854=CARTESIAN_POINT('Ctrl Pts',(-7.97904195198387,15.299980157,-15.5993257924393));
#1855=CARTESIAN_POINT('Ctrl Pts',(-7.95797826692149,15.299980157,-15.6333794975492));
#1856=CARTESIAN_POINT('Ctrl Pts',(-7.93669799868554,15.299980157,-15.6673057565044));
#1857=CARTESIAN_POINT('Ctrl Pts',(-7.91520223446431,15.299980157,-15.701102366512));
#1858=CARTESIAN_POINT('Ctrl Pts',(-7.89415125332551,15.299980157,-15.7341996684968));
#1859=CARTESIAN_POINT('Ctrl Pts',(-7.87289810597375,15.299980157,-15.7671655052363));
#1860=CARTESIAN_POINT('Ctrl Pts',(-7.85144727570545,15.299980157,-15.7999931387523));
#1861=CARTESIAN_POINT('Ctrl Pts',(-7.72002089316045,15.299980157,-16.00112368086));
#1862=CARTESIAN_POINT('Ctrl Pts',(-7.58114054141691,15.299980157,-16.1971264944851));
#1863=CARTESIAN_POINT('Ctrl Pts',(-7.43509637011461,15.299980157,-16.3875619972563));
#1864=CARTESIAN_POINT('Ctrl Pts',(-7.28988208608514,15.299980157,-16.5769153616674));
#1865=CARTESIAN_POINT('Ctrl Pts',(-7.13758479276561,15.299980157,-16.760765052216));
#1866=CARTESIAN_POINT('Ctrl Pts',(-6.9784472186172,15.299980157,-16.9386504060874));
#1867=CARTESIAN_POINT('Ctrl Pts',(-6.89326115336582,15.299980157,-17.0338721250512));
#1868=CARTESIAN_POINT('Ctrl Pts',(-6.80611435333668,15.299980157,-17.1273842619327));
#1869=CARTESIAN_POINT('Ctrl Pts',(-6.71703955846817,15.299980157,-17.2191119377632));
#1870=CARTESIAN_POINT('Ctrl Pts',(8.52636750610385,14.4874819903602,-14.0315768045784));
#1871=CARTESIAN_POINT('Ctrl Pts',(8.15593154372451,14.4958137744443,-14.9242278879578));
#1872=CARTESIAN_POINT('Ctrl Pts',(7.64635381309746,14.5041455585284,-15.7594547475673));
#1873=CARTESIAN_POINT('Ctrl Pts',(7.0189878215392,14.5124773426125,-16.494092825389));
#1874=CARTESIAN_POINT('Ctrl Pts',(6.03069912087134,14.525602389519,-17.6513670818215));
#1875=CARTESIAN_POINT('Ctrl Pts',(4.75011115440912,14.5387274364254,-18.5590237037694));
#1876=CARTESIAN_POINT('Ctrl Pts',(3.33081449396862,14.5518524833319,-19.1082005890743));
#1877=CARTESIAN_POINT('Ctrl Pts',(1.91151783352812,14.5649775302383,-19.6573774743792));
#1878=CARTESIAN_POINT('Ctrl Pts',(0.353512479109343,14.5781025771448,-19.8480746230411));
#1879=CARTESIAN_POINT('Ctrl Pts',(-1.15633823666959,14.5912276240513,-19.6574202848149));
#1880=CARTESIAN_POINT('Ctrl Pts',(-2.66618895244853,14.6043526709577,-19.4667659465886));
#1881=CARTESIAN_POINT('Ctrl Pts',(-4.12788502958759,14.6174777178642,-18.8947601214742));
#1882=CARTESIAN_POINT('Ctrl Pts',(-5.36611423611583,14.6306027647706,-18.0100077880268));
#1883=CARTESIAN_POINT('Ctrl Pts',(-6.60434344264407,14.6437278116771,-17.1252554545794));
#1884=CARTESIAN_POINT('Ctrl Pts',(-7.61910577856146,14.6568528585836,-15.927756612799));
#1885=CARTESIAN_POINT('Ctrl Pts',(-8.28869314051452,14.66997790549,-14.5611363170676));
#1886=CARTESIAN_POINT('Ctrl Pts',(-8.95828050246757,14.6831029523965,-13.1945160213363));
#1887=CARTESIAN_POINT('Ctrl Pts',(-9.28269289045632,14.6962279993029,-11.658774271654));
#1888=CARTESIAN_POINT('Ctrl Pts',(-9.22302108765662,14.7093530462094,-10.1381041830488));
#1889=CARTESIAN_POINT('Ctrl Pts',(-9.16334928485692,14.7224780931159,-8.61743409444356));
#1890=CARTESIAN_POINT('Ctrl Pts',(-8.71959329126878,14.7356031400223,-7.1118356669155));
#1891=CARTESIAN_POINT('Ctrl Pts',(-7.94497609482418,14.7487281869288,-5.80188662310502));
#1892=CARTESIAN_POINT('Ctrl Pts',(-7.17035889837958,14.7618532338352,-4.49193757929455));
#1893=CARTESIAN_POINT('Ctrl Pts',(-6.06488049907852,14.7749782807417,-3.37763791920168));
#1894=CARTESIAN_POINT('Ctrl Pts',(-4.76112928834666,14.7881033276481,-2.59263410762231));
#1895=CARTESIAN_POINT('Ctrl Pts',(-3.45737807761479,14.8012283745546,-1.80763029604294));
#1896=CARTESIAN_POINT('Ctrl Pts',(-1.95535405545213,14.8143534214611,-1.35192233297707));
#1897=CARTESIAN_POINT('Ctrl Pts',(-0.435206229413828,14.8274784683675,-1.28016650289182));
#1898=CARTESIAN_POINT('Ctrl Pts',(1.08494159662446,14.840603515274,-1.20841067280657));
#1899=CARTESIAN_POINT('Ctrl Pts',(2.62321322653838,14.8537285621804,-1.52060697570194));
#1900=CARTESIAN_POINT('Ctrl Pts',(3.99511202027784,14.8668536090869,-2.17931177484378));
#1901=CARTESIAN_POINT('Ctrl Pts',(5.36701081401731,14.8799786559933,-2.83801657398563));
#1902=CARTESIAN_POINT('Ctrl Pts',(6.57253677158232,14.8931037028998,-3.84322986937395));
#1903=CARTESIAN_POINT('Ctrl Pts',(7.46710232122766,14.9062287498063,-5.07438800150152));
#1904=CARTESIAN_POINT('Ctrl Pts',(8.361667870873,14.9193537967127,-6.3055461336291));
#1905=CARTESIAN_POINT('Ctrl Pts',(8.94527301259865,14.9324788436192,-7.76264910249593));
#1906=CARTESIAN_POINT('Ctrl Pts',(9.14792108057097,14.9456038905256,-9.27093727252348));
#1907=CARTESIAN_POINT('Ctrl Pts',(9.35056914854329,14.9587289374321,-10.779225442551));
#1908=CARTESIAN_POINT('Ctrl Pts',(9.17226014276226,14.9718539843386,-12.3386988137393));
#1909=CARTESIAN_POINT('Ctrl Pts',(8.63438101612791,14.984979031245,-13.7623145284313));
#1910=CARTESIAN_POINT('Ctrl Pts',(8.60018965989912,14.9858133509501,-13.8528094921205));
#1911=CARTESIAN_POINT('Ctrl Pts',(8.56454536638237,14.9866476706552,-13.9427554873512));
#1912=CARTESIAN_POINT('Ctrl Pts',(8.52747578281443,14.9874819903602,-14.0321128438935));
#1913=CARTESIAN_POINT('Ctrl Pts',(-0.0013948081435311,15.299980157,-20.0000197406058));
#1914=CARTESIAN_POINT('Ctrl Pts',(1.56548011066346,15.2868551100935,-20.0002497921764));
#1915=CARTESIAN_POINT('Ctrl Pts',(4.69781912278071,15.2606050162806,-19.2105904126209));
#1916=CARTESIAN_POINT('Ctrl Pts',(8.27088975047129,15.2212298755613,-15.934392635743));
#1917=CARTESIAN_POINT('Ctrl Pts',(9.85933947692361,15.1818547348419,-11.3554342810808));
#1918=CARTESIAN_POINT('Ctrl Pts',(9.08309212678259,15.1424795941225,-6.57089245602457));
#1919=CARTESIAN_POINT('Ctrl Pts',(6.12788265707147,15.1031044534031,-2.72904299240501));
#1920=CARTESIAN_POINT('Ctrl Pts',(1.70282342847145,15.0637293126838,-0.751161874619499));
#1921=CARTESIAN_POINT('Ctrl Pts',(-3.13073866440829,15.0243541719644,-1.11183611946819));
#1922=CARTESIAN_POINT('Ctrl Pts',(-7.21329575551206,14.984979031245,-3.72447830107751));
#1923=CARTESIAN_POINT('Ctrl Pts',(-9.56557224762703,14.9456038905256,-7.96241567138341));
#1924=CARTESIAN_POINT('Ctrl Pts',(-9.62330168766968,14.9062287498063,-12.8090553048102));
#1925=CARTESIAN_POINT('Ctrl Pts',(-7.37264312591642,14.8668536090869,-17.1018177135184));
#1926=CARTESIAN_POINT('Ctrl Pts',(-3.35347005018871,14.8274784683675,-19.8109719001036));
#1927=CARTESIAN_POINT('Ctrl Pts',(1.47011636995929,14.7881033276482,-20.2866613899794));
#1928=CARTESIAN_POINT('Ctrl Pts',(5.94105878237777,14.7487281869288,-18.4147790817247));
#1929=CARTESIAN_POINT('Ctrl Pts',(8.98688908940345,14.7093530462094,-14.6443434171774));
#1930=CARTESIAN_POINT('Ctrl Pts',(9.87698870006473,14.66997790549,-9.87978770695415));
#1931=CARTESIAN_POINT('Ctrl Pts',(8.39784479435666,14.6306027647707,-5.2640102738811));
#1932=CARTESIAN_POINT('Ctrl Pts',(4.90426718980055,14.5912276240513,-1.90422104900588));
#1933=CARTESIAN_POINT('Ctrl Pts',(0.234278078570371,14.5518524833319,-0.606349782157803));
#1934=CARTESIAN_POINT('Ctrl Pts',(-4.49190850204361,14.5124773426125,-1.68172343549855));
#1935=CARTESIAN_POINT('Ctrl Pts',(-8.1405981607154,14.4731022018932,-4.87238667252903));
#1936=CARTESIAN_POINT('Ctrl Pts',(-9.83656116030669,14.4337270611738,-9.41297888119207));
#1937=CARTESIAN_POINT('Ctrl Pts',(-9.17297823732965,14.3943519204544,-14.2143251312296));
#1938=CARTESIAN_POINT('Ctrl Pts',(-6.3090263996473,14.354976779735,-18.1247020922964));
#1939=CARTESIAN_POINT('Ctrl Pts',(-1.93169633190974,14.3156016390157,-20.2061077674306));
#1940=CARTESIAN_POINT('Ctrl Pts',(2.90899955350377,14.2762264982963,-19.9592647976822));
#1941=CARTESIAN_POINT('Ctrl Pts',(7.05189893004431,14.2368513575769,-17.4433846609785));
#1942=CARTESIAN_POINT('Ctrl Pts',(9.50322346666214,14.1974762168575,-13.26196431344));
#1943=CARTESIAN_POINT('Ctrl Pts',(9.67496148707588,14.1581010761382,-8.41802230729813));
#1944=CARTESIAN_POINT('Ctrl Pts',(7.52591731942517,14.1187259354188,-4.07349963247543));
#1945=CARTESIAN_POINT('Ctrl Pts',(3.57159311142031,14.0793507946994,-1.27053902544911));
#1946=CARTESIAN_POINT('Ctrl Pts',(-1.2394672900128,14.03997565398,-0.68150089398932));
#1947=CARTESIAN_POINT('Ctrl Pts',(-5.75321037259218,14.0006005132607,-2.44768080867037));
#1948=CARTESIAN_POINT('Ctrl Pts',(-8.88690164052,13.9612253725413,-6.14541621616853));
#1949=CARTESIAN_POINT('Ctrl Pts',(-9.88884664134569,13.9218502318219,-10.8877125293353));
#1950=CARTESIAN_POINT('Ctrl Pts',(-8.51870373500702,13.8824750911025,-15.5370110272556));
#1951=CARTESIAN_POINT('Ctrl Pts',(-5.10513606464819,13.8430999503832,-18.9780608476496));
#1952=CARTESIAN_POINT('Ctrl Pts',(-0.466973457934426,13.8037248096638,-20.385439879836));
#1953=CARTESIAN_POINT('Ctrl Pts',(4.28320444567927,13.7643496689444,-19.4215529618983));
#1954=CARTESIAN_POINT('Ctrl Pts',(8.00594832811823,13.7249745282251,-16.3176125481148));
#1955=CARTESIAN_POINT('Ctrl Pts',(9.8082646922327,13.6855993875057,-11.8181766023315));
#1956=CARTESIAN_POINT('Ctrl Pts',(9.2578227509049,13.6462242467863,-7.00254769472776));
#1957=CARTESIAN_POINT('Ctrl Pts',(6.48665981039054,13.6068491060669,-3.02587520837013));
#1958=CARTESIAN_POINT('Ctrl Pts',(2.15950881059935,13.5674739653476,-0.842063785328702));
#1959=CARTESIAN_POINT('Ctrl Pts',(-2.68565454403479,13.5280988246282,-0.974955371533354));
#1960=CARTESIAN_POINT('Ctrl Pts',(-6.88659629240501,13.4887236839088,-3.39267258684209));
#1961=CARTESIAN_POINT('Ctrl Pts',(-9.43561518486755,13.4493485431894,-7.51526531376467));
#1962=CARTESIAN_POINT('Ctrl Pts',(-9.72126510305705,13.4099734024701,-12.3538262808969));
#1963=CARTESIAN_POINT('Ctrl Pts',(-7.67502575000793,13.3705982617507,-16.7477052746093));
#1964=CARTESIAN_POINT('Ctrl Pts',(-3.78773895836372,13.3312231210313,-19.642920209108));
#1965=CARTESIAN_POINT('Ctrl Pts',(1.00813202741505,13.2918479803119,-20.3449811586276));
#1966=CARTESIAN_POINT('Ctrl Pts',(5.562177264123,13.2524728395926,-18.685481201913));
#1967=CARTESIAN_POINT('Ctrl Pts',(8.78199475980103,13.2130976988732,-15.0624930140811));
#1968=CARTESIAN_POINT('Ctrl Pts',(9.89523055343511,13.1737225581538,-10.345081215941));
#1969=CARTESIAN_POINT('Ctrl Pts',(8.63484706141615,13.1343474174344,-5.66483529443581));
#1970=CARTESIAN_POINT('Ctrl Pts',(5.30317899010436,13.0949722767151,-2.14442974645015));
#1971=CARTESIAN_POINT('Ctrl Pts',(0.699410268389638,13.0555971359957,-0.628321904612891));
#1972=CARTESIAN_POINT('Ctrl Pts',(-4.07212924483592,13.0162219952763,-1.48018874699018));
#1973=CARTESIAN_POINT('Ctrl Pts',(-7.8668670328161,12.9768468545569,-4.49568766753746));
#1974=CARTESIAN_POINT('Ctrl Pts',(-9.77453819922162,12.9374717138376,-8.95147758404787));
#1975=CARTESIAN_POINT('Ctrl Pts',(-9.33754370903881,12.8980965731182,-13.7787215430892));
#1976=CARTESIAN_POINT('Ctrl Pts',(-6.66070009554707,12.8587214323988,-17.8194920288878));
#1977=CARTESIAN_POINT('Ctrl Pts',(-2.38613069234216,12.8193462916794,-20.1044926828112));
#1978=CARTESIAN_POINT('Ctrl Pts',(2.46083258882744,12.7799711509601,-20.0856414861681));
#1979=CARTESIAN_POINT('Ctrl Pts',(6.71746191289443,12.7405960102407,-17.7673943703058));
#1980=CARTESIAN_POINT('Ctrl Pts',(9.36282333661562,12.7012208695213,-13.7059742678205));
#1981=CARTESIAN_POINT('Ctrl Pts',(9.76210748936955,12.6618457288019,-8.8753456762527));
#1982=CARTESIAN_POINT('Ctrl Pts',(7.82004773694264,12.6224705880826,-4.43480110771152));
#1983=CARTESIAN_POINT('Ctrl Pts',(4.00145139634586,12.5830954473632,-1.44839397350059));
#1984=CARTESIAN_POINT('Ctrl Pts',(0.816904398631893,12.5568453535503,-0.906388399818229));
#1985=CARTESIAN_POINT('Ctrl Pts',(-0.745143216414397,12.5437203066438,-1.02928800290277));
#1986=CARTESIAN_POINT('Ctrl Pts',(-0.00138156236023118,15.3520667737854,
-19.9098030749115));
#1987=CARTESIAN_POINT('Ctrl Pts',(1.55061354252482,15.3389417268789,-19.9100309417994));
#1988=CARTESIAN_POINT('Ctrl Pts',(4.65320632469016,15.312691633066,-19.127870555615));
#1989=CARTESIAN_POINT('Ctrl Pts',(8.1923453185076,15.2733164923466,-15.8827851621866));
#1990=CARTESIAN_POINT('Ctrl Pts',(9.76571034606644,15.2339413516273,-11.3473108453732));
#1991=CARTESIAN_POINT('Ctrl Pts',(8.99683462207684,15.1945662109079,-6.60820537978895));
#1992=CARTESIAN_POINT('Ctrl Pts',(6.06968927317195,15.1551910701885,-2.80284000590022));
#1993=CARTESIAN_POINT('Ctrl Pts',(1.68665258072001,15.1158159294691,-0.843741818799927));
#1994=CARTESIAN_POINT('Ctrl Pts',(-3.10100763214436,15.0764407887498,-1.20099092384621));
#1995=CARTESIAN_POINT('Ctrl Pts',(-7.14479475564436,15.0370656480304,-3.7888221718958));
#1996=CARTESIAN_POINT('Ctrl Pts',(-9.47473287468597,14.997690507311,-7.98651400713948));
#1997=CARTESIAN_POINT('Ctrl Pts',(-9.53191408760765,14.9583153665917,-12.7871275698019));
#1998=CARTESIAN_POINT('Ctrl Pts',(-7.30262888514346,14.9189402258723,-17.0391237979515));
#1999=CARTESIAN_POINT('Ctrl Pts',(-3.3216238512735,14.8795650851529,-19.7225505255683));
#2000=CARTESIAN_POINT('Ctrl Pts',(1.45615542274773,14.8401899444335,-20.1937226343762));
#2001=CARTESIAN_POINT('Ctrl Pts',(5.88463956976547,14.8008148037142,-18.3396166400419));
#2002=CARTESIAN_POINT('Ctrl Pts',(8.90154517599829,14.7614396629948,-14.6049868847089));
#2003=CARTESIAN_POINT('Ctrl Pts',(9.78319196351482,14.7220645222754,-9.88567773599347));
#2004=CARTESIAN_POINT('Ctrl Pts',(8.31809473493236,14.6826893815561,-5.31373399282433));
#2005=CARTESIAN_POINT('Ctrl Pts',(4.8576938594525,14.6433142408367,-1.9858509768513));
#2006=CARTESIAN_POINT('Ctrl Pts',(0.232053258852298,14.6039391001173,-0.700304933104013));
#2007=CARTESIAN_POINT('Ctrl Pts',(-4.44925113235666,14.5645639593979,-1.76546630997891));
#2008=CARTESIAN_POINT('Ctrl Pts',(-8.06329104169092,14.5251888186785,-4.92582944156721));
#2009=CARTESIAN_POINT('Ctrl Pts',(-9.74314834353346,14.4858136779592,-9.42330195615042));
#2010=CARTESIAN_POINT('Ctrl Pts',(-9.08586712996357,14.4464385372398,-14.1790522636416));
#2011=CARTESIAN_POINT('Ctrl Pts',(-6.24911278578538,14.4070633965204,-18.0522943641991));
#2012=CARTESIAN_POINT('Ctrl Pts',(-1.91335199463847,14.3676882558011,-20.1139339885973));
#2013=CARTESIAN_POINT('Ctrl Pts',(2.88137426476146,14.3283131150817,-19.8694351609459));
#2014=CARTESIAN_POINT('Ctrl Pts',(6.98493063371391,14.2889379743623,-17.3774470578913));
#2015=CARTESIAN_POINT('Ctrl Pts',(9.41297618837259,14.2495628336429,-13.2357355320041));
#2016=CARTESIAN_POINT('Ctrl Pts',(9.58308330018194,14.2101876929236,-8.43779397863279));
#2017=CARTESIAN_POINT('Ctrl Pts',(7.45444751161807,14.1708125522042,-4.13452902528169));
#2018=CARTESIAN_POINT('Ctrl Pts',(3.53767550876747,14.1314374114848,-1.35818670907262));
#2019=CARTESIAN_POINT('Ctrl Pts',(-1.22769669976571,14.0920622707654,-0.77474237306124));
#2020=CARTESIAN_POINT('Ctrl Pts',(-5.69857506075562,14.052687130046,-2.52414977567533));
#2021=CARTESIAN_POINT('Ctrl Pts',(-8.80250725704608,14.0133119893267,-6.18676967131246));
#2022=CARTESIAN_POINT('Ctrl Pts',(-9.79493729596042,13.9739368486073,-10.8840308091403));
#2023=CARTESIAN_POINT('Ctrl Pts',(-8.437805939713,13.9345617078879,-15.4891772846584));
#2024=CARTESIAN_POINT('Ctrl Pts',(-5.05665518479215,13.8951865671686,-18.8975492056177));
#2025=CARTESIAN_POINT('Ctrl Pts',(-0.462538848587412,13.8558114264492,-20.2915630751704));
#2026=CARTESIAN_POINT('Ctrl Pts',(4.24252903223285,13.8164362857298,-19.3368297008937));
#2027=CARTESIAN_POINT('Ctrl Pts',(7.92991991004787,13.7770611450104,-16.2623658300222));
#2028=CARTESIAN_POINT('Ctrl Pts',(9.71512059262033,13.737686004291,-11.8056587382293));
#2029=CARTESIAN_POINT('Ctrl Pts',(9.16990591835989,13.6983108635717,-7.03576140830426));
#2030=CARTESIAN_POINT('Ctrl Pts',(6.42505930240171,13.6589357228523,-3.09685335733022));
#2031=CARTESIAN_POINT('Ctrl Pts',(2.13900105412255,13.6195605821329,-0.933780480311468));
#2032=CARTESIAN_POINT('Ctrl Pts',(-2.66015024921573,13.5801854414136,-1.06541006273343));
#2033=CARTESIAN_POINT('Ctrl Pts',(-6.82119779112293,13.5408103006942,-3.46016744771506));
#2034=CARTESIAN_POINT('Ctrl Pts',(-9.34600994803301,13.5014351599748,-7.54361000896948));
#2035=CARTESIAN_POINT('Ctrl Pts',(-9.62894719428012,13.4620600192555,-12.3362216243209));
#2036=CARTESIAN_POINT('Ctrl Pts',(-7.60213993529777,13.4226848785361,-16.6883741847123));
#2037=CARTESIAN_POINT('Ctrl Pts',(-3.75176872857139,13.3833097378167,-19.5560947359822));
#2038=CARTESIAN_POINT('Ctrl Pts',(0.998558310459961,13.3439345970973,-20.251488569853));
#2039=CARTESIAN_POINT('Ctrl Pts',(5.50935609652529,13.304559456378,-18.6077480399204));
#2040=CARTESIAN_POINT('Ctrl Pts',(8.69859662359962,13.2651843156586,-15.0191655276337));
#2041=CARTESIAN_POINT('Ctrl Pts',(9.80126058328467,13.2258091749392,-10.3465525892538));
#2042=CARTESIAN_POINT('Ctrl Pts',(8.55284631204169,13.1864340342198,-5.71075258208734));
#2043=CARTESIAN_POINT('Ctrl Pts',(5.25281739734395,13.1470588935005,-2.22377853450739));
#2044=CARTESIAN_POINT('Ctrl Pts',(0.692768324911054,13.1076837527811,-0.722068397490944));
#2045=CARTESIAN_POINT('Ctrl Pts',(-4.03345830518277,13.0683086120617,-1.56584549387211));
#2046=CARTESIAN_POINT('Ctrl Pts',(-7.79215939904657,13.0289334713423,-4.55270775537217));
#2047=CARTESIAN_POINT('Ctrl Pts',(-9.68171438295428,12.989558330623,-8.96618330202629));
#2048=CARTESIAN_POINT('Ctrl Pts',(-9.2488698071142,12.9501831899036,-13.7475853811549));
#2049=CARTESIAN_POINT('Ctrl Pts',(-6.5974468155169,12.9108080491842,-17.7499827254804));
#2050=CARTESIAN_POINT('Ctrl Pts',(-2.36347082315331,12.8714329084648,-20.0132838907377));
#2051=CARTESIAN_POINT('Ctrl Pts',(2.43746331373389,12.8320577677455,-19.9946117143181));
#2052=CARTESIAN_POINT('Ctrl Pts',(6.65366959476373,12.7926826270261,-17.6983798118561));
#2053=CARTESIAN_POINT('Ctrl Pts',(9.27390936692949,12.7533074863067,-13.6755289497476));
#2054=CARTESIAN_POINT('Ctrl Pts',(9.66940172122927,12.7139323455873,-8.89077438022568));
#2055=CARTESIAN_POINT('Ctrl Pts',(7.74578472220567,12.674557204868,-4.49239940422752));
#2056=CARTESIAN_POINT('Ctrl Pts',(3.96345164826091,12.6351820641486,-1.53435265917006));
#2057=CARTESIAN_POINT('Ctrl Pts',(0.809146673176112,12.6089319703357,-0.997494236663743));
#2058=CARTESIAN_POINT('Ctrl Pts',(-0.738066970396062,12.5958069234292,-1.11922672474565));
#2059=CARTESIAN_POINT('Ctrl Pts',(-0.00136831657693126,15.4041533905708,
-19.8195864092172));
#2060=CARTESIAN_POINT('Ctrl Pts',(1.53574697438619,15.3910283436643,-19.8198120914223));
#2061=CARTESIAN_POINT('Ctrl Pts',(4.60859352659961,15.3647782498514,-19.0451506986091));
#2062=CARTESIAN_POINT('Ctrl Pts',(8.11380088654392,15.325403109132,-15.8311776886303));
#2063=CARTESIAN_POINT('Ctrl Pts',(9.67208121520927,15.2860279684127,-11.3391874096656));
#2064=CARTESIAN_POINT('Ctrl Pts',(8.91057711737109,15.2466528276933,-6.64551830355333));
#2065=CARTESIAN_POINT('Ctrl Pts',(6.01149588927242,15.2072776869739,-2.87663701939543));
#2066=CARTESIAN_POINT('Ctrl Pts',(1.67048173296858,15.1679025462545,-0.936321762980355));
#2067=CARTESIAN_POINT('Ctrl Pts',(-3.07127659988042,15.1285274055352,-1.29014572822424));
#2068=CARTESIAN_POINT('Ctrl Pts',(-7.07629375577666,15.0891522648158,-3.8531660427141));
#2069=CARTESIAN_POINT('Ctrl Pts',(-9.38389350174491,15.0497771240964,-8.01061234289554));
#2070=CARTESIAN_POINT('Ctrl Pts',(-9.44052648754562,15.010401983377,-12.7651998347935));
#2071=CARTESIAN_POINT('Ctrl Pts',(-7.2326146443705,14.9710268426577,-16.9764298823846));
#2072=CARTESIAN_POINT('Ctrl Pts',(-3.28977765235829,14.9316517019383,-19.634129151033));
#2073=CARTESIAN_POINT('Ctrl Pts',(1.44219447553617,14.8922765612189,-20.1007838787731));
#2074=CARTESIAN_POINT('Ctrl Pts',(5.82822035715317,14.8529014204996,-18.2644541983591));
#2075=CARTESIAN_POINT('Ctrl Pts',(8.81620126259313,14.8135262797802,-14.5656303522405));
#2076=CARTESIAN_POINT('Ctrl Pts',(9.68939522696491,14.7741511390608,-9.8915677650328));
#2077=CARTESIAN_POINT('Ctrl Pts',(8.23834467550806,14.7347759983414,-5.36345771176756));
#2078=CARTESIAN_POINT('Ctrl Pts',(4.81112052910445,14.6954008576221,-2.06748090469672));
#2079=CARTESIAN_POINT('Ctrl Pts',(0.229828439134225,14.6560257169027,-0.794260084050222));
#2080=CARTESIAN_POINT('Ctrl Pts',(-4.40659376266971,14.6166505761833,-1.84920918445927));
#2081=CARTESIAN_POINT('Ctrl Pts',(-7.98598392266644,14.5772754354639,-4.97927221060538));
#2082=CARTESIAN_POINT('Ctrl Pts',(-9.64973552676023,14.5379002947446,-9.43362503110878));
#2083=CARTESIAN_POINT('Ctrl Pts',(-8.99875602259749,14.4985251540252,-14.1437793960535));
#2084=CARTESIAN_POINT('Ctrl Pts',(-6.18919917192347,14.4591500133058,-17.9798866361018));
#2085=CARTESIAN_POINT('Ctrl Pts',(-1.89500765736719,14.4197748725864,-20.0217602097641));
#2086=CARTESIAN_POINT('Ctrl Pts',(2.85374897601915,14.380399731867,-19.7796055242096));
#2087=CARTESIAN_POINT('Ctrl Pts',(6.91796233738351,14.3410245911477,-17.3115094548041));
#2088=CARTESIAN_POINT('Ctrl Pts',(9.32272891008305,14.3016494504283,-13.2095067505681));
#2089=CARTESIAN_POINT('Ctrl Pts',(9.49120511328801,14.2622743097089,-8.45756564996745));
#2090=CARTESIAN_POINT('Ctrl Pts',(7.38297770381096,14.2228991689896,-4.19555841808795));
#2091=CARTESIAN_POINT('Ctrl Pts',(3.50375790611463,14.1835240282702,-1.44583439269614));
#2092=CARTESIAN_POINT('Ctrl Pts',(-1.21592610951862,14.1441488875508,-0.86798385213316));
#2093=CARTESIAN_POINT('Ctrl Pts',(-5.64393974891906,14.1047737468314,-2.60061874268029));
#2094=CARTESIAN_POINT('Ctrl Pts',(-8.71811287357215,14.0653986061121,-6.22812312645639));
#2095=CARTESIAN_POINT('Ctrl Pts',(-9.70102795057516,14.0260234653927,-10.8803490889453));
#2096=CARTESIAN_POINT('Ctrl Pts',(-8.35690814441897,13.9866483246733,-15.4413435420613));
#2097=CARTESIAN_POINT('Ctrl Pts',(-5.00817430493612,13.9472731839539,-18.8170375635858));
#2098=CARTESIAN_POINT('Ctrl Pts',(-0.458104239240392,13.9078980432346,-20.1976862705048));
#2099=CARTESIAN_POINT('Ctrl Pts',(4.20185361878642,13.8685229025152,-19.2521064398891));
#2100=CARTESIAN_POINT('Ctrl Pts',(7.85389149197752,13.8291477617958,-16.2071191119296));
#2101=CARTESIAN_POINT('Ctrl Pts',(9.62197649300795,13.7897726210764,-11.7931408741271));
#2102=CARTESIAN_POINT('Ctrl Pts',(9.08198908581489,13.7503974803571,-7.06897512188075));
#2103=CARTESIAN_POINT('Ctrl Pts',(6.36345879441286,13.7110223396377,-3.16783150629031));
#2104=CARTESIAN_POINT('Ctrl Pts',(2.11849329764575,13.6716471989183,-1.02549717529423));
#2105=CARTESIAN_POINT('Ctrl Pts',(-2.63464595439667,13.632272058199,-1.15586475393352));
#2106=CARTESIAN_POINT('Ctrl Pts',(-6.75579928984085,13.5928969174796,-3.527662308588));
#2107=CARTESIAN_POINT('Ctrl Pts',(-9.25640471119846,13.5535217767602,-7.57195470417432));
#2108=CARTESIAN_POINT('Ctrl Pts',(-9.5366292855032,13.5141466360408,-12.3186169677448));
#2109=CARTESIAN_POINT('Ctrl Pts',(-7.52925412058761,13.4747714953215,-16.6290430948153));
#2110=CARTESIAN_POINT('Ctrl Pts',(-3.71579849877907,13.4353963546021,-19.4692692628563));
#2111=CARTESIAN_POINT('Ctrl Pts',(0.988984593504882,13.3960212138827,-20.1579959810785));
#2112=CARTESIAN_POINT('Ctrl Pts',(5.45653492892757,13.3566460731633,-18.5300148779278));
#2113=CARTESIAN_POINT('Ctrl Pts',(8.61519848739821,13.317270932444,-14.9758380411862));
#2114=CARTESIAN_POINT('Ctrl Pts',(9.70729061313425,13.2778957917246,-10.3480239625665));
#2115=CARTESIAN_POINT('Ctrl Pts',(8.47084556266722,13.2385206510052,-5.7566698697389));
#2116=CARTESIAN_POINT('Ctrl Pts',(5.20245580458354,13.1991455102859,-2.30312732256461));
#2117=CARTESIAN_POINT('Ctrl Pts',(0.686126381432471,13.1597703695665,-0.815814890368996));
#2118=CARTESIAN_POINT('Ctrl Pts',(-3.99478736552961,13.1203952288471,-1.65150224075404));
#2119=CARTESIAN_POINT('Ctrl Pts',(-7.71745176527704,13.0810200881277,-4.60972784320687));
#2120=CARTESIAN_POINT('Ctrl Pts',(-9.58889056668694,13.0416449474083,-8.98088902000472));
#2121=CARTESIAN_POINT('Ctrl Pts',(-9.16019590518959,13.002269806689,-13.7164492192206));
#2122=CARTESIAN_POINT('Ctrl Pts',(-6.53419353548674,12.9628946659696,-17.680473422073));
#2123=CARTESIAN_POINT('Ctrl Pts',(-2.34081095396445,12.9235195252502,-19.9220750986642));
#2124=CARTESIAN_POINT('Ctrl Pts',(2.41409403864034,12.8841443845309,-19.9035819424682));
#2125=CARTESIAN_POINT('Ctrl Pts',(6.58987727663304,12.8447692438115,-17.6293652534065));
#2126=CARTESIAN_POINT('Ctrl Pts',(9.18499539724333,12.8053941030921,-13.6450836316747));
#2127=CARTESIAN_POINT('Ctrl Pts',(9.57669595308901,12.7660189623727,-8.90620308419867));
#2128=CARTESIAN_POINT('Ctrl Pts',(7.6715217074687,12.7266438216534,-4.54999770074351));
#2129=CARTESIAN_POINT('Ctrl Pts',(3.92545190017596,12.687268680934,-1.62031134483953));
#2130=CARTESIAN_POINT('Ctrl Pts',(0.801388947720334,12.6610185871211,-1.08860007350926));
#2131=CARTESIAN_POINT('Ctrl Pts',(-0.730990724377727,12.6478935402146,-1.20916544658854));
#2132=CARTESIAN_POINT('Ctrl Pts',(-0.00135507079363133,15.4562400073562,
-19.729369743523));
#2133=CARTESIAN_POINT('Ctrl Pts',(1.52088040624756,15.4431149604497,-19.7295932410453));
#2134=CARTESIAN_POINT('Ctrl Pts',(4.56398072850906,15.4168648666368,-18.9624308416032));
#2135=CARTESIAN_POINT('Ctrl Pts',(8.03525645458023,15.3774897259174,-15.7795702150739));
#2136=CARTESIAN_POINT('Ctrl Pts',(9.57845208435209,15.3381145851981,-11.331063973958));
#2137=CARTESIAN_POINT('Ctrl Pts',(8.82431961266536,15.2987394444787,-6.68283122731771));
#2138=CARTESIAN_POINT('Ctrl Pts',(5.9533025053729,15.2593643037593,-2.95043403289065));
#2139=CARTESIAN_POINT('Ctrl Pts',(1.65431088521715,15.2199891630399,-1.02890170716078));
#2140=CARTESIAN_POINT('Ctrl Pts',(-3.04154556761649,15.1806140223206,-1.37930053260228));
#2141=CARTESIAN_POINT('Ctrl Pts',(-7.00779275590897,15.1412388816012,-3.91750991353238));
#2142=CARTESIAN_POINT('Ctrl Pts',(-9.29305412880384,15.1018637408818,-8.03471067865163));
#2143=CARTESIAN_POINT('Ctrl Pts',(-9.3491388874836,15.0624886001624,-12.7432720997851));
#2144=CARTESIAN_POINT('Ctrl Pts',(-7.16260040359754,15.0231134594431,-16.9137359668178));
#2145=CARTESIAN_POINT('Ctrl Pts',(-3.25793145344308,14.9837383187237,-19.5457077764978));
#2146=CARTESIAN_POINT('Ctrl Pts',(1.42823352832461,14.9443631780043,-20.0078451231699));
#2147=CARTESIAN_POINT('Ctrl Pts',(5.77180114454087,14.9049880372849,-18.1892917566762));
#2148=CARTESIAN_POINT('Ctrl Pts',(8.73085734918798,14.8656128965656,-14.526273819772));
#2149=CARTESIAN_POINT('Ctrl Pts',(9.59559849041499,14.8262377558462,-9.89745779407213));
#2150=CARTESIAN_POINT('Ctrl Pts',(8.15859461608375,14.7868626151268,-5.41318143071079));
#2151=CARTESIAN_POINT('Ctrl Pts',(4.76454719875639,14.7474874744074,-2.14911083254214));
#2152=CARTESIAN_POINT('Ctrl Pts',(0.227603619416151,14.7081123336881,-0.88821523499643));
#2153=CARTESIAN_POINT('Ctrl Pts',(-4.36393639298275,14.6687371929687,-1.93295205893963));
#2154=CARTESIAN_POINT('Ctrl Pts',(-7.90867680364197,14.6293620522493,-5.03271497964355));
#2155=CARTESIAN_POINT('Ctrl Pts',(-9.556322709987,14.5899869115299,-9.44394810606715));
#2156=CARTESIAN_POINT('Ctrl Pts',(-8.9116449152314,14.5506117708106,-14.1085065284655));
#2157=CARTESIAN_POINT('Ctrl Pts',(-6.12928555806156,14.5112366300912,-17.9074789080046));
#2158=CARTESIAN_POINT('Ctrl Pts',(-1.87666332009592,14.4718614893718,-19.9295864309309));
#2159=CARTESIAN_POINT('Ctrl Pts',(2.82612368727684,14.4324863486524,-19.6897758874733));
#2160=CARTESIAN_POINT('Ctrl Pts',(6.8509940410531,14.3931112079331,-17.2455718517169));
#2161=CARTESIAN_POINT('Ctrl Pts',(9.2324816317935,14.3537360672137,-13.1832779691322));
#2162=CARTESIAN_POINT('Ctrl Pts',(9.39932692639409,14.3143609264943,-8.4773373213021));
#2163=CARTESIAN_POINT('Ctrl Pts',(7.31150789600385,14.274985785775,-4.25658781089421));
#2164=CARTESIAN_POINT('Ctrl Pts',(3.4698403034618,14.2356106450556,-1.53348207631965));
#2165=CARTESIAN_POINT('Ctrl Pts',(-1.20415551927154,14.1962355043362,-0.961225331205081));
#2166=CARTESIAN_POINT('Ctrl Pts',(-5.58930443708248,14.1568603636168,-2.67708770968525));
#2167=CARTESIAN_POINT('Ctrl Pts',(-8.63371849009825,14.1174852228975,-6.26947658160032));
#2168=CARTESIAN_POINT('Ctrl Pts',(-9.60711860518988,14.0781100821781,-10.8766673687504));
#2169=CARTESIAN_POINT('Ctrl Pts',(-8.27601034912495,14.0387349414587,-15.3935097994641));
#2170=CARTESIAN_POINT('Ctrl Pts',(-4.95969342508008,13.9993598007393,-18.7365259215539));
#2171=CARTESIAN_POINT('Ctrl Pts',(-0.453669629893375,13.95998466002,-20.1038094658392));
#2172=CARTESIAN_POINT('Ctrl Pts',(4.16117820534,13.9206095193006,-19.1673831788846));
#2173=CARTESIAN_POINT('Ctrl Pts',(7.77786307390716,13.8812343785812,-16.151872393837));
#2174=CARTESIAN_POINT('Ctrl Pts',(9.52883239339556,13.8418592378618,-11.7806230100249));
#2175=CARTESIAN_POINT('Ctrl Pts',(8.99407225326991,13.8024840971425,-7.10218883545723));
#2176=CARTESIAN_POINT('Ctrl Pts',(6.301858286424,13.7631089564231,-3.2388096552504));
#2177=CARTESIAN_POINT('Ctrl Pts',(2.09798554116896,13.7237338157037,-1.11721387027699));
#2178=CARTESIAN_POINT('Ctrl Pts',(-2.60914165957763,13.6843586749844,-1.24631944513361));
#2179=CARTESIAN_POINT('Ctrl Pts',(-6.69040078855876,13.644983534265,-3.59515716946095));
#2180=CARTESIAN_POINT('Ctrl Pts',(-9.16679947436393,13.6056083935456,-7.60029939937915));
#2181=CARTESIAN_POINT('Ctrl Pts',(-9.44431137672627,13.5662332528262,-12.3010123111688));
#2182=CARTESIAN_POINT('Ctrl Pts',(-7.45636830587745,13.5268581121069,-16.5697120049183));
#2183=CARTESIAN_POINT('Ctrl Pts',(-3.67982826898675,13.4874829713875,-19.3824437897304));
#2184=CARTESIAN_POINT('Ctrl Pts',(0.9794108765498,13.4481078306681,-20.064503392304));
#2185=CARTESIAN_POINT('Ctrl Pts',(5.40371376132985,13.4087326899487,-18.4522817159351));
#2186=CARTESIAN_POINT('Ctrl Pts',(8.53180035119681,13.3693575492294,-14.9325105547387));
#2187=CARTESIAN_POINT('Ctrl Pts',(9.61332064298381,13.32998240851,-10.3494953358793));
#2188=CARTESIAN_POINT('Ctrl Pts',(8.38884481329275,13.2906072677906,-5.80258715739043));
#2189=CARTESIAN_POINT('Ctrl Pts',(5.15209421182312,13.2512321270712,-2.38247611062185));
#2190=CARTESIAN_POINT('Ctrl Pts',(0.679484437953888,13.2118569863519,-0.909561383247048));
#2191=CARTESIAN_POINT('Ctrl Pts',(-3.95611642587646,13.1724818456325,-1.73715898763597));
#2192=CARTESIAN_POINT('Ctrl Pts',(-7.64274413150751,13.1331067049131,-4.66674793104157));
#2193=CARTESIAN_POINT('Ctrl Pts',(-9.49606675041959,13.0937315641937,-8.99559473798316));
#2194=CARTESIAN_POINT('Ctrl Pts',(-9.07152200326498,13.0543564234744,-13.6853130572862));
#2195=CARTESIAN_POINT('Ctrl Pts',(-6.47094025545657,13.014981282755,-17.6109641186656));
#2196=CARTESIAN_POINT('Ctrl Pts',(-2.31815108477559,12.9756061420356,-19.8308663065907));
#2197=CARTESIAN_POINT('Ctrl Pts',(2.39072476354679,12.9362310013162,-19.8125521706183));
#2198=CARTESIAN_POINT('Ctrl Pts',(6.52608495850234,12.8968558605969,-17.5603506949568));
#2199=CARTESIAN_POINT('Ctrl Pts',(9.0960814275572,12.8574807198775,-13.6146383136018));
#2200=CARTESIAN_POINT('Ctrl Pts',(9.48399018494873,12.8181055791581,-8.92163178817167));
#2201=CARTESIAN_POINT('Ctrl Pts',(7.59725869273173,12.7787304384388,-4.6075959972595));
#2202=CARTESIAN_POINT('Ctrl Pts',(3.88745215209102,12.7393552977194,-1.70627003050901));
#2203=CARTESIAN_POINT('Ctrl Pts',(0.793631222264554,12.7131052039065,-1.17970591035477));
#2204=CARTESIAN_POINT('Ctrl Pts',(-0.723914478359391,12.699980157,-1.29910416843143));
#2205=CARTESIAN_POINT('Ctrl Pts',(-0.723914478359326,12.699980157,-1.29910416843142));
#2206=CARTESIAN_POINT('Ctrl Pts',(-0.491394574449641,12.699980157,-1.27731175905002));
#2207=CARTESIAN_POINT('Ctrl Pts',(-0.258275082835511,12.699980157,-1.26453266135913));
#2208=CARTESIAN_POINT('Ctrl Pts',(-0.0250554889183663,12.699980157,-1.2606148200269));
#2209=CARTESIAN_POINT('Ctrl Pts',(0.209964032351279,12.699980157,-1.25666674182797));
#2210=CARTESIAN_POINT('Ctrl Pts',(0.445085852843741,12.699980157,-1.26171725113496));
#2211=CARTESIAN_POINT('Ctrl Pts',(0.679804041722782,12.699980157,-1.27566357542329));
#2212=CARTESIAN_POINT('Ctrl Pts',(0.819310239520962,12.699980157,-1.28395265895796));
#2213=CARTESIAN_POINT('Ctrl Pts',(0.958673903454473,12.699980157,-1.29538527359025));
#2214=CARTESIAN_POINT('Ctrl Pts',(1.09778822983062,12.699980157,-1.30994852171749));
#2215=CARTESIAN_POINT('Ctrl Pts',(1.14108613857277,12.699980157,-1.31448118348446));
#2216=CARTESIAN_POINT('Ctrl Pts',(1.1843619252172,12.699980157,-1.31931747626657));
#2217=CARTESIAN_POINT('Ctrl Pts',(1.22758990953855,12.699980157,-1.32445424000168));
#2218=CARTESIAN_POINT('Ctrl Pts',(1.46210419833276,12.699980157,-1.35232147723131));
#2219=CARTESIAN_POINT('Ctrl Pts',(1.69535643365334,12.699980157,-1.38904180267858));
#2220=CARTESIAN_POINT('Ctrl Pts',(1.9268379986928,12.699980157,-1.43450041384569));
#2221=CARTESIAN_POINT('Ctrl Pts',(2.15791154113812,12.699980157,-1.47987889707495));
#2222=CARTESIAN_POINT('Ctrl Pts',(2.38722131123291,12.699980157,-1.53396499650465));
#2223=CARTESIAN_POINT('Ctrl Pts',(2.61425491790217,12.699980157,-1.59669589918987));
#2224=CARTESIAN_POINT('Ctrl Pts',(2.71183623972802,12.699980157,-1.62365827050202));
#2225=CARTESIAN_POINT('Ctrl Pts',(2.80899693110398,12.699980157,-1.65221829005642));
#2226=CARTESIAN_POINT('Ctrl Pts',(2.90569547272264,12.699980157,-1.682373821972));
#2227=CARTESIAN_POINT('Ctrl Pts',(2.93616727324437,12.699980157,-1.69187648186508));
#2228=CARTESIAN_POINT('Ctrl Pts',(2.96659483084795,12.699980157,-1.70153812693277));
#2229=CARTESIAN_POINT('Ctrl Pts',(2.99697163832549,12.699980157,-1.71135704361451));
#2230=CARTESIAN_POINT('Ctrl Pts',(3.22251022732706,12.699980157,-1.78425952408621));
#2231=CARTESIAN_POINT('Ctrl Pts',(3.4448123772555,12.699980157,-1.86568451474755));
#2232=CARTESIAN_POINT('Ctrl Pts',(3.66338063530725,12.699980157,-1.95550063361475));
#2233=CARTESIAN_POINT('Ctrl Pts',(3.69562811706446,12.699980157,-1.96875207131431));
#2234=CARTESIAN_POINT('Ctrl Pts',(3.7277943112134,12.699980157,-1.98218625871674));
#2235=CARTESIAN_POINT('Ctrl Pts',(3.75987760850439,12.699980157,-1.99580286901335));
#2236=CARTESIAN_POINT('Ctrl Pts',(3.97556447863165,12.699980157,-2.08734346192625));
#2237=CARTESIAN_POINT('Ctrl Pts',(4.18750605641291,12.699980157,-2.18712445298135));
#2238=CARTESIAN_POINT('Ctrl Pts',(4.39533448247977,12.699980157,-2.29476798471068));
#2239=CARTESIAN_POINT('Ctrl Pts',(4.6048940470238,12.699980157,-2.40330814960576));
#2240=CARTESIAN_POINT('Ctrl Pts',(4.81027220969028,12.699980157,-2.51984271386137));
#2241=CARTESIAN_POINT('Ctrl Pts',(5.01107174164121,12.699980157,-2.64403353222199));
#2242=CARTESIAN_POINT('Ctrl Pts',(5.2120497644845,12.699980157,-2.76833474391758));
#2243=CARTESIAN_POINT('Ctrl Pts',(5.40844156307755,12.699980157,-2.90030621358214));
#2244=CARTESIAN_POINT('Ctrl Pts',(5.59982049608234,12.699980157,-3.03965253453442));
#2245=CARTESIAN_POINT('Ctrl Pts',(5.76808874808355,12.699980157,-3.16217156774928));
#2246=CARTESIAN_POINT('Ctrl Pts',(5.93248155547426,12.699980157,-3.29039264618929));
#2247=CARTESIAN_POINT('Ctrl Pts',(6.09268571061677,12.699980157,-3.42413925915844));
#2248=CARTESIAN_POINT('Ctrl Pts',(6.12152031123263,12.699980157,-3.44821185680898));
#2249=CARTESIAN_POINT('Ctrl Pts',(6.15022355312585,12.699980157,-3.47246735175888));
#2250=CARTESIAN_POINT('Ctrl Pts',(6.17876859975216,12.699980157,-3.49688322349902));
#2251=CARTESIAN_POINT('Ctrl Pts',(6.35935447597234,12.699980157,-3.65134650567876));
#2252=CARTESIAN_POINT('Ctrl Pts',(6.53376990242608,12.699980157,-3.81235380745514));
#2253=CARTESIAN_POINT('Ctrl Pts',(6.70164234068528,12.699980157,-3.97953390715902));
#2254=CARTESIAN_POINT('Ctrl Pts',(6.87001278683235,12.699980157,-4.14720996086946));
#2255=CARTESIAN_POINT('Ctrl Pts',(7.03180191388205,12.699980157,-4.32109588571062));
#2256=CARTESIAN_POINT('Ctrl Pts',(7.18660572044709,12.699980157,-4.50086106891671));
#2257=CARTESIAN_POINT('Ctrl Pts',(7.25971097054101,12.699980157,-4.58575419246493));
#2258=CARTESIAN_POINT('Ctrl Pts',(7.33125793337969,12.699980157,-4.67195907440245));
#2259=CARTESIAN_POINT('Ctrl Pts',(7.40120135027893,12.699980157,-4.75944390130881));
#2260=CARTESIAN_POINT('Ctrl Pts',(7.54912805181371,12.699980157,-4.94446977582736));
#2261=CARTESIAN_POINT('Ctrl Pts',(7.68988488564459,12.699980157,-5.13521888396718));
#2262=CARTESIAN_POINT('Ctrl Pts',(7.82328247809063,12.699980157,-5.3312105652636));
#2263=CARTESIAN_POINT('Ctrl Pts',(7.95677600212616,12.699980157,-5.52734319208361));
#2264=CARTESIAN_POINT('Ctrl Pts',(8.08289999696156,12.699980157,-5.72872652822778));
#2265=CARTESIAN_POINT('Ctrl Pts',(8.20141973616763,12.699980157,-5.93490522011637));
#2266=CARTESIAN_POINT('Ctrl Pts',(8.24288335580126,12.699980157,-6.00703594630844));
#2267=CARTESIAN_POINT('Ctrl Pts',(8.28341585196443,12.699980157,-6.07975377957367));
#2268=CARTESIAN_POINT('Ctrl Pts',(8.32300576986729,12.699980157,-6.15303977569179));
#2269=CARTESIAN_POINT('Ctrl Pts',(8.3445215151361,12.699980157,-6.19286816907511));
#2270=CARTESIAN_POINT('Ctrl Pts',(8.36575885267792,12.699980157,-6.23286437615195));
#2271=CARTESIAN_POINT('Ctrl Pts',(8.3867158493696,12.699980157,-6.27302538332786));
#2272=CARTESIAN_POINT('Ctrl Pts',(8.39882692540039,12.699980157,-6.29623448234792));
#2273=CARTESIAN_POINT('Ctrl Pts',(8.41084395771009,12.699980157,-6.31949790002017));
#2274=CARTESIAN_POINT('Ctrl Pts',(8.42276063117352,12.699980157,-6.34280316964249));
#2275=CARTESIAN_POINT('Ctrl Pts',(8.53129714411676,12.699980157,-6.55506649176587));
#2276=CARTESIAN_POINT('Ctrl Pts',(8.63164638612007,12.699980157,-6.77105540702267));
#2277=CARTESIAN_POINT('Ctrl Pts',(8.72367107927771,12.699980157,-6.99025603371132));
#2278=CARTESIAN_POINT('Ctrl Pts',(8.81611654575159,12.699980157,-7.21045893241468));
#2279=CARTESIAN_POINT('Ctrl Pts',(8.90016146643086,12.699980157,-7.43390357333615));
#2280=CARTESIAN_POINT('Ctrl Pts',(8.97562334405275,12.699980157,-7.66009934006561));
#2281=CARTESIAN_POINT('Ctrl Pts',(9.05072634060682,12.699980157,-7.88521936655564));
#2282=CARTESIAN_POINT('Ctrl Pts',(9.11732797843186,12.699980157,-8.11306503219541));
#2283=CARTESIAN_POINT('Ctrl Pts',(9.17520156884304,12.699980157,-8.34317353884629));
#2284=CARTESIAN_POINT('Ctrl Pts',(9.22576654583903,12.699980157,-8.54422260566098));
#2285=CARTESIAN_POINT('Ctrl Pts',(9.26966815329572,12.699980157,-8.74699962932696));
#2286=CARTESIAN_POINT('Ctrl Pts',(9.30672349514969,12.699980157,-8.95120354853929));
#2287=CARTESIAN_POINT('Ctrl Pts',(9.34045013187604,12.699980157,-9.13706369870369));
#2288=CARTESIAN_POINT('Ctrl Pts',(9.36850483971049,12.699980157,-9.32410617713032));
#2289=CARTESIAN_POINT('Ctrl Pts',(9.39089359839994,12.699980157,-9.51207739696363));
#2290=CARTESIAN_POINT('Ctrl Pts',(9.39704954191396,12.699980157,-9.56376137943027));
#2291=CARTESIAN_POINT('Ctrl Pts',(9.4027770126642,12.699980157,-9.61551557388937));
#2292=CARTESIAN_POINT('Ctrl Pts',(9.40807586277439,12.699980157,-9.66733469499697));
#2293=CARTESIAN_POINT('Ctrl Pts',(9.41151364147697,12.699980157,-9.70095381371619));
#2294=CARTESIAN_POINT('Ctrl Pts',(9.41477100570363,12.699980157,-9.73460026070597));
#2295=CARTESIAN_POINT('Ctrl Pts',(9.41784788866833,12.699980157,-9.76827258941049));
#2296=CARTESIAN_POINT('Ctrl Pts',(9.42021746351834,12.699980157,-9.79420438602244));
#2297=CARTESIAN_POINT('Ctrl Pts',(9.42247989521947,12.699980157,-9.82015082169391));
#2298=CARTESIAN_POINT('Ctrl Pts',(9.42463418073145,12.699980157,-9.84609808664686));
#2299=CARTESIAN_POINT('Ctrl Pts',(9.44422448144073,12.699980157,-10.0820532189556));
#2300=CARTESIAN_POINT('Ctrl Pts',(9.45490243295559,12.699980157,-10.3183594185242));
#2301=CARTESIAN_POINT('Ctrl Pts',(9.45680489535532,12.699980157,-10.554506051111));
#2302=CARTESIAN_POINT('Ctrl Pts',(9.45876937632944,12.699980157,-10.7983508529253));
#2303=CARTESIAN_POINT('Ctrl Pts',(9.45137713295142,12.699980157,-11.0420261492613));
#2304=CARTESIAN_POINT('Ctrl Pts',(9.43472315647236,12.699980157,-11.2849821236186));
#2305=CARTESIAN_POINT('Ctrl Pts',(9.41834532650803,12.699980157,-11.5239095438564));
#2306=CARTESIAN_POINT('Ctrl Pts',(9.39301017143759,12.699980157,-11.7621419921097));
#2307=CARTESIAN_POINT('Ctrl Pts',(9.35875539101758,12.699980157,-11.9991582382142));
#2308=CARTESIAN_POINT('Ctrl Pts',(9.32363425605794,12.699980157,-12.2421689790509));
#2309=CARTESIAN_POINT('Ctrl Pts',(9.27913680863234,12.699980157,-12.4839019946826));
#2310=CARTESIAN_POINT('Ctrl Pts',(9.22524729486597,12.699980157,-12.7237861813522));
#2311=CARTESIAN_POINT('Ctrl Pts',(9.17135778109959,12.699980157,-12.9636703680217));
#2312=CARTESIAN_POINT('Ctrl Pts',(9.1080761814339,12.699980157,-13.2017065005979));
#2313=CARTESIAN_POINT('Ctrl Pts',(9.03533004411341,12.699980157,-13.4373025962113));
#2314=CARTESIAN_POINT('Ctrl Pts',(8.52735338984818,14.8624783236398,-14.0322926858666));
#2315=CARTESIAN_POINT('Ctrl Pts',(9.062566702496,14.8503981343752,-12.7378275453151));
#2316=CARTESIAN_POINT('Ctrl Pts',(9.2997586693333,14.8383179451107,-11.3194840858783));
#2317=CARTESIAN_POINT('Ctrl Pts',(9.21197432115528,14.8262377558462,-9.92154773779522));
#2318=CARTESIAN_POINT('Ctrl Pts',(9.11659719897125,14.8131127089397,-8.40269900628502));
#2319=CARTESIAN_POINT('Ctrl Pts',(8.6375959075275,14.7999876620333,-6.9079402184979));
#2320=CARTESIAN_POINT('Ctrl Pts',(7.83242069225107,14.7868626151268,-5.61654905824291));
#2321=CARTESIAN_POINT('Ctrl Pts',(7.02724547697463,14.7737375682204,-4.32515789798791));
#2322=CARTESIAN_POINT('Ctrl Pts',(5.89589633786551,14.7606125213139,-3.23713436526503));
#2323=CARTESIAN_POINT('Ctrl Pts',(4.57406450508758,14.7474874744074,-2.48297333264597));
#2324=CARTESIAN_POINT('Ctrl Pts',(3.25223267230965,14.734362427501,-1.72881230002691));
#2325=CARTESIAN_POINT('Ctrl Pts',(1.7399181458629,14.7212373805945,-1.30851376751167));
#2326=CARTESIAN_POINT('Ctrl Pts',(0.218504213906374,14.7081123336881,-1.27248730524458));
#2327=CARTESIAN_POINT('Ctrl Pts',(-1.30290971805015,14.6949872867816,-1.2364608429775));
#2328=CARTESIAN_POINT('Ctrl Pts',(-2.83342305551645,14.6818622398752,-1.58470645095856));
#2329=CARTESIAN_POINT('Ctrl Pts',(-4.18946979269281,14.6687371929687,-2.27545640839975));
#2330=CARTESIAN_POINT('Ctrl Pts',(-5.54551652986916,14.6556121460622,-2.96620636584094));
#2331=CARTESIAN_POINT('Ctrl Pts',(-6.72709666675557,14.6424870991558,-3.99946067274225));
#2332=CARTESIAN_POINT('Ctrl Pts',(-7.59249438625628,14.6293620522493,-5.25129334726351));
#2333=CARTESIAN_POINT('Ctrl Pts',(-8.45789210575698,14.6162370053429,-6.50312602178476));
#2334=CARTESIAN_POINT('Ctrl Pts',(-9.00710740787199,14.6031119584364,-7.97353706392595));
#2335=CARTESIAN_POINT('Ctrl Pts',(-9.17426875980356,14.58998691153,-9.4861689887296));
#2336=CARTESIAN_POINT('Ctrl Pts',(-9.34143011173513,14.5768618646235,-10.9988009135333));
#2337=CARTESIAN_POINT('Ctrl Pts',(-9.12653751348327,14.563736817717,-12.5536537209994));
#2338=CARTESIAN_POINT('Ctrl Pts',(-8.55536465482903,14.5506117708106,-13.9642421879889));
#2339=CARTESIAN_POINT('Ctrl Pts',(-7.98419179617479,14.5374867239041,-15.3748306549785));
#2340=CARTESIAN_POINT('Ctrl Pts',(-7.05673867711818,14.5243616769977,-16.6411547814915));
#2341=CARTESIAN_POINT('Ctrl Pts',(-5.88424174459559,14.5112366300912,-17.6113347652358));
#2342=CARTESIAN_POINT('Ctrl Pts',(-4.71174481207301,14.4981115831847,-18.58151474898));
#2343=CARTESIAN_POINT('Ctrl Pts',(-3.29420406608446,14.4849865362783,-19.2555505899554));
#2344=CARTESIAN_POINT('Ctrl Pts',(-1.80163585852806,14.4718614893718,-19.5526000865336));
#2345=CARTESIAN_POINT('Ctrl Pts',(-0.309067650971674,14.4587364424654,-19.8496495831117));
#2346=CARTESIAN_POINT('Ctrl Pts',(1.25852801815257,14.4456113955589,-19.7697127352925));
#2347=CARTESIAN_POINT('Ctrl Pts',(2.71313757834406,14.4324863486525,-19.3223769720902));
#2348=CARTESIAN_POINT('Ctrl Pts',(4.16774713853558,14.419361301746,-18.8750412088878));
#2349=CARTESIAN_POINT('Ctrl Pts',(5.50937058979435,14.4062362548395,-18.0603065303023));
#2350=CARTESIAN_POINT('Ctrl Pts',(6.57709691388047,14.3931112079331,-16.9758902105788));
#2351=CARTESIAN_POINT('Ctrl Pts',(7.40776155012248,14.382900246502,-16.1322411710845));
#2352=CARTESIAN_POINT('Ctrl Pts',(8.07265119257836,14.3726892850709,-15.1253685416045));
#2353=CARTESIAN_POINT('Ctrl Pts',(8.52693472783393,14.3624783236398,-14.0317443384021));
#2354=CARTESIAN_POINT('Ctrl Pts',(-0.0013948081435311,15.299980157,-20.0000197406058));
#2355=CARTESIAN_POINT('Ctrl Pts',(0.235313873016867,15.299980157,-19.9966201772443));
#2356=CARTESIAN_POINT('Ctrl Pts',(0.471442896020235,15.299980157,-19.9842132684379));
#2357=CARTESIAN_POINT('Ctrl Pts',(0.706520410827004,15.299980157,-19.9630293116516));
#2358=CARTESIAN_POINT('Ctrl Pts',(0.944349892480704,15.299980157,-19.9415973619987));
#2359=CARTESIAN_POINT('Ctrl Pts',(1.18110372301823,15.299980157,-19.911181571341));
#2360=CARTESIAN_POINT('Ctrl Pts',(1.41629554227442,15.299980157,-19.8719667828941));
#2361=CARTESIAN_POINT('Ctrl Pts',(1.65262822913802,15.299980157,-19.8325617714963));
#2362=CARTESIAN_POINT('Ctrl Pts',(1.88738436075417,15.299980157,-19.7842720462045));
#2363=CARTESIAN_POINT('Ctrl Pts',(2.12006314219519,15.299980157,-19.7272331810322));
#2364=CARTESIAN_POINT('Ctrl Pts',(2.3510956553075,15.299980157,-19.6705978819979));
#2365=CARTESIAN_POINT('Ctrl Pts',(2.58008072066412,15.299980157,-19.6053365821842));
#2366=CARTESIAN_POINT('Ctrl Pts',(2.80651152675867,15.299980157,-19.5315338249496));
#2367=CARTESIAN_POINT('Ctrl Pts',(2.95107605967542,15.299980157,-19.4844145247465));
#2368=CARTESIAN_POINT('Ctrl Pts',(3.09459907250001,15.299980157,-19.4338126223466));
#2369=CARTESIAN_POINT('Ctrl Pts',(3.23694336138948,15.299980157,-19.3797403561864));
#2370=CARTESIAN_POINT('Ctrl Pts',(3.29773942112032,15.299980157,-19.356645782116));
#2371=CARTESIAN_POINT('Ctrl Pts',(3.35832039942654,15.299980157,-19.3329180541904));
#2372=CARTESIAN_POINT('Ctrl Pts',(3.41867532056293,15.299980157,-19.3085577168086));
#2373=CARTESIAN_POINT('Ctrl Pts',(3.46003689049747,15.299980157,-19.2918634393699));
#2374=CARTESIAN_POINT('Ctrl Pts',(3.5012922903965,15.299980157,-19.2748720557263));
#2375=CARTESIAN_POINT('Ctrl Pts',(3.54243793619137,15.299980157,-19.2575836759029));
#2376=CARTESIAN_POINT('Ctrl Pts',(3.57342169517626,15.299980157,-19.2445650688708));
#2377=CARTESIAN_POINT('Ctrl Pts',(3.60434634854985,15.299980157,-19.2313766337543));
#2378=CARTESIAN_POINT('Ctrl Pts',(3.63518666836739,15.299980157,-19.2180288285771));
#2379=CARTESIAN_POINT('Ctrl Pts',(3.8546562232983,15.299980157,-19.1230415885325));
#2380=CARTESIAN_POINT('Ctrl Pts',(4.0700922756328,15.299980157,-19.0198904944868));
#2381=CARTESIAN_POINT('Ctrl Pts',(4.28101567714457,15.299980157,-18.908738705333));
#2382=CARTESIAN_POINT('Ctrl Pts',(4.34708077213856,15.299980157,-18.8739239173268));
#2383=CARTESIAN_POINT('Ctrl Pts',(4.4127030460437,15.299980157,-18.8383238446956));
#2384=CARTESIAN_POINT('Ctrl Pts',(4.47786744277389,15.299980157,-18.8019425032339));
#2385=CARTESIAN_POINT('Ctrl Pts',(4.6851578570923,15.299980157,-18.6862120779793));
#2386=CARTESIAN_POINT('Ctrl Pts',(4.88781694428724,15.299980157,-18.5625795010532));
#2387=CARTESIAN_POINT('Ctrl Pts',(5.08549889479873,15.299980157,-18.4314431899325));
#2388=CARTESIAN_POINT('Ctrl Pts',(5.28416037490148,15.299980157,-18.2996570880905));
#2389=CARTESIAN_POINT('Ctrl Pts',(5.4777957784854,15.299980157,-18.1602922684864));
#2390=CARTESIAN_POINT('Ctrl Pts',(5.6660241872339,15.299980157,-18.0137097525681));
#2391=CARTESIAN_POINT('Ctrl Pts',(5.85371402667518,15.299980157,-17.8675466464751));
#2392=CARTESIAN_POINT('Ctrl Pts',(6.03602823916664,15.299980157,-17.7142066102581));
#2393=CARTESIAN_POINT('Ctrl Pts',(6.21255220391252,15.299980157,-17.5540115178134));
#2394=CARTESIAN_POINT('Ctrl Pts',(6.29002797093692,15.299980157,-17.4837024372386));
#2395=CARTESIAN_POINT('Ctrl Pts',(6.36638783908159,15.299980157,-17.4120724403195));
#2396=CARTESIAN_POINT('Ctrl Pts',(6.44159413677281,15.299980157,-17.3391468965064));
#2397=CARTESIAN_POINT('Ctrl Pts',(6.48246957832853,15.299980157,-17.2995110695138));
#2398=CARTESIAN_POINT('Ctrl Pts',(6.5230042212418,15.299980157,-17.2594925145676));
#2399=CARTESIAN_POINT('Ctrl Pts',(6.563191800443,15.299980157,-17.2190951826517));
#2400=CARTESIAN_POINT('Ctrl Pts',(6.58683873552652,15.299980157,-17.1953248261299));
#2401=CARTESIAN_POINT('Ctrl Pts',(6.61036786869725,15.299980157,-17.1714208162793));
#2402=CARTESIAN_POINT('Ctrl Pts',(6.63375994894872,15.299980157,-17.1474026108856));
#2403=CARTESIAN_POINT('Ctrl Pts',(6.79983580448303,15.299980157,-16.9768814786781));
#2404=CARTESIAN_POINT('Ctrl Pts',(6.95918663981865,15.299980157,-16.8004289178848));
#2405=CARTESIAN_POINT('Ctrl Pts',(7.11147491135608,15.299980157,-16.6184382843909));
#2406=CARTESIAN_POINT('Ctrl Pts',(7.26372431029171,15.299980157,-16.4364941052257));
#2407=CARTESIAN_POINT('Ctrl Pts',(7.40891521581507,15.299980157,-16.2490141984067));
#2408=CARTESIAN_POINT('Ctrl Pts',(7.54667509979503,15.299980157,-16.0563536470897));
#2409=CARTESIAN_POINT('Ctrl Pts',(7.64354460478588,15.299980157,-15.9208792862078));
#2410=CARTESIAN_POINT('Ctrl Pts',(7.73673906472655,15.299980157,-15.7828425198911));
#2411=CARTESIAN_POINT('Ctrl Pts',(7.8261166263071,15.299980157,-15.6423574843404));
#2412=CARTESIAN_POINT('Ctrl Pts',(7.95347772653377,15.299980157,-15.4421693344658));
#2413=CARTESIAN_POINT('Ctrl Pts',(8.07309047806616,15.299980157,-15.2370104611154));
#2414=CARTESIAN_POINT('Ctrl Pts',(8.18479002447875,15.299980157,-15.0273738231638));
#2415=CARTESIAN_POINT('Ctrl Pts',(8.26125163654963,15.299980157,-14.8838714025927));
#2416=CARTESIAN_POINT('Ctrl Pts',(8.33400431225379,15.299980157,-14.7382702632939));
#2417=CARTESIAN_POINT('Ctrl Pts',(8.40298183710373,15.299980157,-14.5907240102245));
#2418=CARTESIAN_POINT('Ctrl Pts',(8.46366461598573,15.299980157,-14.4609206189117));
#2419=CARTESIAN_POINT('Ctrl Pts',(8.52142545382431,15.299980157,-14.3296117048298));
#2420=CARTESIAN_POINT('Ctrl Pts',(8.5762119795665,15.299980157,-14.1969005260944));
#2421=CARTESIAN_POINT('Ctrl Pts',(8.5881257076223,15.299980157,-14.1680415161098));
#2422=CARTESIAN_POINT('Ctrl Pts',(8.59989941965873,15.299980157,-14.139114407849));
#2423=CARTESIAN_POINT('Ctrl Pts',(8.61152451888771,15.299980157,-14.1101406665295));
#2424=CARTESIAN_POINT('Ctrl Pts',(8.70159497413005,15.299980157,-13.8856541465164));
#2425=CARTESIAN_POINT('Ctrl Pts',(8.78286046450724,15.299980157,-13.6581026532961));
#2426=CARTESIAN_POINT('Ctrl Pts',(8.85521973816942,15.299980157,-13.4280342332173));
#2427=CARTESIAN_POINT('Ctrl Pts',(8.92626453021566,15.299980157,-13.2021452457571));
#2428=CARTESIAN_POINT('Ctrl Pts',(8.98872378976739,15.299980157,-12.9738292058081));
#2429=CARTESIAN_POINT('Ctrl Pts',(9.04245335309381,15.299980157,-12.7435826391502));
#2430=CARTESIAN_POINT('Ctrl Pts',(9.09767408532631,15.299980157,-12.5069459866685));
#2431=CARTESIAN_POINT('Ctrl Pts',(9.14367431010916,15.299980157,-12.2682695157196));
#2432=CARTESIAN_POINT('Ctrl Pts',(9.1802416248322,15.299980157,-12.0280788944336));
#2433=CARTESIAN_POINT('Ctrl Pts',(9.21680893955524,15.299980157,-11.7878882731476));
#2434=CARTESIAN_POINT('Ctrl Pts',(9.24394358295672,15.299980157,-11.54618276773));
#2435=CARTESIAN_POINT('Ctrl Pts',(9.26137304219053,15.299980157,-11.3034854464284));
#2436=CARTESIAN_POINT('Ctrl Pts',(9.27459380277666,15.299980157,-11.1193923465349));
#2437=CARTESIAN_POINT('Ctrl Pts',(9.28222910872083,15.299980157,-10.9347284358342));
#2438=CARTESIAN_POINT('Ctrl Pts',(9.28429794002885,15.299980157,-10.7497395816625));
#2439=CARTESIAN_POINT('Ctrl Pts',(9.28467331498476,15.299980157,-10.7161746492733));
#2440=CARTESIAN_POINT('Ctrl Pts',(9.28486538294444,15.299980157,-10.6825990316347));
#2441=CARTESIAN_POINT('Ctrl Pts',(9.28487419110646,15.299980157,-10.6490142156577));
#2442=CARTESIAN_POINT('Ctrl Pts',(9.28488190183362,15.299980157,-10.6196138308464));
#2443=CARTESIAN_POINT('Ctrl Pts',(9.28474913581173,15.299980157,-10.5902082036182));
#2444=CARTESIAN_POINT('Ctrl Pts',(9.28447618351676,15.299980157,-10.5608100082823));
#2445=CARTESIAN_POINT('Ctrl Pts',(9.28229073122516,15.299980157,-10.3254269228499));
#2446=CARTESIAN_POINT('Ctrl Pts',(9.27112305735991,15.299980157,-10.0903133035747));
#2447=CARTESIAN_POINT('Ctrl Pts',(9.25110387111562,15.299980157,-9.85597608683929));
#2448=CARTESIAN_POINT('Ctrl Pts',(9.23102088208883,15.299980157,-9.62089201824446));
#2449=CARTESIAN_POINT('Ctrl Pts',(9.20202976685404,15.299980157,-9.38658864204996));
#2450=CARTESIAN_POINT('Ctrl Pts',(9.16421048990764,15.299980157,-9.15358295343631));
#2451=CARTESIAN_POINT('Ctrl Pts',(9.14854947184025,15.299980157,-9.05709495594358));
#2452=CARTESIAN_POINT('Ctrl Pts',(9.13137399490241,15.299980157,-8.9608296046588));
#2453=CARTESIAN_POINT('Ctrl Pts',(9.11268720083875,15.299980157,-8.86482428659457));
#2454=CARTESIAN_POINT('Ctrl Pts',(9.10598750463509,15.299980157,-8.83040391128699));
#2455=CARTESIAN_POINT('Ctrl Pts',(9.09909352901245,15.299980157,-8.79601696559593));
#2456=CARTESIAN_POINT('Ctrl Pts',(9.09200537308809,15.299980157,-8.76166518959763));
#2457=CARTESIAN_POINT('Ctrl Pts',(9.08439457639023,15.299980157,-8.72478050673739));
#2458=CARTESIAN_POINT('Ctrl Pts',(9.07656178817597,15.299980157,-8.6879455486511));
#2459=CARTESIAN_POINT('Ctrl Pts',(9.06850820053424,15.299980157,-8.65116572610012));
#2460=CARTESIAN_POINT('Ctrl Pts',(9.01812660102064,15.299980157,-8.42107866771356));
#2461=CARTESIAN_POINT('Ctrl Pts',(8.95909941076467,15.299980157,-8.19310600140891));
#2462=CARTESIAN_POINT('Ctrl Pts',(8.89151992076867,15.299980157,-7.96775821080553));
#2463=CARTESIAN_POINT('Ctrl Pts',(8.82453067411508,15.299980157,-7.74437862139953));
#2464=CARTESIAN_POINT('Ctrl Pts',(8.74913767139814,15.299980157,-7.52357763802339));
#2465=CARTESIAN_POINT('Ctrl Pts',(8.66538345836226,15.299980157,-7.30586837348052));
#2466=CARTESIAN_POINT('Ctrl Pts',(8.62171804987938,15.299980157,-7.19236525976014));
#2467=CARTESIAN_POINT('Ctrl Pts',(8.57577921834006,15.299980157,-7.07970281859456));
#2468=CARTESIAN_POINT('Ctrl Pts',(8.52756797261032,15.299980157,-6.96795634818302));
#2469=CARTESIAN_POINT('Origin',(0.,14.299980157,-10.500019843));
#2470=CARTESIAN_POINT('',(8.31491579260158,12.699980157,-13.9441707342858));
#2471=CARTESIAN_POINT('Origin',(0.,12.699980157,-10.500019843));
#2472=CARTESIAN_POINT('',(8.31491579260159,9.29947732249443,-13.9441707342858));
#2473=CARTESIAN_POINT('',(8.31491579260158,14.299980157,-13.9441707342858));
#2474=CARTESIAN_POINT('',(8.31491579260159,5.80048299150558,-13.9441707342858));
#2475=CARTESIAN_POINT('Ctrl Pts',(8.31491579260159,9.29947732249443,-13.9441707342858));
#2476=CARTESIAN_POINT('Ctrl Pts',(8.39447855790418,9.29449224028657,-13.7520892272324));
#2477=CARTESIAN_POINT('Ctrl Pts',(8.47090502496891,9.25020905750258,-13.5471032177777));
#2478=CARTESIAN_POINT('Ctrl Pts',(8.60363192514255,9.07713644177415,-13.1503371509085));
#2479=CARTESIAN_POINT('Ctrl Pts',(8.65855674689841,8.94256236557996,-12.9604815449055));
#2480=CARTESIAN_POINT('Ctrl Pts',(8.73885599164335,8.63243338073756,-12.6580026852964));
#2481=CARTESIAN_POINT('Ctrl Pts',(8.76968789474464,8.43599327106818,-12.5250674889291));
#2482=CARTESIAN_POINT('Ctrl Pts',(8.80875774315898,8.00495818807799,-12.3477294777777));
#2483=CARTESIAN_POINT('Ctrl Pts',(8.8174432436185,7.77031504959977,-12.3035426860953));
#2484=CARTESIAN_POINT('Ctrl Pts',(8.8174432436185,7.549980157,-12.3035426860953));
#2485=CARTESIAN_POINT('Ctrl Pts',(8.8174432436185,7.32964526440023,-12.3035426860953));
#2486=CARTESIAN_POINT('Ctrl Pts',(8.80875774315898,7.09500212592201,-12.3477294777777));
#2487=CARTESIAN_POINT('Ctrl Pts',(8.76968789474464,6.66396704293183,-12.5250674889291));
#2488=CARTESIAN_POINT('Ctrl Pts',(8.73885599164335,6.46752693326244,-12.6580026852964));
#2489=CARTESIAN_POINT('Ctrl Pts',(8.65855674689841,6.15739794842004,-12.9604815449055));
#2490=CARTESIAN_POINT('Ctrl Pts',(8.60363192514255,6.02282387222585,-13.1503371509085));
#2491=CARTESIAN_POINT('Ctrl Pts',(8.47090502496891,5.84975125649742,-13.5471032177777));
#2492=CARTESIAN_POINT('Ctrl Pts',(8.39447855790418,5.80546807371343,-13.7520892272324));
#2493=CARTESIAN_POINT('Ctrl Pts',(8.31491579260159,5.80048299150558,-13.9441707342858));
#2494=CARTESIAN_POINT('',(8.31491579260158,0.999980157000002,-13.9441707342858));
#2495=CARTESIAN_POINT('',(8.31491579260158,14.299980157,-13.9441707342858));
#2496=CARTESIAN_POINT('',(-8.31491579260158,0.999980157000003,-7.05586895171419));
#2497=CARTESIAN_POINT('Origin',(0.,0.999980157000002,-10.500019843));
#2498=CARTESIAN_POINT('Origin',(0.,0.999980157000002,-10.500019843));
#2499=CARTESIAN_POINT('',(8.2088070992662,9.285362653,-14.1899366442778));
#2500=CARTESIAN_POINT('Ctrl Pts',(8.31491579260159,5.80048299150558,-13.9441707342858));
#2501=CARTESIAN_POINT('Ctrl Pts',(8.30954493765099,5.80014647538081,-13.9571371251491));
#2502=CARTESIAN_POINT('Ctrl Pts',(8.30416251549151,5.799980157,-13.9700456224624));
#2503=CARTESIAN_POINT('Ctrl Pts',(8.21347541931251,5.799980157,-14.1861294420619));
#2504=CARTESIAN_POINT('Ctrl Pts',(8.1144205853608,5.84415669122765,-14.3991116192037));
#2505=CARTESIAN_POINT('Ctrl Pts',(7.917848710211,6.02297453197729,-14.7842245440276));
#2506=CARTESIAN_POINT('Ctrl Pts',(7.8207224429191,6.15758371002419,-14.9565695415798));
#2507=CARTESIAN_POINT('Ctrl Pts',(7.66093190493077,6.46768718188435,-15.2259740870047));
#2508=CARTESIAN_POINT('Ctrl Pts',(7.58755803389166,6.66405500581673,-15.3412212102772));
#2509=CARTESIAN_POINT('Ctrl Pts',(7.48819825726323,7.09499907891435,-15.4935310922513));
#2510=CARTESIAN_POINT('Ctrl Pts',(7.46268629951102,7.32962690400339,-15.5307566871502));
#2511=CARTESIAN_POINT('Ctrl Pts',(7.46268629951102,7.77033340999661,-15.5307566871502));
#2512=CARTESIAN_POINT('Ctrl Pts',(7.48819825726323,8.00496123508565,-15.4935310922513));
#2513=CARTESIAN_POINT('Ctrl Pts',(7.58755803389166,8.43590530818327,-15.3412212102772));
#2514=CARTESIAN_POINT('Ctrl Pts',(7.66093190493077,8.63227313211566,-15.2259740870047));
#2515=CARTESIAN_POINT('Ctrl Pts',(7.8207224429191,8.94237660397582,-14.9565695415798));
#2516=CARTESIAN_POINT('Ctrl Pts',(7.917848710211,9.07698578202271,-14.7842245440276));
#2517=CARTESIAN_POINT('Ctrl Pts',(8.08140745842311,9.22577218480141,-14.4637891416767));
#2518=CARTESIAN_POINT('Ctrl Pts',(8.14716998589938,9.26581733620428,-14.3270582121566));
#2519=CARTESIAN_POINT('Ctrl Pts',(8.20880709962559,9.2853626526154,-14.1899366443841));
#2520=CARTESIAN_POINT('',(8.29877251810413,9.299980157,-13.982888587693));
#2521=CARTESIAN_POINT('Ctrl Pts',(8.20880709962559,9.2853626526154,-14.1899366443841));
#2522=CARTESIAN_POINT('Ctrl Pts',(8.23998139470576,9.2952481164926,-14.1205844642255));
#2523=CARTESIAN_POINT('Ctrl Pts',(8.27012219416864,9.299980157,-14.0511548757273));
#2524=CARTESIAN_POINT('Ctrl Pts',(8.29877251810413,9.299980157,-13.982888587693));
#2525=CARTESIAN_POINT('Ctrl Pts',(8.29877251810413,9.299980157,-13.982888587693));
#2526=CARTESIAN_POINT('Ctrl Pts',(8.30416251549151,9.299980157,-13.9700456224624));
#2527=CARTESIAN_POINT('Ctrl Pts',(8.30954493765099,9.29981383861919,-13.9571371251491));
#2528=CARTESIAN_POINT('Ctrl Pts',(8.31491579260159,9.29947732249443,-13.9441707342858));
#2529=CARTESIAN_POINT('',(-8.41195092861291,10.190388765,-7.30016335065783));
#2530=CARTESIAN_POINT('',(-8.25930025206608,10.1937118539406,-6.92455353081328));
#2531=CARTESIAN_POINT('Ctrl Pts',(-8.25930025188969,10.193711854127,-6.92455353087582));
#2532=CARTESIAN_POINT('Ctrl Pts',(-8.18570792975697,10.1811170474306,-6.75455582101996));
#2533=CARTESIAN_POINT('Ctrl Pts',(-8.10670025115528,10.1488360029382,-6.58670308115416));
#2534=CARTESIAN_POINT('Ctrl Pts',(-7.94981743556294,10.0511587233282,-6.27770767744042));
#2535=CARTESIAN_POINT('Ctrl Pts',(-7.87231100203385,9.98863615395664,-6.13534880247331));
#2536=CARTESIAN_POINT('Ctrl Pts',(-7.74248027220291,9.85731848678486,-5.91033067465933));
#2537=CARTESIAN_POINT('Ctrl Pts',(-7.68946226824153,9.79620713180351,-5.82221148393072));
#2538=CARTESIAN_POINT('Ctrl Pts',(-7.52605192138848,9.58310933522954,-5.56010492523144));
#2539=CARTESIAN_POINT('Ctrl Pts',(-7.41964604679306,9.40903223204301,-5.4033585668642));
#2540=CARTESIAN_POINT('Ctrl Pts',(-7.20435965792674,8.94462456762811,-5.1019132930417));
#2541=CARTESIAN_POINT('Ctrl Pts',(-7.10173737937699,8.6360640254939,-4.97050662882842));
#2542=CARTESIAN_POINT('Ctrl Pts',(-7.00939310701081,8.12064298630629,-4.85461109862769));
#2543=CARTESIAN_POINT('Ctrl Pts',(-6.98964956751252,7.95233976346287,-4.83036201534313));
#2544=CARTESIAN_POINT('Ctrl Pts',(-6.96642675145058,7.53077841796594,-4.80182899038248));
#2545=CARTESIAN_POINT('Ctrl Pts',(-6.97531452919449,7.27695000783604,-4.81254169365416));
#2546=CARTESIAN_POINT('Ctrl Pts',(-7.04686811743174,6.70414691824764,-4.90128351836355));
#2547=CARTESIAN_POINT('Ctrl Pts',(-7.12531971220256,6.39394215805547,-4.99893405979493));
#2548=CARTESIAN_POINT('Ctrl Pts',(-7.30462897968711,5.92542388552032,-5.24100079764952));
#2549=CARTESIAN_POINT('Ctrl Pts',(-7.38942446700533,5.75234855297125,-5.3595876411292));
#2550=CARTESIAN_POINT('Ctrl Pts',(-7.64835098084741,5.32494470310203,-5.74686334011559));
#2551=CARTESIAN_POINT('Ctrl Pts',(-7.80625867386127,5.16747271879361,-6.01448767916359));
#2552=CARTESIAN_POINT('Ctrl Pts',(-7.9573007471421,5.04637960103978,-6.29437698771353));
#2553=CARTESIAN_POINT('Ctrl Pts',(-7.99378724544542,5.02065331130492,-6.36410337188624));
#2554=CARTESIAN_POINT('Ctrl Pts',(-8.12850936338887,4.93841997413083,-6.630278926303));
#2555=CARTESIAN_POINT('Ctrl Pts',(-8.22378643465344,4.90551222374177,-6.83661314676542));
#2556=CARTESIAN_POINT('Ctrl Pts',(-8.38658529026661,4.89659384200091,-7.22827255354223));
#2557=CARTESIAN_POINT('Ctrl Pts',(-8.45558587194507,4.9142743346412,-7.41130750522783));
#2558=CARTESIAN_POINT('Ctrl Pts',(-8.60457673861796,5.00701275641133,-7.84794252624367));
#2559=CARTESIAN_POINT('Ctrl Pts',(-8.67838304868002,5.10087762688059,-8.10213519184909));
#2560=CARTESIAN_POINT('Ctrl Pts',(-8.79402210010523,5.37272493089197,-8.57175270945958));
#2561=CARTESIAN_POINT('Ctrl Pts',(-8.83577279629935,5.53719720734596,-8.77893266374259));
#2562=CARTESIAN_POINT('Ctrl Pts',(-8.89181364508016,5.88158585291733,-9.10117091611097));
#2563=CARTESIAN_POINT('Ctrl Pts',(-8.90991535049807,6.05144577343864,-9.22558021486171));
#2564=CARTESIAN_POINT('Ctrl Pts',(-8.94511729079468,6.52462798097804,-9.49372651183655));
#2565=CARTESIAN_POINT('Ctrl Pts',(-8.95528555444128,6.8451446462093,-9.60276477196336));
#2566=CARTESIAN_POINT('Ctrl Pts',(-8.96289648717347,7.41455196071631,-9.68294361178634));
#2567=CARTESIAN_POINT('Ctrl Pts',(-8.96299339081775,7.6556909932554,-9.68412026755529));
#2568=CARTESIAN_POINT('Ctrl Pts',(-8.95711394980076,8.13810947729728,-9.62188455217372));
#2569=CARTESIAN_POINT('Ctrl Pts',(-8.95092915520477,8.37745241203876,-9.55635082766342));
#2570=CARTESIAN_POINT('Ctrl Pts',(-8.92386938257989,8.91821921799768,-9.32402312792902));
#2571=CARTESIAN_POINT('Ctrl Pts',(-8.89858848384799,9.20219191057499,-9.13075405173405));
#2572=CARTESIAN_POINT('Ctrl Pts',(-8.80801077850833,9.6977983011925,-8.63252067896035));
#2573=CARTESIAN_POINT('Ctrl Pts',(-8.74861525793255,9.84535522160542,-8.38046746686247));
#2574=CARTESIAN_POINT('Ctrl Pts',(-8.61453689116492,10.1013231549628,-7.87067472271136));
#2575=CARTESIAN_POINT('Ctrl Pts',(-8.50891828265202,10.1678280362687,-7.55507622699904));
#2576=CARTESIAN_POINT('Ctrl Pts',(-8.41195092876942,10.1903887649826,-7.30016335059675));
#2577=CARTESIAN_POINT('Ctrl Pts',(-8.25930025188974,10.193711854127,-6.92455353087594));
#2578=CARTESIAN_POINT('Ctrl Pts',(-8.2861757684507,10.198311409552,-6.9866357717151));
#2579=CARTESIAN_POINT('Ctrl Pts',(-8.31228829861048,10.2002332136231,-7.0488811973255));
#2580=CARTESIAN_POINT('Ctrl Pts',(-8.36307511855417,10.1990995295186,-7.1738245338364));
#2581=CARTESIAN_POINT('Ctrl Pts',(-8.38791654581025,10.1959806799111,-7.23698050144844));
#2582=CARTESIAN_POINT('Ctrl Pts',(-8.41195092876928,10.1903887649827,-7.30016335059637));
#2583=CARTESIAN_POINT('Origin',(0.,-0.600019842999997,-10.500019843));
#2584=CARTESIAN_POINT('',(8.77685555885722,2.199980157,-14.1355124504684));
#2585=CARTESIAN_POINT('Origin',(0.,2.199980157,-10.500019843));
#2586=CARTESIAN_POINT('',(8.77653297096636,5.5008770554477,-14.1353776217774));
#2587=CARTESIAN_POINT('',(8.77685555885722,-0.600019842999998,-14.1355124504684));
#2588=CARTESIAN_POINT('',(8.77632175561149,9.59874545090913,-14.1352916377784));
#2589=CARTESIAN_POINT('Ctrl Pts',(8.77653297096636,5.5008770554477,-14.1353776217774));
#2590=CARTESIAN_POINT('Ctrl Pts',(8.80454358229972,5.50210492657001,-14.0682492677257));
#2591=CARTESIAN_POINT('Ctrl Pts',(8.83172040251378,5.50726941979615,-14.0008378528672));
#2592=CARTESIAN_POINT('Ctrl Pts',(8.85783144932129,5.51648211329718,-13.9334786839995));
#2593=CARTESIAN_POINT('Ctrl Pts',(8.92112664711803,5.53881439517339,-13.7701948467663));
#2594=CARTESIAN_POINT('Ctrl Pts',(8.97800138498929,5.58460157203573,-13.6084404491626));
#2595=CARTESIAN_POINT('Ctrl Pts',(9.02847106857311,5.65100961945794,-13.4533918981594));
#2596=CARTESIAN_POINT('Ctrl Pts',(9.08152015009769,5.72081164062056,-13.2904191462345));
#2597=CARTESIAN_POINT('Ctrl Pts',(9.12749277516642,5.81339608302566,-13.1348553169973));
#2598=CARTESIAN_POINT('Ctrl Pts',(9.16641204474205,5.92543137755944,-12.9927553085938));
#2599=CARTESIAN_POINT('Ctrl Pts',(9.2035662699751,6.03238571181459,-12.8570997380909));
#2600=CARTESIAN_POINT('Ctrl Pts',(9.23429246404767,6.15706610805901,-12.7337151075642));
#2601=CARTESIAN_POINT('Ctrl Pts',(9.25861451018698,6.296543815856,-12.6279013772444));
#2602=CARTESIAN_POINT('Ctrl Pts',(9.28266746783731,6.43447840325013,-12.5232583237928));
#2603=CARTESIAN_POINT('Ctrl Pts',(9.30127422234603,6.58623146219224,-12.4365928642813));
#2604=CARTESIAN_POINT('Ctrl Pts',(9.31501532730222,6.746481479711,-12.3695708307701));
#2605=CARTESIAN_POINT('Ctrl Pts',(9.329902134197,6.92009277758654,-12.296960653222));
#2606=CARTESIAN_POINT('Ctrl Pts',(9.33907813722756,7.10367726219905,-12.2474055866453));
#2607=CARTESIAN_POINT('Ctrl Pts',(9.34327024619892,7.29053214551549,-12.2230293410276));
#2608=CARTESIAN_POINT('Ctrl Pts',(9.34711943693204,7.46210213336951,-12.2006470939579));
#2609=CARTESIAN_POINT('Ctrl Pts',(9.34676653999766,7.63643079781415,-12.1994926336429));
#2610=CARTESIAN_POINT('Ctrl Pts',(9.34276692437098,7.80836595516029,-12.2212194412811));
#2611=CARTESIAN_POINT('Ctrl Pts',(9.33844832066505,7.99401374659873,-12.2446790635905));
#2612=CARTESIAN_POINT('Ctrl Pts',(9.32962238823033,8.17558042682074,-12.2944747381546));
#2613=CARTESIAN_POINT('Ctrl Pts',(9.3152347451134,8.34731988951024,-12.3668490001258));
#2614=CARTESIAN_POINT('Ctrl Pts',(9.29954611536567,8.53458870215123,-12.4457676242606));
#2615=CARTESIAN_POINT('Ctrl Pts',(9.27724434639061,8.71017228252501,-12.5515327380265));
#2616=CARTESIAN_POINT('Ctrl Pts',(9.24695904370683,8.86658444998582,-12.679218359331));
#2617=CARTESIAN_POINT('Ctrl Pts',(9.22542387604352,8.97780546983235,-12.7700126066826));
#2618=CARTESIAN_POINT('Ctrl Pts',(9.19985192938759,9.07933203766045,-12.8718892956125));
#2619=CARTESIAN_POINT('Ctrl Pts',(9.16975008123371,9.16846517018221,-12.9830634862467));
#2620=CARTESIAN_POINT('Ctrl Pts',(9.1391409191485,9.25910048554851,-13.0961113231581));
#2621=CARTESIAN_POINT('Ctrl Pts',(9.10319989115086,9.33649959896115,-13.2183687986107));
#2622=CARTESIAN_POINT('Ctrl Pts',(9.06258651366141,9.39962192450394,-13.3463482454538));
#2623=CARTESIAN_POINT('Ctrl Pts',(9.02294314128004,9.46123664388356,-13.4712710463137));
#2624=CARTESIAN_POINT('Ctrl Pts',(8.97884831702814,9.50924808836695,-13.6016440037197));
#2625=CARTESIAN_POINT('Ctrl Pts',(8.93092762161396,9.54273420021713,-13.7342161013379));
#2626=CARTESIAN_POINT('Ctrl Pts',(8.88300692619978,9.57622031206731,-13.866788198956));
#2627=CARTESIAN_POINT('Ctrl Pts',(8.83126067289863,9.59518062025742,-14.0015577871583));
#2628=CARTESIAN_POINT('Ctrl Pts',(8.77632175561149,9.59874545090913,-14.1352916377784));
#2629=CARTESIAN_POINT('',(8.77685555885722,10.799980157,-14.1355124504684));
#2630=CARTESIAN_POINT('',(8.77685555885722,-0.600019842999998,-14.1355124504684));
#2631=CARTESIAN_POINT('Origin',(0.,10.799980157,-10.500019843));
#2632=CARTESIAN_POINT('',(8.65661216213871,9.583364895,-14.4132111072696));
#2633=CARTESIAN_POINT('Ctrl Pts',(8.77632175561149,9.59874545090913,-14.1352916377784));
#2634=CARTESIAN_POINT('Ctrl Pts',(8.73790693957525,9.60123807945821,-14.2288020584978));
#2635=CARTESIAN_POINT('Ctrl Pts',(8.69793132484864,9.59620464481223,-14.3218064345707));
#2636=CARTESIAN_POINT('Ctrl Pts',(8.65661216213871,9.583364895,-14.4132111072696));
#2637=CARTESIAN_POINT('Ctrl Pts',(8.65661216213871,9.583364895,-14.4132111072696));
#2638=CARTESIAN_POINT('Ctrl Pts',(8.5966844659183,9.56474262446429,-14.545780866659));
#2639=CARTESIAN_POINT('Ctrl Pts',(8.53436242214828,9.52990934409182,-14.6745368110363));
#2640=CARTESIAN_POINT('Ctrl Pts',(8.47178662622692,9.48047693201421,-14.7973548983126));
#2641=CARTESIAN_POINT('Ctrl Pts',(8.40595007997444,9.42846865571184,-14.9265728901023));
#2642=CARTESIAN_POINT('Ctrl Pts',(8.33983320442363,9.36030033118844,-15.0492174422962));
#2643=CARTESIAN_POINT('Ctrl Pts',(8.2759559615371,9.27790222893816,-15.1628028433182));
#2644=CARTESIAN_POINT('Ctrl Pts',(8.2067034527308,9.18857033163247,-15.2859464486006));
#2645=CARTESIAN_POINT('Ctrl Pts',(8.14008421387388,9.0825131780504,-15.3984410621981));
#2646=CARTESIAN_POINT('Ctrl Pts',(8.07932932938757,8.96224880036518,-15.4971186104485));
#2647=CARTESIAN_POINT('Ctrl Pts',(8.05381328254763,8.9117397504322,-15.5385615489793));
#2648=CARTESIAN_POINT('Ctrl Pts',(8.02933177444975,8.85872539335934,-15.5775674392262));
#2649=CARTESIAN_POINT('Ctrl Pts',(8.00612446756458,8.80339481205071,-15.6139023053639));
#2650=CARTESIAN_POINT('Ctrl Pts',(7.9467998923474,8.66195387498631,-15.7067847113146));
#2651=CARTESIAN_POINT('Ctrl Pts',(7.89691807048219,8.50583356607306,-15.7823687115707));
#2652=CARTESIAN_POINT('Ctrl Pts',(7.85824781810638,8.34084761095046,-15.8397780170904));
#2653=CARTESIAN_POINT('Ctrl Pts',(7.81941244722652,8.17515718061948,-15.8974324551878));
#2654=CARTESIAN_POINT('Ctrl Pts',(7.79188454385699,8.00052524909611,-15.9367567258431));
#2655=CARTESIAN_POINT('Ctrl Pts',(7.77744016234638,7.82279059873994,-15.9568714550313));
#2656=CARTESIAN_POINT('Ctrl Pts',(7.76314183679023,7.64685313187539,-15.97678279192));
#2657=CARTESIAN_POINT('Ctrl Pts',(7.76166369129257,7.46787526817336,-15.9778711518428));
#2658=CARTESIAN_POINT('Ctrl Pts',(7.77471437376858,7.29147268215868,-15.9592906752432));
#2659=CARTESIAN_POINT('Ctrl Pts',(7.78734786184384,7.12070920132517,-15.9413041653435));
#2660=CARTESIAN_POINT('Ctrl Pts',(7.81320050055018,6.95344626434848,-15.9049877922343));
#2661=CARTESIAN_POINT('Ctrl Pts',(7.84962057548417,6.79412070728467,-15.8517942688293));
#2662=CARTESIAN_POINT('Ctrl Pts',(7.88944303289089,6.6199108732446,-15.7936313786115));
#2663=CARTESIAN_POINT('Ctrl Pts',(7.94189953377064,6.45519120916925,-15.7152905333333));
#2664=CARTESIAN_POINT('Ctrl Pts',(8.0034808546019,6.30579616039172,-15.6187093900302));
#2665=CARTESIAN_POINT('Ctrl Pts',(8.06105755394251,6.16611624300232,-15.5284088999648));
#2666=CARTESIAN_POINT('Ctrl Pts',(8.1266099942928,6.03983366947046,-15.4221640042536));
#2667=CARTESIAN_POINT('Ctrl Pts',(8.19724313306128,5.93173303247246,-15.3015849757768));
#2668=CARTESIAN_POINT('Ctrl Pts',(8.27152449794659,5.81804896008112,-15.1747779986615));
#2669=CARTESIAN_POINT('Ctrl Pts',(8.35019575082665,5.72522788345782,-15.0319528498716));
#2670=CARTESIAN_POINT('Ctrl Pts',(8.42931119313048,5.65523385388745,-14.8787859877419));
#2671=CARTESIAN_POINT('Ctrl Pts',(8.50203121776674,5.59089789864877,-14.7380006029525));
#2672=CARTESIAN_POINT('Ctrl Pts',(8.57512618636698,5.54584739281942,-14.5884785815745));
#2673=CARTESIAN_POINT('Ctrl Pts',(8.64555236389393,5.52157461410626,-14.4346082177705));
#2674=CARTESIAN_POINT('Ctrl Pts',(8.69056537361343,5.50606062680065,-14.3362617161618));
#2675=CARTESIAN_POINT('Ctrl Pts',(8.7344885684824,5.49903400007664,-14.2361384192569));
#2676=CARTESIAN_POINT('Ctrl Pts',(8.77653297096636,5.5008770554477,-14.1353776217774));
#2677=CARTESIAN_POINT('',(-8.1994609429218,9.543253419,-5.70222449068586));
#2678=CARTESIAN_POINT('',(-8.79282295033091,9.949980157,-6.90331794207271));
#2679=CARTESIAN_POINT('Ctrl Pts',(-8.79282295033091,9.949980157,-6.90331794207271));
#2680=CARTESIAN_POINT('Ctrl Pts',(-8.67825286699165,9.949980157,-6.6232295483287));
#2681=CARTESIAN_POINT('Ctrl Pts',(-8.54165298821731,9.88925675590881,-6.33130196909172));
#2682=CARTESIAN_POINT('Ctrl Pts',(-8.33461996043918,9.70581715144418,-5.93868685305889));
#2683=CARTESIAN_POINT('Ctrl Pts',(-8.26564422530564,9.63031713026575,-5.81533211570363));
#2684=CARTESIAN_POINT('Ctrl Pts',(-8.1994609432318,9.543253418457,-5.70222449092252));
#2685=CARTESIAN_POINT('Ctrl Pts',(-8.1994609432318,9.543253418457,-5.70222449092252));
#2686=CARTESIAN_POINT('Ctrl Pts',(-8.13217375541794,9.45473752524834,-5.58723028463134));
#2687=CARTESIAN_POINT('Ctrl Pts',(-8.06780865439017,9.35425053403399,-5.48282117710655));
#2688=CARTESIAN_POINT('Ctrl Pts',(-7.89331520377629,9.03480789431401,-5.20926121798051));
#2689=CARTESIAN_POINT('Ctrl Pts',(-7.7852410002602,8.76575982233419,-5.05429621702714));
#2690=CARTESIAN_POINT('Ctrl Pts',(-7.63803768934737,8.17479086175578,-4.84968676117347));
#2691=CARTESIAN_POINT('Ctrl Pts',(-7.59979414090775,7.85275257168204,-4.79974537453586));
#2692=CARTESIAN_POINT('Ctrl Pts',(-7.59979414090775,7.549980157,-4.79974537453586));
#2693=CARTESIAN_POINT('Ctrl Pts',(-7.59979414090775,7.24720774231797,-4.79974537453586));
#2694=CARTESIAN_POINT('Ctrl Pts',(-7.63803768934737,6.92516945224423,-4.84968676117347));
#2695=CARTESIAN_POINT('Ctrl Pts',(-7.7852410002602,6.33420049166582,-5.05429621702714));
#2696=CARTESIAN_POINT('Ctrl Pts',(-7.89331520377629,6.06515241968599,-5.20926121798051));
#2697=CARTESIAN_POINT('Ctrl Pts',(-8.1253135874825,5.64043632953388,-5.57297382805671));
#2698=CARTESIAN_POINT('Ctrl Pts',(-8.26484581351274,5.45596586809902,-5.80636794198653));
#2699=CARTESIAN_POINT('Ctrl Pts',(-8.54165298821731,5.2107035580912,-6.33130196909172));
#2700=CARTESIAN_POINT('Ctrl Pts',(-8.67825286699166,5.149980157,-6.6232295483287));
#2701=CARTESIAN_POINT('Ctrl Pts',(-8.90749446819745,5.149980157,-7.18365431184142));
#2702=CARTESIAN_POINT('Ctrl Pts',(-9.01472376421366,5.21079986554157,-7.48788222849846));
#2703=CARTESIAN_POINT('Ctrl Pts',(-9.18528062911198,5.45622326379826,-8.05689943583774));
#2704=CARTESIAN_POINT('Ctrl Pts',(-9.24936043815987,5.64075348288423,-8.32149467168025));
#2705=CARTESIAN_POINT('Ctrl Pts',(-9.3387920995375,6.06542433111363,-8.7440075271166));
#2706=CARTESIAN_POINT('Ctrl Pts',(-9.37031279146434,6.33434832406482,-8.93056785338998));
#2707=CARTESIAN_POINT('Ctrl Pts',(-9.4087134076522,6.92516074005135,-9.18015097592104));
#2708=CARTESIAN_POINT('Ctrl Pts',(-9.41643631211447,7.24717296118108,-9.24275011064662));
#2709=CARTESIAN_POINT('Ctrl Pts',(-9.41643631211447,7.85278735281893,-9.24275011064662));
#2710=CARTESIAN_POINT('Ctrl Pts',(-9.4087134076522,8.17479957394866,-9.18015097592104));
#2711=CARTESIAN_POINT('Ctrl Pts',(-9.37031279146434,8.76561198993519,-8.93056785338998));
#2712=CARTESIAN_POINT('Ctrl Pts',(-9.33879209953749,9.03453598288638,-8.7440075271166));
#2713=CARTESIAN_POINT('Ctrl Pts',(-9.24936043815987,9.45920683111578,-8.32149467168025));
#2714=CARTESIAN_POINT('Ctrl Pts',(-9.18528062911198,9.64373705020174,-8.05689943583774));
#2715=CARTESIAN_POINT('Ctrl Pts',(-9.01472376421366,9.88916044845844,-7.48788222849846));
#2716=CARTESIAN_POINT('Ctrl Pts',(-8.90749446819745,9.949980157,-7.18365431184142));
#2717=CARTESIAN_POINT('Ctrl Pts',(-8.79282295033091,9.949980157,-6.9033179420727));
#2718=CARTESIAN_POINT('Origin',(0.,0.499980157000002,-10.500019843));
#2719=CARTESIAN_POINT('',(8.96163146535948,0.499980157000001,-14.2120491369414));
#2720=CARTESIAN_POINT('Origin',(0.,0.499980157000002,-10.500019843));
#2721=CARTESIAN_POINT('',(-8.77685555885722,0.499980157000003,-6.86452723553165));
#2722=CARTESIAN_POINT('Origin',(0.,0.499980157000002,-10.500019843));
#2723=CARTESIAN_POINT('Origin',(0.,11.199980157,-10.500019843));
#2724=CARTESIAN_POINT('',(9.60834713811738,10.799980157,-14.4799275395969));
#2725=CARTESIAN_POINT('Origin',(0.,10.799980157,-10.500019843));
#2726=CARTESIAN_POINT('',(9.60834713811738,11.199980157,-14.4799275395969));
#2727=CARTESIAN_POINT('',(9.60834713811738,11.199980157,-14.4799275395969));
#2728=CARTESIAN_POINT('Origin',(0.,11.199980157,-10.500019843));
#2729=CARTESIAN_POINT('Origin',(0.,11.199980157,-10.500019843));
#2730=CARTESIAN_POINT('',(9.1926013484873,11.199980157,-14.3077199950326));
#2731=CARTESIAN_POINT('Origin',(0.,11.199980157,-10.500019843));
#2732=CARTESIAN_POINT('Origin',(0.,10.799980157,-10.500019843));
#2733=CARTESIAN_POINT('Origin',(0.,14.299980157,-10.500019843));
#2734=CARTESIAN_POINT('',(9.1926013484873,15.299980157,-14.3077199950326));
#2735=CARTESIAN_POINT('',(9.1926013484873,14.299980157,-14.3077199950326));
#2736=CARTESIAN_POINT('Origin',(0.,15.299980157,-10.500019843));
#2737=CARTESIAN_POINT('Origin',(0.,15.299980157,-10.500019843));
#2738=CARTESIAN_POINT('Origin',(0.,12.699980157,-10.500019843));
#2739=CARTESIAN_POINT('Origin',(0.,14.499980157,-10.500019843));
#2740=CARTESIAN_POINT('Origin',(-17.2741498086296,7.549980157,-3.39023733044621));
#2741=CARTESIAN_POINT('',(-8.56164151198036,9.949980157,-6.99907638105054));
#2742=CARTESIAN_POINT('',(-17.2741498086296,9.949980157,-3.39023733044621));
#2743=CARTESIAN_POINT('',(-8.49550600644362,9.94380478,-6.84023730508262));
#2744=CARTESIAN_POINT('Ctrl Pts',(-8.56164156510427,9.949980157,-6.99907651175391));
#2745=CARTESIAN_POINT('Ctrl Pts',(-8.54039804190034,9.94998015927065,-6.94681002560116));
#2746=CARTESIAN_POINT('Ctrl Pts',(-8.51838143893958,9.94799155671838,-6.89381182499291));
#2747=CARTESIAN_POINT('Ctrl Pts',(-8.49550600608445,9.94380478037798,-6.84023730520644));
#2748=CARTESIAN_POINT('Ctrl Pts',(-8.49550600608445,9.94380478037798,-6.84023730520645));
#2749=CARTESIAN_POINT('Ctrl Pts',(-8.46741669793252,9.93866373438254,-6.7744518300076));
#2750=CARTESIAN_POINT('Ctrl Pts',(-8.43807688571685,9.93021064937513,-6.70777956938841));
#2751=CARTESIAN_POINT('Ctrl Pts',(-8.28420316524855,9.86870580725747,-6.36763172261023));
#2752=CARTESIAN_POINT('Ctrl Pts',(-8.15618256817152,9.76354814095749,-6.11174569953024));
#2753=CARTESIAN_POINT('Ctrl Pts',(-7.96624864733256,9.53076294985734,-5.76961208834051));
#2754=CARTESIAN_POINT('Ctrl Pts',(-7.90377326813881,9.44056701230079,-5.6630504215945));
#2755=CARTESIAN_POINT('Ctrl Pts',(-7.78425073195474,9.23779341869044,-5.46678673874689));
#2756=CARTESIAN_POINT('Ctrl Pts',(-7.72746913100946,9.12519447953674,-5.37779350652395));
#2757=CARTESIAN_POINT('Ctrl Pts',(-7.62248950926735,8.88065772971552,-5.21967411991914));
#2758=CARTESIAN_POINT('Ctrl Pts',(-7.5748825563624,8.7487004141388,-5.15111269922478));
#2759=CARTESIAN_POINT('Ctrl Pts',(-7.45412604215115,8.33624098664325,-4.98126414050327));
#2760=CARTESIAN_POINT('Ctrl Pts',(-7.40327571457332,8.03987774013528,-4.91458027495877));
#2761=CARTESIAN_POINT('Ctrl Pts',(-7.38099325474747,7.58504782209625,-4.88546380292274));
#2762=CARTESIAN_POINT('Ctrl Pts',(-7.38250792355828,7.43363316532909,-4.8876830529433));
#2763=CARTESIAN_POINT('Ctrl Pts',(-7.41443757199336,6.97756004984346,-4.92952600276095));
#2764=CARTESIAN_POINT('Ctrl Pts',(-7.47225789450411,6.68300752259063,-5.00568236485683));
#2765=CARTESIAN_POINT('Ctrl Pts',(-7.64730416732147,6.1301225702937,-5.25444155121233));
#2766=CARTESIAN_POINT('Ctrl Pts',(-7.76536315873283,5.88066667834899,-5.43053745920526));
#2767=CARTESIAN_POINT('Ctrl Pts',(-8.01326886998012,5.49335915388459,-5.84904455675378));
#2768=CARTESIAN_POINT('Ctrl Pts',(-8.14142028859092,5.35168708869845,-6.08228473622785));
#2769=CARTESIAN_POINT('Ctrl Pts',(-8.32864716910665,5.21642525801027,-6.46694502988177));
#2770=CARTESIAN_POINT('Ctrl Pts',(-8.39043630823667,5.18465448971957,-6.60105071576652));
#2771=CARTESIAN_POINT('Ctrl Pts',(-8.51249236137445,5.14845986089972,-6.87875606994501));
#2772=CARTESIAN_POINT('Ctrl Pts',(-8.57272174066814,5.14507387412184,-7.02279786418169));
#2773=CARTESIAN_POINT('Ctrl Pts',(-8.62917176742171,5.15685001814441,-7.16751657731511));
#2774=CARTESIAN_POINT('Ctrl Pts',(-8.70861877788275,5.17342360528256,-7.37119175299593));
#2775=CARTESIAN_POINT('Ctrl Pts',(-8.77993734072234,5.2198327360624,-7.57361316698275));
#2776=CARTESIAN_POINT('Ctrl Pts',(-8.88687864922663,5.34521150993046,-7.9035644564997));
#2777=CARTESIAN_POINT('Ctrl Pts',(-8.9262683245047,5.40956039516639,-8.03421687050037));
#2778=CARTESIAN_POINT('Ctrl Pts',(-8.99594705222394,5.56358867886566,-8.28640023955173));
#2779=CARTESIAN_POINT('Ctrl Pts',(-9.0260918152297,5.65323027555633,-8.40668608301007));
#2780=CARTESIAN_POINT('Ctrl Pts',(-9.07843157297751,5.85511948329957,-8.63178309089648));
#2781=CARTESIAN_POINT('Ctrl Pts',(-9.10033317741648,5.96744794805528,-8.73587509138127));
#2782=CARTESIAN_POINT('Ctrl Pts',(-9.13619597132344,6.21139293480382,-8.92378756822582));
#2783=CARTESIAN_POINT('Ctrl Pts',(-9.15021248903574,6.34302911992269,-9.00683142472039));
#2784=CARTESIAN_POINT('Ctrl Pts',(-9.17211325095941,6.61871375421635,-9.1461817511434));
#2785=CARTESIAN_POINT('Ctrl Pts',(-9.17996167976574,6.76215239875553,-9.20231903679008));
#2786=CARTESIAN_POINT('Ctrl Pts',(-9.19130630373177,7.05543376022529,-9.28553799012103));
#2787=CARTESIAN_POINT('Ctrl Pts',(-9.19479162432675,7.20451273937178,-9.31266270063307));
#2788=CARTESIAN_POINT('Ctrl Pts',(-9.19787204195081,7.50529190287213,-9.33798681489791));
#2789=CARTESIAN_POINT('Ctrl Pts',(-9.19750009273898,7.65622686918434,-9.33597327189177));
#2790=CARTESIAN_POINT('Ctrl Pts',(-9.1934627393934,7.95650332694096,-9.30284176575377));
#2791=CARTESIAN_POINT('Ctrl Pts',(-9.18960650432651,8.10477794549945,-9.2715650353015));
#2792=CARTESIAN_POINT('Ctrl Pts',(-9.17701747399879,8.3969935520563,-9.18056713617558));
#2793=CARTESIAN_POINT('Ctrl Pts',(-9.16825674784737,8.53978561582186,-9.12015400478328));
#2794=CARTESIAN_POINT('Ctrl Pts',(-9.13180400046153,8.96066169543979,-8.8934242548883));
#2795=CARTESIAN_POINT('Ctrl Pts',(-9.09341510594342,9.2110564493549,-8.68559348223816));
#2796=CARTESIAN_POINT('Ctrl Pts',(-8.97533299535079,9.61185949007133,-8.20035530468983));
#2797=CARTESIAN_POINT('Ctrl Pts',(-8.89846619825257,9.76061008386886,-7.92705562267787));
#2798=CARTESIAN_POINT('Ctrl Pts',(-8.77726415329757,9.87228668115903,-7.57058628603768));
#2799=CARTESIAN_POINT('Ctrl Pts',(-8.75264386149247,9.89047511783402,-7.50066898007666));
#2800=CARTESIAN_POINT('Ctrl Pts',(-8.67810152622878,9.93335549468596,-7.29498364066527));
#2801=CARTESIAN_POINT('Ctrl Pts',(-8.62302995112517,9.94998015043839,-7.15011338059628));
#2802=CARTESIAN_POINT('Ctrl Pts',(-8.56164156510427,9.949980157,-6.99907651175391));
#2803=CARTESIAN_POINT('Ctrl Pts',(-8.25198744987896,10.2014488423179,-6.92716391712989));
#2804=CARTESIAN_POINT('Ctrl Pts',(-8.39642543101458,10.2268760628886,-7.26232414776418));
#2805=CARTESIAN_POINT('Ctrl Pts',(-8.52386785162784,10.1746729053456,-7.61258354988565));
#2806=CARTESIAN_POINT('Ctrl Pts',(-8.72114927283818,9.93398878799919,-8.26212116228367));
#2807=CARTESIAN_POINT('Ctrl Pts',(-8.79206037310537,9.74689694664237,-8.56293356873249));
#2808=CARTESIAN_POINT('Ctrl Pts',(-8.88850884298123,9.27899023967148,-9.07163644917619));
#2809=CARTESIAN_POINT('Ctrl Pts',(-8.91447258483427,9.00077896565947,-9.27781135425458));
#2810=CARTESIAN_POINT('Ctrl Pts',(-8.94513352349917,8.39198647576307,-9.57298885341704));
#2811=CARTESIAN_POINT('Ctrl Pts',(-8.9503234122298,8.06063286212806,-9.66169426007389));
#2812=CARTESIAN_POINT('Ctrl Pts',(-8.95331065874394,7.38703105359006,-9.70680390569292));
#2813=CARTESIAN_POINT('Ctrl Pts',(-8.95119406993224,7.04675597156315,-9.66292256348481));
#2814=CARTESIAN_POINT('Ctrl Pts',(-8.93317336770583,6.40616485934235,-9.45036545224397));
#2815=CARTESIAN_POINT('Ctrl Pts',(-8.9167342143289,6.10460113899595,-9.28133995830756));
#2816=CARTESIAN_POINT('Ctrl Pts',(-8.84844290318774,5.5820108458011,-8.84294303584497));
#2817=CARTESIAN_POINT('Ctrl Pts',(-8.79531294746696,5.35710187769215,-8.56987436891943));
#2818=CARTESIAN_POINT('Ctrl Pts',(-8.63449539861789,5.02863571735606,-7.95731698864459));
#2819=CARTESIAN_POINT('Ctrl Pts',(-8.52646993620962,4.92559655508204,-7.61805074270576));
#2820=CARTESIAN_POINT('Ctrl Pts',(-8.26297304590972,4.87251111707431,-6.9354251066218));
#2821=CARTESIAN_POINT('Ctrl Pts',(-8.1094992029512,4.92342648742271,-6.59758389812949));
#2822=CARTESIAN_POINT('Ctrl Pts',(-7.7950870789116,5.16277729057831,-5.99377211810201));
#2823=CARTESIAN_POINT('Ctrl Pts',(-7.63440836659488,5.35036592286996,-5.72764990999621));
#2824=CARTESIAN_POINT('Ctrl Pts',(-7.34741500449675,5.81793523997407,-5.29616386246431));
#2825=CARTESIAN_POINT('Ctrl Pts',(-7.22159827991779,6.09662146193503,-5.13012663293556));
#2826=CARTESIAN_POINT('Ctrl Pts',(-7.03697309719485,6.70668480909335,-4.8971491793653));
#2827=CARTESIAN_POINT('Ctrl Pts',(-6.97874202260805,7.03841402039839,-4.83007077656465));
#2828=CARTESIAN_POINT('Ctrl Pts',(-6.9493485849354,7.71330246806271,-4.79568229786772));
#2829=CARTESIAN_POINT('Ctrl Pts',(-6.97840594920816,8.05359320731422,-4.82846940221074));
#2830=CARTESIAN_POINT('Ctrl Pts',(-7.11426172688792,8.69595832749782,-4.99344001021061));
#2831=CARTESIAN_POINT('Ctrl Pts',(-7.22074331223286,8.9979616387781,-5.12602754482858));
#2832=CARTESIAN_POINT('Ctrl Pts',(-7.478953315874,9.52126052858609,-5.48811430060658));
#2833=CARTESIAN_POINT('Ctrl Pts',(-7.63233356997234,9.74625880316771,-5.72111990973626));
#2834=CARTESIAN_POINT('Ctrl Pts',(-7.94685672199832,10.0740308733567,-6.27299959513784));
#2835=CARTESIAN_POINT('Ctrl Pts',(-8.10754946928452,10.1760216227472,-6.59200368518905));
#2836=CARTESIAN_POINT('Ctrl Pts',(-8.25198744987896,10.2014488423179,-6.92716391712989));
#2837=CARTESIAN_POINT('Ctrl Pts',(-8.49652664731451,9.94272493596736,-6.83987297616135));
#2838=CARTESIAN_POINT('Ctrl Pts',(-8.63063076280808,9.96727357098746,-7.153959373706));
#2839=CARTESIAN_POINT('Ctrl Pts',(-8.75233094450983,9.9159607560381,-7.4812838264789));
#2840=CARTESIAN_POINT('Ctrl Pts',(-8.94503023118286,9.68391031166812,-8.0805624646133));
#2841=CARTESIAN_POINT('Ctrl Pts',(-9.01692779997059,9.50485630944787,-8.35385090561046));
#2842=CARTESIAN_POINT('Ctrl Pts',(-9.11845894956059,9.06903130886585,-8.80703035473506));
#2843=CARTESIAN_POINT('Ctrl Pts',(-9.14855226677235,8.81507764962877,-8.98546176543941));
#2844=CARTESIAN_POINT('Ctrl Pts',(-9.18681634041562,8.2747920841145,-9.23619460012617));
#2845=CARTESIAN_POINT('Ctrl Pts',(-9.19533957861471,7.988131719722,-9.30875431216458));
#2846=CARTESIAN_POINT('Ctrl Pts',(-9.19996682340751,7.41004823753812,-9.34581106051577));
#2847=CARTESIAN_POINT('Ctrl Pts',(-9.19602410399787,7.11914198275125,-9.31037026632456));
#2848=CARTESIAN_POINT('Ctrl Pts',(-9.17148974420923,6.55941553110573,-9.13258670334884));
#2849=CARTESIAN_POINT('Ctrl Pts',(-9.15062748327481,6.28938110791608,-8.9891822409168));
#2850=CARTESIAN_POINT('Ctrl Pts',(-9.07556428108219,5.81029839988044,-8.60469802289949));
#2851=CARTESIAN_POINT('Ctrl Pts',(-9.01998065578485,5.59812971037839,-8.36023318358227));
#2852=CARTESIAN_POINT('Ctrl Pts',(-8.85963470059807,5.28446858963362,-7.80073435393161));
#2853=CARTESIAN_POINT('Ctrl Pts',(-8.75455943534071,5.18388680908432,-7.48597620129539));
#2854=CARTESIAN_POINT('Ctrl Pts',(-8.50574936585981,5.1319741901157,-6.84814140875767));
#2855=CARTESIAN_POINT('Ctrl Pts',(-8.36408378927835,5.18169701977144,-6.53055904808374));
#2856=CARTESIAN_POINT('Ctrl Pts',(-8.081465132781,5.41194406212119,-5.96570361250449));
#2857=CARTESIAN_POINT('Ctrl Pts',(-7.94078351457171,5.59128220278712,-5.71845634869222));
#2858=CARTESIAN_POINT('Ctrl Pts',(-7.69613015128647,6.02665127261133,-5.32264556880738));
#2859=CARTESIAN_POINT('Ctrl Pts',(-7.59262565696527,6.28110128117199,-5.17332310961913));
#2860=CARTESIAN_POINT('Ctrl Pts',(-7.44438535226679,6.82295028484025,-4.96639926759244));
#2861=CARTESIAN_POINT('Ctrl Pts',(-7.39973012230789,7.11033461121172,-4.90835977912974));
#2862=CARTESIAN_POINT('Ctrl Pts',(-7.37709646443161,7.69045635044677,-4.87849929924032));
#2863=CARTESIAN_POINT('Ctrl Pts',(-7.39901878694033,7.98186482200238,-4.90663157853213));
#2864=CARTESIAN_POINT('Ctrl Pts',(-7.50602301400438,8.54379334727892,-5.05161876638809));
#2865=CARTESIAN_POINT('Ctrl Pts',(-7.59150029241775,8.8143928371707,-5.16921975867437));
#2866=CARTESIAN_POINT('Ctrl Pts',(-7.80724473999424,9.29416850494221,-5.49793196711471));
#2867=CARTESIAN_POINT('Ctrl Pts',(-7.93888669132949,9.50631425094305,-5.71241025854424));
#2868=CARTESIAN_POINT('Ctrl Pts',(-8.21670090416717,9.81890567099036,-6.22630429123476));
#2869=CARTESIAN_POINT('Ctrl Pts',(-8.36242253236213,9.91817630194726,-6.52578657731014));
#2870=CARTESIAN_POINT('Ctrl Pts',(-8.49652664731451,9.94272493596736,-6.83987297616135));
#2871=CARTESIAN_POINT('Ctrl Pts',(-8.49550600644362,9.94380478,-6.84023730508263));
#2872=CARTESIAN_POINT('Ctrl Pts',(-8.25930025266686,10.1937118540416,-6.92455353219706));
#2873=CARTESIAN_POINT('Origin',(0.,2.399980157,-10.500019843));
#2874=CARTESIAN_POINT('',(8.96163146535948,2.199980157,-14.2120491369414));
#2875=CARTESIAN_POINT('',(8.96163146535948,2.399980157,-14.2120491369414));
#2876=CARTESIAN_POINT('Origin',(0.,2.199980157,-10.500019843));
#2877=CARTESIAN_POINT('Origin',(0.,2.199980157,-10.500019843));
#2878=CARTESIAN_POINT('Origin',(0.,0.999980157000002,-10.500019843));
#2879=CARTESIAN_POINT('Origin',(-8.77685555885722,0.999980157000003,-6.86452723553165));
#2880=CARTESIAN_POINT('Origin',(-10.2980100074002,7.549980157,-6.27984904912616));
#2881=CARTESIAN_POINT('',(8.48356289675554,9.299980157,-14.0594313017901));
#2882=CARTESIAN_POINT('',(-10.2980100074002,9.299980157,-6.27984904912616));
#2883=CARTESIAN_POINT('',(8.48374861463097,5.79998022786467,-14.0589691399893));
#2884=CARTESIAN_POINT('Ctrl Pts',(8.48356289688788,9.299980157,-14.0594313018456));
#2885=CARTESIAN_POINT('Ctrl Pts',(8.52170059328465,9.2999801587201,-13.9685686243373));
#2886=CARTESIAN_POINT('Ctrl Pts',(8.55837773263247,9.29166412899662,-13.8772144173099));
#2887=CARTESIAN_POINT('Ctrl Pts',(8.65325250745425,9.24648778805464,-13.6299645893689));
#2888=CARTESIAN_POINT('Ctrl Pts',(8.70713470678892,9.19378800857726,-13.4768763676294));
#2889=CARTESIAN_POINT('Ctrl Pts',(8.78731508177164,9.06661978258382,-13.2316862500398));
#2890=CARTESIAN_POINT('Ctrl Pts',(8.81675484071951,9.00406656247384,-13.1358769332012));
#2891=CARTESIAN_POINT('Ctrl Pts',(8.86840974891317,8.86330833274189,-12.9610947106));
#2892=CARTESIAN_POINT('Ctrl Pts',(8.89118605681922,8.78612278596125,-12.8819930594916));
#2893=CARTESIAN_POINT('Ctrl Pts',(8.95030428090834,8.53413386695094,-12.6680898211222));
#2894=CARTESIAN_POINT('Ctrl Pts',(8.97712811737694,8.34016477120623,-12.5566895056944));
#2895=CARTESIAN_POINT('Ctrl Pts',(9.00473956077463,7.98221318919107,-12.4319785428368));
#2896=CARTESIAN_POINT('Ctrl Pts',(9.01102487258244,7.82754439619775,-12.3999295999531));
#2897=CARTESIAN_POINT('Ctrl Pts',(9.0184434877684,7.44065941093125,-12.3741654662957));
#2898=CARTESIAN_POINT('Ctrl Pts',(9.01412278506123,7.21002494877341,-12.404482738353));
#2899=CARTESIAN_POINT('Ctrl Pts',(8.98326173899324,6.82507650070695,-12.5318742723416));
#2900=CARTESIAN_POINT('Ctrl Pts',(8.9624378433997,6.66764490226035,-12.6109606219909));
#2901=CARTESIAN_POINT('Ctrl Pts',(8.91608852537371,6.41906556484848,-12.7861370678902));
#2902=CARTESIAN_POINT('Ctrl Pts',(8.8933491641531,6.32191776282364,-12.8722912859824));
#2903=CARTESIAN_POINT('Ctrl Pts',(8.82298455072125,6.09718623569869,-13.1199113172149));
#2904=CARTESIAN_POINT('Ctrl Pts',(8.76950802077213,5.98806526082118,-13.2938403781636));
#2905=CARTESIAN_POINT('Ctrl Pts',(8.67285069071666,5.87624935695402,-13.5730944687069));
#2906=CARTESIAN_POINT('Ctrl Pts',(8.63807434419334,5.84785999448868,-13.6688080920287));
#2907=CARTESIAN_POINT('Ctrl Pts',(8.56393443420772,5.80966378044297,-13.8630972158642));
#2908=CARTESIAN_POINT('Ctrl Pts',(8.52473175127073,5.80001038299801,-13.9612524081083));
#2909=CARTESIAN_POINT('Ctrl Pts',(8.48374861463097,5.79998022786467,-14.0589691399893));
#2910=CARTESIAN_POINT('',(8.39833047727914,9.28678786026379,-14.2562715901951));
#2911=CARTESIAN_POINT('Ctrl Pts',(8.48374861463097,5.79998022786467,-14.0589691399893));
#2912=CARTESIAN_POINT('Ctrl Pts',(8.43235845556508,5.7999424153099,-14.1814994977533));
#2913=CARTESIAN_POINT('Ctrl Pts',(8.37857516971885,5.81503046169723,-14.3024593015231));
#2914=CARTESIAN_POINT('Ctrl Pts',(8.26863009302649,5.87479268527763,-14.5368269501563));
#2915=CARTESIAN_POINT('Ctrl Pts',(8.2128842415451,5.91923268505232,-14.6493641813638));
#2916=CARTESIAN_POINT('Ctrl Pts',(8.1078367154593,6.03041250753109,-14.8524034556755));
#2917=CARTESIAN_POINT('Ctrl Pts',(8.05859994185686,6.09462879208386,-14.9433972362744));
#2918=CARTESIAN_POINT('Ctrl Pts',(7.96873549393571,6.23770704200385,-15.1052220585657));
#2919=CARTESIAN_POINT('Ctrl Pts',(7.92823508224969,6.31500168735494,-15.1769446294223));
#2920=CARTESIAN_POINT('Ctrl Pts',(7.81714296624903,6.56699823595911,-15.3688613346062));
#2921=CARTESIAN_POINT('Ctrl Pts',(7.75654619350578,6.76079540368627,-15.4659775360308));
#2922=CARTESIAN_POINT('Ctrl Pts',(7.68669085623714,7.12033233033812,-15.5735823615456));
#2923=CARTESIAN_POINT('Ctrl Pts',(7.6681812610769,7.27695837877663,-15.6006458515877));
#2924=CARTESIAN_POINT('Ctrl Pts',(7.65582502953642,7.66580165268688,-15.6229296409887));
#2925=CARTESIAN_POINT('Ctrl Pts',(7.67490707609613,7.89624204989165,-15.5978189369793));
#2926=CARTESIAN_POINT('Ctrl Pts',(7.74413119453136,8.27667889583444,-15.4863186775403));
#2927=CARTESIAN_POINT('Ctrl Pts',(7.78496584245117,8.43034089242986,-15.4176109784839));
#2928=CARTESIAN_POINT('Ctrl Pts',(7.87630225897122,8.67757448569274,-15.2635547471584));
#2929=CARTESIAN_POINT('Ctrl Pts',(7.92241032149725,8.77617876440834,-15.186034530615));
#2930=CARTESIAN_POINT('Ctrl Pts',(8.03728577963925,8.97890178871668,-14.9842650120342));
#2931=CARTESIAN_POINT('Ctrl Pts',(8.10836618084049,9.07398448834806,-14.8540793569591));
#2932=CARTESIAN_POINT('Ctrl Pts',(8.25383576980341,9.21771562983297,-14.5687950894031));
#2933=CARTESIAN_POINT('Ctrl Pts',(8.32729717715067,9.26527719916234,-14.4153940354062));
#2934=CARTESIAN_POINT('Ctrl Pts',(8.39833047727914,9.28678786026379,-14.2562715901951));
#2935=CARTESIAN_POINT('Ctrl Pts',(8.39832643164209,9.28678663511631,-14.2562806528566));
#2936=CARTESIAN_POINT('Ctrl Pts',(8.42740782699268,9.29559360227464,-14.1911352944242));
#2937=CARTESIAN_POINT('Ctrl Pts',(8.45586687398835,9.29998015575085,-14.1254167974246));
#2938=CARTESIAN_POINT('Ctrl Pts',(8.48356289688788,9.299980157,-14.0594313018456));
#2939=CARTESIAN_POINT('Ctrl Pts',(8.39804402950998,9.28646236504254,-14.2561090696465));
#2940=CARTESIAN_POINT('Ctrl Pts',(8.57891714656665,9.34123580679907,-13.8509276818865));
#2941=CARTESIAN_POINT('Ctrl Pts',(8.73368764988927,9.22020796674792,-13.4146642511138));
#2942=CARTESIAN_POINT('Ctrl Pts',(8.94095133211671,8.67292181458206,-12.7155867764169));
#2943=CARTESIAN_POINT('Ctrl Pts',(8.99728453381914,8.24418019611954,-12.4605079468988));
#2944=CARTESIAN_POINT('Ctrl Pts',(9.02485821597065,7.30944987333529,-12.3396444490972));
#2945=CARTESIAN_POINT('Ctrl Pts',(8.99660897071465,6.82109632303217,-12.4795115686311));
#2946=CARTESIAN_POINT('Ctrl Pts',(8.84910268028494,6.1001417393931,-13.0392934330054));
#2947=CARTESIAN_POINT('Ctrl Pts',(8.72678128976061,5.86880211843648,-13.4464208028497));
#2948=CARTESIAN_POINT('Ctrl Pts',(8.40215571695841,5.75853100203664,-14.2723180657705));
#2949=CARTESIAN_POINT('Ctrl Pts',(8.19932193203675,5.87914005725301,-14.6885649943356));
#2950=CARTESIAN_POINT('Ctrl Pts',(7.84530124675956,6.426043375104,-15.3275508089914));
#2951=CARTESIAN_POINT('Ctrl Pts',(7.7024348750467,6.85465216756589,-15.5473258178922));
#2952=CARTESIAN_POINT('Ctrl Pts',(7.63527185821954,7.79092221456395,-15.6522216313776));
#2953=CARTESIAN_POINT('Ctrl Pts',(7.71572214952364,8.28015330851359,-15.5331512966612));
#2954=CARTESIAN_POINT('Ctrl Pts',(8.01206870023059,9.00046370627175,-15.0346753186132));
#2955=CARTESIAN_POINT('Ctrl Pts',(8.21717091152841,9.23168892328601,-14.6612904570235));
#2956=CARTESIAN_POINT('Ctrl Pts',(8.39804402950998,9.28646236504254,-14.2561090696465));
#2957=CARTESIAN_POINT('Ctrl Pts',(8.65661216213871,9.583364895,-14.4132111072696));
#2958=CARTESIAN_POINT('Ctrl Pts',(8.87733378252839,9.651953177,-13.9249391737136));
#2959=CARTESIAN_POINT('Ctrl Pts',(9.05863526453228,9.497482986,-13.3934413579333));
#2960=CARTESIAN_POINT('Ctrl Pts',(9.28088566705351,8.839461218,-12.5726804876741));
#2961=CARTESIAN_POINT('Ctrl Pts',(9.33037174959013,8.341212025,-12.2885531866102));
#2962=CARTESIAN_POINT('Ctrl Pts',(9.35518326900966,7.275521899,-12.1538742807488));
#2963=CARTESIAN_POINT('Ctrl Pts',(9.33251324492369,6.720326864,-12.3064016919665));
#2964=CARTESIAN_POINT('Ctrl Pts',(9.18473684633821,5.872750471,-12.9493928100315));
#2965=CARTESIAN_POINT('Ctrl Pts',(9.05157509787702,5.584840282,-13.4336742323322));
#2966=CARTESIAN_POINT('Ctrl Pts',(8.66410655702069,5.448104944,-14.4332878738871));
#2967=CARTESIAN_POINT('Ctrl Pts',(8.41216149281814,5.602810855,-14.9346947703083));
#2968=CARTESIAN_POINT('Ctrl Pts',(7.98233568128144,6.260641438,-15.6684934824404));
#2969=CARTESIAN_POINT('Ctrl Pts',(7.81415754684749,6.758330219,-15.9031348795464));
#2970=CARTESIAN_POINT('Ctrl Pts',(7.73527797972865,7.82461314,-16.0154694933779));
#2971=CARTESIAN_POINT('Ctrl Pts',(7.82860835166959,8.380163233,-15.891832553818));
#2972=CARTESIAN_POINT('Ctrl Pts',(8.1836494992219,9.226636614,-15.3359927435908));
#2973=CARTESIAN_POINT('Ctrl Pts',(8.43589054174904,9.514776613,-14.9014830408256));
#2974=CARTESIAN_POINT('Ctrl Pts',(8.65661216213871,9.583364895,-14.4132111072696));
#2975=CARTESIAN_POINT('Ctrl Pts',(8.65661216213871,9.583364895,-14.4132111072696));
#2976=CARTESIAN_POINT('Ctrl Pts',(8.39832643154064,9.286786635,-14.2562806527956));
#2977=UNCERTAINTY_MEASURE_WITH_UNIT(LENGTH_MEASURE(0.01),#2981,
'DISTANCE_ACCURACY_VALUE',
'Maximum model space distance between geometric entities at asserted c
onnectivities');
#2978=UNCERTAINTY_MEASURE_WITH_UNIT(LENGTH_MEASURE(0.01),#2981,
'DISTANCE_ACCURACY_VALUE',
'Maximum model space distance between geometric entities at asserted c
onnectivities');
#2979=(
GEOMETRIC_REPRESENTATION_CONTEXT(3)
GLOBAL_UNCERTAINTY_ASSIGNED_CONTEXT((#2977))
GLOBAL_UNIT_ASSIGNED_CONTEXT((#2981,#2983,#2984))
REPRESENTATION_CONTEXT('','3D')
);
#2980=(
GEOMETRIC_REPRESENTATION_CONTEXT(3)
GLOBAL_UNCERTAINTY_ASSIGNED_CONTEXT((#2978))
GLOBAL_UNIT_ASSIGNED_CONTEXT((#2981,#2983,#2984))
REPRESENTATION_CONTEXT('','3D')
);
#2981=(
LENGTH_UNIT()
NAMED_UNIT(*)
SI_UNIT(.MILLI.,.METRE.)
);
#2982=(
LENGTH_UNIT()
NAMED_UNIT(*)
SI_UNIT($,.METRE.)
);
#2983=(
NAMED_UNIT(*)
PLANE_ANGLE_UNIT()
SI_UNIT($,.RADIAN.)
);
#2984=(
NAMED_UNIT(*)
SI_UNIT($,.STERADIAN.)
SOLID_ANGLE_UNIT()
);
#2985=SHAPE_DEFINITION_REPRESENTATION(#2986,#2987);
#2986=PRODUCT_DEFINITION_SHAPE('',$,#2989);
#2987=SHAPE_REPRESENTATION('',(#592),#2979);
#2988=PRODUCT_DEFINITION_CONTEXT('part definition',#2993,'design');
#2989=PRODUCT_DEFINITION('2025-09-07-12-02-52-016','inner down',#2990,#2988);
#2990=PRODUCT_DEFINITION_FORMATION('',$,#2995);
#2991=PRODUCT_RELATED_PRODUCT_CATEGORY('inner down','inner down',(#2995));
#2992=APPLICATION_PROTOCOL_DEFINITION('international standard',
'automotive_design',2009,#2993);
#2993=APPLICATION_CONTEXT(
'Core Data for Automotive Mechanical Design Process');
#2994=PRODUCT_CONTEXT('part definition',#2993,'mechanical');
#2995=PRODUCT('2025-09-07-12-02-52-016','inner down',$,(#2994));
#2996=PRESENTATION_STYLE_ASSIGNMENT((#2999));
#2997=PRESENTATION_STYLE_ASSIGNMENT((#3000));
#2998=PRESENTATION_STYLE_ASSIGNMENT((#3001));
#2999=SURFACE_STYLE_USAGE(.BOTH.,#3002);
#3000=SURFACE_STYLE_USAGE(.BOTH.,#3003);
#3001=SURFACE_STYLE_USAGE(.BOTH.,#3004);
#3002=SURFACE_SIDE_STYLE('',(#3005));
#3003=SURFACE_SIDE_STYLE('',(#3006));
#3004=SURFACE_SIDE_STYLE('',(#3007));
#3005=SURFACE_STYLE_FILL_AREA(#3008);
#3006=SURFACE_STYLE_FILL_AREA(#3009);
#3007=SURFACE_STYLE_FILL_AREA(#3010);
#3008=FILL_AREA_STYLE('Steel - Satin',(#3011));
#3009=FILL_AREA_STYLE('Opaque(173,173,173)',(#3012));
#3010=FILL_AREA_STYLE('Opaque(134,141,147)',(#3013));
#3011=FILL_AREA_STYLE_COLOUR('Steel - Satin',#3014);
#3012=FILL_AREA_STYLE_COLOUR('Opaque(173,173,173)',#3015);
#3013=FILL_AREA_STYLE_COLOUR('Opaque(134,141,147)',#3016);
#3014=COLOUR_RGB('Steel - Satin',0.627450980392157,0.627450980392157,0.627450980392157);
#3015=COLOUR_RGB('Opaque(173,173,173)',0.67843137254902,0.67843137254902,
0.67843137254902);
#3016=COLOUR_RGB('Opaque(134,141,147)',0.525490196078431,0.552941176470588,
0.576470588235294);
ENDSEC;
END-ISO-10303-21;
