ISO-10303-21;
HEADER;
/* Generated by software containing ST-Developer
 * from STEP Tools, Inc. (www.steptools.com) 
 */

FILE_DESCRIPTION(
/* description */ (''),
/* implementation_level */ '2;1');

FILE_NAME(
/* name */ 'middle.step',
/* time_stamp */ '2025-09-07T12:03:14+03:00',
/* author */ (''),
/* organization */ (''),
/* preprocessor_version */ 'ST-DEVELOPER v20.1',
/* originating_system */ 'Autodesk Translation Framework v14.10.0.0',
/* authorisation */ '');

FILE_SCHEMA (('AUTOMOTIVE_DESIGN { 1 0 10303 214 3 1 1 }'));
ENDSEC;

DATA;
#10=MECHANICAL_DESIGN_GEOMETRIC_PRESENTATION_REPRESENTATION('',(#13),#3334);
#11=SHAPE_REPRESENTATION_RELATIONSHIP('SRR','None',#3341,#12);
#12=ADVANCED_BREP_SHAPE_REPRESENTATION('',(#14),#3333);
#13=STYLED_ITEM('',(#3351),#14);
#14=MANIFOLD_SOLID_BREP('middle',#774);
#15=B_SPLINE_SURFACE_WITH_KNOTS('',3,3,((#2110,#2111,#2112,#2113,#2114,
#2115,#2116,#2117,#2118,#2119,#2120,#2121,#2122,#2123,#2124,#2125,#2126,
#2127,#2128,#2129,#2130,#2131,#2132,#2133,#2134,#2135,#2136,#2137,#2138,
#2139,#2140,#2141,#2142,#2143,#2144,#2145,#2146,#2147,#2148,#2149,#2150,
#2151,#2152,#2153,#2154,#2155,#2156,#2157,#2158,#2159,#2160,#2161,#2162,
#2163,#2164,#2165,#2166,#2167,#2168,#2169,#2170,#2171,#2172,#2173,#2174,
#2175,#2176,#2177,#2178,#2179,#2180,#2181,#2182,#2183,#2184),(#2185,#2186,
#2187,#2188,#2189,#2190,#2191,#2192,#2193,#2194,#2195,#2196,#2197,#2198,
#2199,#2200,#2201,#2202,#2203,#2204,#2205,#2206,#2207,#2208,#2209,#2210,
#2211,#2212,#2213,#2214,#2215,#2216,#2217,#2218,#2219,#2220,#2221,#2222,
#2223,#2224,#2225,#2226,#2227,#2228,#2229,#2230,#2231,#2232,#2233,#2234,
#2235,#2236,#2237,#2238,#2239,#2240,#2241,#2242,#2243,#2244,#2245,#2246,
#2247,#2248,#2249,#2250,#2251,#2252,#2253,#2254,#2255,#2256,#2257,#2258,
#2259),(#2260,#2261,#2262,#2263,#2264,#2265,#2266,#2267,#2268,#2269,#2270,
#2271,#2272,#2273,#2274,#2275,#2276,#2277,#2278,#2279,#2280,#2281,#2282,
#2283,#2284,#2285,#2286,#2287,#2288,#2289,#2290,#2291,#2292,#2293,#2294,
#2295,#2296,#2297,#2298,#2299,#2300,#2301,#2302,#2303,#2304,#2305,#2306,
#2307,#2308,#2309,#2310,#2311,#2312,#2313,#2314,#2315,#2316,#2317,#2318,
#2319,#2320,#2321,#2322,#2323,#2324,#2325,#2326,#2327,#2328,#2329,#2330,
#2331,#2332,#2333,#2334),(#2335,#2336,#2337,#2338,#2339,#2340,#2341,#2342,
#2343,#2344,#2345,#2346,#2347,#2348,#2349,#2350,#2351,#2352,#2353,#2354,
#2355,#2356,#2357,#2358,#2359,#2360,#2361,#2362,#2363,#2364,#2365,#2366,
#2367,#2368,#2369,#2370,#2371,#2372,#2373,#2374,#2375,#2376,#2377,#2378,
#2379,#2380,#2381,#2382,#2383,#2384,#2385,#2386,#2387,#2388,#2389,#2390,
#2391,#2392,#2393,#2394,#2395,#2396,#2397,#2398,#2399,#2400,#2401,#2402,
#2403,#2404,#2405,#2406,#2407,#2408,#2409)),.UNSPECIFIED.,.F.,.F.,.F.,(4,
4),(4,1,1,1,1,1,1,1,1,1,1,1,1,1,1,1,1,1,1,1,1,1,1,1,1,1,1,1,1,1,1,1,1,1,
1,1,1,1,1,1,1,1,1,1,1,1,1,1,1,1,1,1,1,1,1,1,1,1,1,1,1,1,1,1,1,1,1,1,1,1,
1,1,4),(0.,0.050027400825281),(10.7939074446822,11.2884333405679,11.7829592364536,
12.2774851323392,12.7720110282249,13.2665369241106,13.7610628199963,14.255588715882,
14.7501146117677,15.2446405076534,15.7391664035391,16.2336922994248,16.7282181953105,
17.2227440911962,17.7172699870818,18.2117958829675,18.7063217788532,19.2008476747389,
19.6953735706246,20.1898994665103,20.684425362396,21.1789512582817,21.6734771541674,
22.1680030500531,22.6625289459388,23.1570548418244,23.6515807377101,24.1461066335958,
24.6406325294815,25.1351584253672,25.6296843212529,26.1242102171386,26.6187361130243,
27.11326200891,27.6077879047957,28.1023138006814,28.596839696567,29.0913655924527,
29.5858914883384,30.0804173842241,30.5749432801098,31.0694691759955,31.5639950718812,
32.0585209677669,32.5530468636526,33.0475727595383,33.542098655424,34.0366245513097,
34.5311504471953,35.025676343081,35.5202022389667,36.0147281348524,36.5092540307381,
37.0037799266238,37.4983058225095,37.9928317183952,38.4873576142809,38.9818835101666,
39.4764094060523,39.9709353019379,40.4654611978236,40.9599870937093,41.454512989595,
41.9490388854807,42.4435647813664,42.9380906772521,43.4326165731378,43.9271424690235,
44.4216683649092,44.9161942607949,45.4107201566805,45.9052460525662,46.3997719484519),
 .UNSPECIFIED.);
#16=B_SPLINE_SURFACE_WITH_KNOTS('',3,3,((#2836,#2837,#2838,#2839,#2840,
#2841,#2842,#2843,#2844,#2845,#2846,#2847,#2848,#2849,#2850,#2851,#2852,
#2853,#2854,#2855,#2856,#2857,#2858,#2859,#2860,#2861,#2862,#2863,#2864,
#2865,#2866,#2867,#2868,#2869,#2870,#2871,#2872,#2873,#2874,#2875,#2876,
#2877,#2878,#2879,#2880,#2881,#2882,#2883,#2884,#2885,#2886,#2887,#2888,
#2889,#2890,#2891,#2892,#2893,#2894,#2895,#2896,#2897,#2898,#2899,#2900,
#2901,#2902,#2903,#2904,#2905,#2906,#2907,#2908,#2909,#2910),(#2911,#2912,
#2913,#2914,#2915,#2916,#2917,#2918,#2919,#2920,#2921,#2922,#2923,#2924,
#2925,#2926,#2927,#2928,#2929,#2930,#2931,#2932,#2933,#2934,#2935,#2936,
#2937,#2938,#2939,#2940,#2941,#2942,#2943,#2944,#2945,#2946,#2947,#2948,
#2949,#2950,#2951,#2952,#2953,#2954,#2955,#2956,#2957,#2958,#2959,#2960,
#2961,#2962,#2963,#2964,#2965,#2966,#2967,#2968,#2969,#2970,#2971,#2972,
#2973,#2974,#2975,#2976,#2977,#2978,#2979,#2980,#2981,#2982,#2983,#2984,
#2985),(#2986,#2987,#2988,#2989,#2990,#2991,#2992,#2993,#2994,#2995,#2996,
#2997,#2998,#2999,#3000,#3001,#3002,#3003,#3004,#3005,#3006,#3007,#3008,
#3009,#3010,#3011,#3012,#3013,#3014,#3015,#3016,#3017,#3018,#3019,#3020,
#3021,#3022,#3023,#3024,#3025,#3026,#3027,#3028,#3029,#3030,#3031,#3032,
#3033,#3034,#3035,#3036,#3037,#3038,#3039,#3040,#3041,#3042,#3043,#3044,
#3045,#3046,#3047,#3048,#3049,#3050,#3051,#3052,#3053,#3054,#3055,#3056,
#3057,#3058,#3059,#3060),(#3061,#3062,#3063,#3064,#3065,#3066,#3067,#3068,
#3069,#3070,#3071,#3072,#3073,#3074,#3075,#3076,#3077,#3078,#3079,#3080,
#3081,#3082,#3083,#3084,#3085,#3086,#3087,#3088,#3089,#3090,#3091,#3092,
#3093,#3094,#3095,#3096,#3097,#3098,#3099,#3100,#3101,#3102,#3103,#3104,
#3105,#3106,#3107,#3108,#3109,#3110,#3111,#3112,#3113,#3114,#3115,#3116,
#3117,#3118,#3119,#3120,#3121,#3122,#3123,#3124,#3125,#3126,#3127,#3128,
#3129,#3130,#3131,#3132,#3133,#3134,#3135)),.UNSPECIFIED.,.F.,.F.,.F.,(4,
4),(4,1,1,1,1,1,1,1,1,1,1,1,1,1,1,1,1,1,1,1,1,1,1,1,1,1,1,1,1,1,1,1,1,1,
1,1,1,1,1,1,1,1,1,1,1,1,1,1,1,1,1,1,1,1,1,1,1,1,1,1,1,1,1,1,1,1,1,1,1,1,
1,1,4),(0.,0.050027400825281),(14.1282465107112,14.6227724065969,15.1172983024826,
15.6118241983683,16.106350094254,16.6008759901397,17.0954018860254,17.5899277819111,
18.0844536777968,18.5789795736824,19.0735054695681,19.5680313654538,20.0625572613395,
20.5570831572252,21.0516090531109,21.5461349489966,22.0406608448823,22.535186740768,
23.0297126366537,23.5242385325394,24.0187644284251,24.5132903243108,25.0078162201964,
25.5023421160821,25.9968680119678,26.4913939078535,26.9859198037392,27.4804456996249,
27.9749715955106,28.4694974913963,28.964023387282,29.4585492831677,29.9530751790534,
30.4476010749391,30.9421269708247,31.4366528667104,31.9311787625961,32.4257046584818,
32.9202305543675,33.4147564502532,33.9092823461389,34.4038082420246,34.8983341379103,
35.392860033796,35.8873859296817,36.3819118255674,36.876437721453,37.3709636173387,
37.8654895132244,38.3600154091101,38.8545413049958,39.3490672008815,39.8435930967672,
40.3381189926529,40.8326448885386,41.3271707844243,41.82169668031,42.3162225761957,
42.8107484720814,43.305274367967,43.7998002638527,44.2943261597384,44.7888520556241,
45.2833779515098,45.7779038473955,46.2724297432812,46.7669556391669,47.2614815350526,
47.7560074309383,48.250533326824,48.7450592227096,49.2395851185953,49.734111014481),
 .UNSPECIFIED.);
#17=TOROIDAL_SURFACE('',#814,14.454,0.5);
#18=TOROIDAL_SURFACE('',#826,14.454,0.5);
#19=PLANE('',#808);
#20=PLANE('',#809);
#21=PLANE('',#811);
#22=PLANE('',#816);
#23=PLANE('',#819);
#24=PLANE('',#820);
#25=PLANE('',#822);
#26=PLANE('',#823);
#27=PLANE('',#828);
#28=PLANE('',#832);
#29=PLANE('',#836);
#30=PLANE('',#839);
#31=PLANE('',#842);
#32=PLANE('',#845);
#33=PLANE('',#848);
#34=PLANE('',#851);
#35=PLANE('',#854);
#36=PLANE('',#857);
#37=PLANE('',#860);
#38=FACE_BOUND('',#100,.T.);
#39=FACE_BOUND('',#101,.T.);
#40=FACE_BOUND('',#102,.T.);
#41=FACE_BOUND('',#103,.T.);
#42=FACE_BOUND('',#104,.T.);
#43=FACE_BOUND('',#105,.T.);
#44=FACE_BOUND('',#106,.T.);
#45=FACE_BOUND('',#128,.T.);
#46=FACE_BOUND('',#131,.T.);
#47=FACE_OUTER_BOUND('',#93,.T.);
#48=FACE_OUTER_BOUND('',#94,.T.);
#49=FACE_OUTER_BOUND('',#95,.T.);
#50=FACE_OUTER_BOUND('',#96,.T.);
#51=FACE_OUTER_BOUND('',#97,.T.);
#52=FACE_OUTER_BOUND('',#98,.T.);
#53=FACE_OUTER_BOUND('',#99,.T.);
#54=FACE_OUTER_BOUND('',#107,.T.);
#55=FACE_OUTER_BOUND('',#108,.T.);
#56=FACE_OUTER_BOUND('',#109,.T.);
#57=FACE_OUTER_BOUND('',#110,.T.);
#58=FACE_OUTER_BOUND('',#111,.T.);
#59=FACE_OUTER_BOUND('',#112,.T.);
#60=FACE_OUTER_BOUND('',#113,.T.);
#61=FACE_OUTER_BOUND('',#114,.T.);
#62=FACE_OUTER_BOUND('',#115,.T.);
#63=FACE_OUTER_BOUND('',#116,.T.);
#64=FACE_OUTER_BOUND('',#117,.T.);
#65=FACE_OUTER_BOUND('',#118,.T.);
#66=FACE_OUTER_BOUND('',#119,.T.);
#67=FACE_OUTER_BOUND('',#120,.T.);
#68=FACE_OUTER_BOUND('',#121,.T.);
#69=FACE_OUTER_BOUND('',#122,.T.);
#70=FACE_OUTER_BOUND('',#123,.T.);
#71=FACE_OUTER_BOUND('',#124,.T.);
#72=FACE_OUTER_BOUND('',#125,.T.);
#73=FACE_OUTER_BOUND('',#126,.T.);
#74=FACE_OUTER_BOUND('',#127,.T.);
#75=FACE_OUTER_BOUND('',#129,.T.);
#76=FACE_OUTER_BOUND('',#130,.T.);
#77=FACE_OUTER_BOUND('',#132,.T.);
#78=FACE_OUTER_BOUND('',#133,.T.);
#79=FACE_OUTER_BOUND('',#134,.T.);
#80=FACE_OUTER_BOUND('',#135,.T.);
#81=FACE_OUTER_BOUND('',#136,.T.);
#82=FACE_OUTER_BOUND('',#137,.T.);
#83=FACE_OUTER_BOUND('',#138,.T.);
#84=FACE_OUTER_BOUND('',#139,.T.);
#85=FACE_OUTER_BOUND('',#140,.T.);
#86=FACE_OUTER_BOUND('',#141,.T.);
#87=FACE_OUTER_BOUND('',#142,.T.);
#88=FACE_OUTER_BOUND('',#143,.T.);
#89=FACE_OUTER_BOUND('',#144,.T.);
#90=FACE_OUTER_BOUND('',#145,.T.);
#91=FACE_OUTER_BOUND('',#146,.T.);
#92=FACE_OUTER_BOUND('',#147,.T.);
#93=EDGE_LOOP('',(#483,#484,#485));
#94=EDGE_LOOP('',(#486,#487,#488,#489,#490));
#95=EDGE_LOOP('',(#491,#492,#493,#494));
#96=EDGE_LOOP('',(#495,#496,#497,#498));
#97=EDGE_LOOP('',(#499,#500,#501,#502));
#98=EDGE_LOOP('',(#503,#504,#505,#506));
#99=EDGE_LOOP('',(#507,#508,#509,#510,#511,#512,#513,#514,#515,#516,#517,
#518,#519,#520,#521,#522,#523,#524,#525,#526,#527));
#100=EDGE_LOOP('',(#528));
#101=EDGE_LOOP('',(#529));
#102=EDGE_LOOP('',(#530));
#103=EDGE_LOOP('',(#531));
#104=EDGE_LOOP('',(#532));
#105=EDGE_LOOP('',(#533));
#106=EDGE_LOOP('',(#534));
#107=EDGE_LOOP('',(#535,#536,#537,#538));
#108=EDGE_LOOP('',(#539,#540,#541,#542));
#109=EDGE_LOOP('',(#543,#544,#545,#546));
#110=EDGE_LOOP('',(#547,#548,#549,#550));
#111=EDGE_LOOP('',(#551,#552,#553,#554,#555));
#112=EDGE_LOOP('',(#556,#557,#558,#559));
#113=EDGE_LOOP('',(#560,#561,#562,#563,#564));
#114=EDGE_LOOP('',(#565,#566,#567,#568));
#115=EDGE_LOOP('',(#569,#570,#571,#572,#573));
#116=EDGE_LOOP('',(#574,#575,#576,#577,#578));
#117=EDGE_LOOP('',(#579,#580,#581,#582,#583));
#118=EDGE_LOOP('',(#584,#585,#586,#587));
#119=EDGE_LOOP('',(#588,#589,#590,#591,#592));
#120=EDGE_LOOP('',(#593,#594,#595,#596,#597,#598,#599,#600,#601,#602,#603,
#604,#605,#606));
#121=EDGE_LOOP('',(#607,#608,#609,#610,#611));
#122=EDGE_LOOP('',(#612,#613,#614,#615));
#123=EDGE_LOOP('',(#616,#617,#618,#619,#620,#621,#622,#623,#624,#625,#626,
#627,#628,#629,#630));
#124=EDGE_LOOP('',(#631,#632,#633,#634));
#125=EDGE_LOOP('',(#635,#636,#637,#638));
#126=EDGE_LOOP('',(#639,#640,#641,#642,#643,#644,#645,#646,#647,#648,#649,
#650));
#127=EDGE_LOOP('',(#651,#652,#653,#654,#655));
#128=EDGE_LOOP('',(#656));
#129=EDGE_LOOP('',(#657,#658,#659,#660));
#130=EDGE_LOOP('',(#661));
#131=EDGE_LOOP('',(#662));
#132=EDGE_LOOP('',(#663,#664,#665,#666));
#133=EDGE_LOOP('',(#667));
#134=EDGE_LOOP('',(#668,#669,#670,#671));
#135=EDGE_LOOP('',(#672));
#136=EDGE_LOOP('',(#673,#674,#675,#676,#677,#678));
#137=EDGE_LOOP('',(#679));
#138=EDGE_LOOP('',(#680,#681,#682,#683));
#139=EDGE_LOOP('',(#684));
#140=EDGE_LOOP('',(#685,#686,#687,#688));
#141=EDGE_LOOP('',(#689));
#142=EDGE_LOOP('',(#690,#691,#692,#693));
#143=EDGE_LOOP('',(#694));
#144=EDGE_LOOP('',(#695,#696,#697,#698));
#145=EDGE_LOOP('',(#699));
#146=EDGE_LOOP('',(#700,#701,#702,#703));
#147=EDGE_LOOP('',(#704));
#148=CIRCLE('',#789,14.52075);
#149=CIRCLE('',#791,14.52075);
#150=CIRCLE('',#797,14.954);
#151=CIRCLE('',#798,14.954);
#152=CIRCLE('',#799,14.954);
#153=CIRCLE('',#800,14.954);
#154=CIRCLE('',#801,14.954);
#155=CIRCLE('',#802,14.954);
#156=CIRCLE('',#803,14.954);
#157=CIRCLE('',#810,12.4);
#158=CIRCLE('',#813,14.954);
#159=CIRCLE('',#815,14.454);
#160=CIRCLE('',#817,12.4);
#161=CIRCLE('',#818,12.4);
#162=CIRCLE('',#821,12.4);
#163=CIRCLE('',#824,14.52075);
#164=CIRCLE('',#827,14.454);
#165=CIRCLE('',#829,12.4);
#166=CIRCLE('',#831,12.4);
#167=CIRCLE('',#833,13.55);
#168=CIRCLE('',#835,13.55);
#169=CIRCLE('',#838,2.1);
#170=CIRCLE('',#841,2.1);
#171=CIRCLE('',#844,2.1);
#172=CIRCLE('',#847,2.1);
#173=CIRCLE('',#850,2.1);
#174=CIRCLE('',#853,2.1);
#175=CIRCLE('',#856,2.1);
#176=CIRCLE('',#859,2.1);
#177=B_SPLINE_CURVE_WITH_KNOTS('',3,(#1054,#1055,#1056,#1057,#1058),
 .UNSPECIFIED.,.F.,.F.,(4,1,4),(47.1238898038469,47.2614815350526,47.6385681490025),
 .UNSPECIFIED.);
#178=B_SPLINE_CURVE_WITH_KNOTS('',3,(#1064,#1065,#1066,#1067,#1068,#1069,
#1070,#1071,#1072,#1073,#1074,#1075,#1076,#1077,#1078,#1079),
 .UNSPECIFIED.,.F.,.F.,(4,1,1,1,1,1,1,1,1,1,1,1,1,4),(40.8407044966673,
41.3271707844243,41.82169668031,42.3162225761957,42.8107484720814,43.305274367967,
43.7998002638527,44.2943261597384,44.7888520556241,45.2833779515098,45.7779038473955,
46.2724297432812,46.7669556391669,47.1238898038469),.UNSPECIFIED.);
#179=B_SPLINE_CURVE_WITH_KNOTS('',3,(#1082,#1083,#1084,#1085,#1086,#1087,
#1088,#1089,#1090,#1091,#1092,#1093,#1094,#1095,#1096),.UNSPECIFIED.,.F.,
 .F.,(4,1,1,1,1,1,1,1,1,1,1,1,4),(40.8407044966673,40.9599870937093,41.454512989595,
41.9490388854807,42.4435647813664,42.9380906772521,43.4326165731378,43.9271424690235,
44.4216683649092,44.9161942607949,45.4107201566805,45.9052460525662,46.3997719484519),
 .UNSPECIFIED.);
#180=B_SPLINE_CURVE_WITH_KNOTS('',3,(#1101,#1102,#1103,#1104,#1105,#1106,
#1107,#1108,#1109,#1110,#1111,#1112,#1113,#1114,#1115,#1116,#1117),
 .UNSPECIFIED.,.F.,.F.,(4,1,1,1,1,1,1,1,1,1,1,1,1,1,4),(34.5575191894877,
34.8983341379103,35.392860033796,35.8873859296817,36.3819118255674,36.876437721453,
37.3709636173387,37.8654895132244,38.3600154091101,38.8545413049958,39.3490672008815,
39.8435930967672,40.3381189926529,40.8326448885386,40.8407044966673),
 .UNSPECIFIED.);
#181=B_SPLINE_CURVE_WITH_KNOTS('',3,(#1118,#1119,#1120,#1121,#1122,#1123,
#1124,#1125,#1126,#1127,#1128,#1129,#1130,#1131,#1132,#1133),
 .UNSPECIFIED.,.F.,.F.,(4,1,1,1,1,1,1,1,1,1,1,1,1,4),(34.5575191894877,
35.025676343081,35.5202022389667,36.0147281348524,36.5092540307381,37.0037799266238,
37.4983058225095,37.9928317183952,38.4873576142809,38.9818835101666,39.4764094060523,
39.9709353019379,40.4654611978236,40.8407044966673),.UNSPECIFIED.);
#182=B_SPLINE_CURVE_WITH_KNOTS('',3,(#1138,#1139,#1140,#1141,#1142,#1143,
#1144,#1145,#1146,#1147,#1148,#1149,#1150,#1151,#1152,#1153,#1154),
 .UNSPECIFIED.,.F.,.F.,(4,1,1,1,1,1,1,1,1,1,1,1,1,1,4),(28.2743338823081,
28.4694974913963,28.964023387282,29.4585492831677,29.9530751790534,30.4476010749391,
30.9421269708247,31.4366528667104,31.9311787625961,32.4257046584818,32.9202305543675,
33.4147564502532,33.9092823461389,34.4038082420246,34.5575191894877),
 .UNSPECIFIED.);
#183=B_SPLINE_CURVE_WITH_KNOTS('',3,(#1155,#1156,#1157,#1158,#1159,#1160,
#1161,#1162,#1163,#1164,#1165,#1166,#1167,#1168,#1169,#1170,#1171),
 .UNSPECIFIED.,.F.,.F.,(4,1,1,1,1,1,1,1,1,1,1,1,1,1,4),(28.2743338823081,
28.596839696567,29.0913655924527,29.5858914883384,30.0804173842241,30.5749432801098,
31.0694691759955,31.5639950718812,32.0585209677669,32.5530468636526,33.0475727595383,
33.542098655424,34.0366245513097,34.5311504471953,34.5575191894877),
 .UNSPECIFIED.);
#184=B_SPLINE_CURVE_WITH_KNOTS('',3,(#1176,#1177,#1178,#1179,#1180,#1181,
#1182,#1183,#1184,#1185,#1186,#1187,#1188,#1189,#1190,#1191,#1192),
 .UNSPECIFIED.,.F.,.F.,(4,1,1,1,1,1,1,1,1,1,1,1,1,1,4),(21.9911485751286,
22.0406608448823,22.535186740768,23.0297126366537,23.5242385325394,24.0187644284251,
24.5132903243108,25.0078162201964,25.5023421160821,25.9968680119678,26.4913939078535,
26.9859198037392,27.4804456996249,27.9749715955106,28.2743338823081),
 .UNSPECIFIED.);
#185=B_SPLINE_CURVE_WITH_KNOTS('',3,(#1193,#1194,#1195,#1196,#1197,#1198,
#1199,#1200,#1201,#1202,#1203,#1204,#1205,#1206,#1207,#1208,#1209),
 .UNSPECIFIED.,.F.,.F.,(4,1,1,1,1,1,1,1,1,1,1,1,1,1,4),(21.9911485751286,
22.1680030500531,22.6625289459388,23.1570548418244,23.6515807377101,24.1461066335958,
24.6406325294815,25.1351584253672,25.6296843212529,26.1242102171386,26.6187361130243,
27.11326200891,27.6077879047957,28.1023138006814,28.2743338823081),
 .UNSPECIFIED.);
#186=B_SPLINE_CURVE_WITH_KNOTS('',3,(#1214,#1215,#1216,#1217,#1218,#1219,
#1220,#1221,#1222,#1223,#1224,#1225,#1226,#1227,#1228,#1229),
 .UNSPECIFIED.,.F.,.F.,(4,1,1,1,1,1,1,1,1,1,1,1,1,4),(15.707963267949,16.106350094254,
16.6008759901397,17.0954018860254,17.5899277819111,18.0844536777968,18.5789795736824,
19.0735054695681,19.5680313654538,20.0625572613395,20.5570831572252,21.0516090531109,
21.5461349489966,21.9911485751286),.UNSPECIFIED.);
#187=B_SPLINE_CURVE_WITH_KNOTS('',3,(#1230,#1231,#1232,#1233,#1234,#1235,
#1236,#1237,#1238,#1239,#1240,#1241,#1242,#1243,#1244,#1245,#1246),
 .UNSPECIFIED.,.F.,.F.,(4,1,1,1,1,1,1,1,1,1,1,1,1,1,4),(15.707963267949,
15.7391664035391,16.2336922994248,16.7282181953105,17.2227440911962,17.7172699870818,
18.2117958829675,18.7063217788532,19.2008476747389,19.6953735706246,20.1898994665103,
20.684425362396,21.1789512582817,21.6734771541674,21.9911485751286),
 .UNSPECIFIED.);
#188=B_SPLINE_CURVE_WITH_KNOTS('',3,(#1252,#1253,#1254,#1255,#1256,#1257,
#1258,#1259,#1260,#1261,#1262,#1263,#1264,#1265,#1266,#1267,#1268,#1269,
#1270,#1271,#1272,#1273,#1274,#1275,#1276,#1277,#1278,#1279,#1280,#1281,
#1282,#1283,#1284,#1285,#1286,#1287,#1288),.UNSPECIFIED.,.F.,.F.,(4,3,3,
3,3,3,3,3,3,3,3,3,4),(-7.86290206441732,-7.41788843828538,-6.92336254239969,
-6.42883664651399,-5.9343107506283,-5.43978485474261,-4.94525895885692,
-4.45073306297123,-3.95620716708554,-3.46168127119984,-2.96715537531415,
-2.47262947942846,-2.09554286547863),.UNSPECIFIED.);
#189=B_SPLINE_CURVE_WITH_KNOTS('',3,(#1294,#1295,#1296,#1297,#1298,#1299,
#1300,#1301,#1302,#1303,#1304,#1305,#1306,#1307,#1308,#1309,#1310,#1311),
 .UNSPECIFIED.,.F.,.F.,(4,2,2,2,2,2,2,2,4),(0.316867015918065,0.396083240749369,
0.475299465580673,0.554516748708401,0.63373403183613,0.712951314963859,
0.792168598091587,0.871384822922891,0.950601047754195),.UNSPECIFIED.);
#190=B_SPLINE_CURVE_WITH_KNOTS('',3,(#1332,#1333,#1334,#1335,#1336,#1337,
#1338,#1339,#1340,#1341),.UNSPECIFIED.,.F.,.F.,(4,2,2,2,4),(0.,0.0792172831277286,
0.158434566255457,0.237650791086761,0.316867015918065),.UNSPECIFIED.);
#191=B_SPLINE_CURVE_WITH_KNOTS('',3,(#1342,#1343,#1344,#1345,#1346,#1347,
#1348,#1349,#1350,#1351),.UNSPECIFIED.,.F.,.F.,(4,2,2,2,4),(0.950601047754195,
1.0298172725855,1.1090334974168,1.18825078054453,1.26746806367226),
 .UNSPECIFIED.);
#192=B_SPLINE_CURVE_WITH_KNOTS('',3,(#1354,#1355,#1356,#1357,#1358,#1359,
#1360,#1361,#1362,#1363,#1364,#1365,#1366,#1367,#1368,#1369,#1370,#1371,
#1372,#1373,#1374,#1375,#1376,#1377,#1378,#1379,#1380,#1381,#1382,#1383,
#1384),.UNSPECIFIED.,.F.,.F.,(4,3,3,3,3,3,3,3,3,3,4),(0.,0.494525895885691,
0.989051791771382,1.48357768765708,1.97810358354277,2.47262947942846,2.96715537531415,
3.46168127119984,3.95620716708553,4.45073306297122,4.91405582326679),
 .UNSPECIFIED.);
#193=B_SPLINE_CURVE_WITH_KNOTS('',3,(#1386,#1387,#1388,#1389,#1390,#1391,
#1392,#1393,#1394,#1395,#1396,#1397,#1398,#1399,#1400,#1401,#1402,#1403,
#1404,#1405,#1406,#1407,#1408,#1409,#1410,#1411,#1412,#1413,#1414,#1415,
#1416,#1417,#1418,#1419),.UNSPECIFIED.,.T.,.F.,(4,2,2,2,2,2,2,2,2,2,2,2,
2,2,2,2,4),(0.,0.0792172831277286,0.158434566255457,0.237650791086761,0.316867015918065,
0.396083240749369,0.475299465580673,0.554516748708401,0.63373403183613,
0.712951314963858,0.792168598091587,0.871384822922891,0.950601047754195,
1.0298172725855,1.1090334974168,1.18825078054453,1.26746806367226),
 .UNSPECIFIED.);
#194=B_SPLINE_CURVE_WITH_KNOTS('',3,(#1421,#1422,#1423,#1424,#1425,#1426,
#1427,#1428,#1429,#1430,#1431,#1432,#1433,#1434,#1435,#1436,#1437,#1438,
#1439,#1440,#1441,#1442,#1443,#1444,#1445,#1446,#1447,#1448,#1449,#1450,
#1451,#1452,#1453,#1454),.UNSPECIFIED.,.T.,.F.,(4,2,2,2,2,2,2,2,2,2,2,2,
2,2,2,2,4),(0.,0.0792172831277286,0.158434566255457,0.237650791086761,0.316867015918065,
0.396083240749369,0.475299465580673,0.554516748708402,0.63373403183613,
0.712951314963858,0.792168598091587,0.871384822922891,0.950601047754195,
1.0298172725855,1.1090334974168,1.18825078054453,1.26746806367226),
 .UNSPECIFIED.);
#195=B_SPLINE_CURVE_WITH_KNOTS('',3,(#1456,#1457,#1458,#1459,#1460,#1461,
#1462,#1463,#1464,#1465,#1466,#1467,#1468,#1469,#1470,#1471,#1472,#1473,
#1474,#1475,#1476,#1477,#1478,#1479,#1480,#1481,#1482,#1483,#1484,#1485,
#1486,#1487,#1488,#1489),.UNSPECIFIED.,.T.,.F.,(4,2,2,2,2,2,2,2,2,2,2,2,
2,2,2,2,4),(0.,0.0792172831277285,0.158434566255457,0.237650791086761,0.316867015918065,
0.396083240749369,0.475299465580673,0.554516748708401,0.63373403183613,
0.712951314963859,0.792168598091587,0.871384822922891,0.950601047754195,
1.0298172725855,1.1090334974168,1.18825078054453,1.26746806367226),
 .UNSPECIFIED.);
#196=B_SPLINE_CURVE_WITH_KNOTS('',3,(#1491,#1492,#1493,#1494,#1495,#1496,
#1497,#1498,#1499,#1500,#1501,#1502,#1503,#1504,#1505,#1506,#1507,#1508,
#1509,#1510,#1511,#1512,#1513,#1514,#1515,#1516,#1517,#1518,#1519,#1520,
#1521,#1522,#1523,#1524),.UNSPECIFIED.,.T.,.F.,(4,2,2,2,2,2,2,2,2,2,2,2,
2,2,2,2,4),(0.,0.0792172831277285,0.158434566255457,0.237650791086761,0.316867015918065,
0.396083240749369,0.475299465580673,0.554516748708401,0.63373403183613,
0.712951314963858,0.792168598091587,0.871384822922891,0.950601047754195,
1.0298172725855,1.1090334974168,1.18825078054453,1.26746806367226),
 .UNSPECIFIED.);
#197=B_SPLINE_CURVE_WITH_KNOTS('',3,(#1526,#1527,#1528,#1529,#1530,#1531,
#1532,#1533,#1534,#1535,#1536,#1537,#1538,#1539,#1540,#1541,#1542,#1543,
#1544,#1545,#1546,#1547,#1548,#1549,#1550,#1551,#1552,#1553,#1554,#1555,
#1556,#1557,#1558,#1559),.UNSPECIFIED.,.T.,.F.,(4,2,2,2,2,2,2,2,2,2,2,2,
2,2,2,2,4),(0.,0.0792172831277286,0.158434566255457,0.237650791086761,0.316867015918065,
0.396083240749369,0.475299465580673,0.554516748708401,0.63373403183613,
0.712951314963859,0.792168598091587,0.871384822922891,0.950601047754195,
1.0298172725855,1.1090334974168,1.18825078054453,1.26746806367226),
 .UNSPECIFIED.);
#198=B_SPLINE_CURVE_WITH_KNOTS('',3,(#1561,#1562,#1563,#1564,#1565,#1566,
#1567,#1568,#1569,#1570,#1571,#1572,#1573,#1574,#1575,#1576,#1577,#1578,
#1579,#1580,#1581,#1582,#1583,#1584,#1585,#1586,#1587,#1588,#1589,#1590,
#1591,#1592,#1593,#1594),.UNSPECIFIED.,.T.,.F.,(4,2,2,2,2,2,2,2,2,2,2,2,
2,2,2,2,4),(0.,0.0792172831277286,0.158434566255457,0.237650791086761,0.316867015918065,
0.396083240749369,0.475299465580673,0.554516748708401,0.63373403183613,
0.712951314963859,0.792168598091587,0.871384822922891,0.950601047754195,
1.0298172725855,1.1090334974168,1.18825078054453,1.26746806367226),
 .UNSPECIFIED.);
#199=B_SPLINE_CURVE_WITH_KNOTS('',3,(#1596,#1597,#1598,#1599,#1600,#1601,
#1602,#1603,#1604,#1605,#1606,#1607,#1608,#1609,#1610,#1611,#1612,#1613,
#1614,#1615,#1616,#1617,#1618,#1619,#1620,#1621,#1622,#1623,#1624,#1625,
#1626,#1627,#1628,#1629),.UNSPECIFIED.,.T.,.F.,(4,2,2,2,2,2,2,2,2,2,2,2,
2,2,2,2,4),(0.,0.0792172831277286,0.158434566255457,0.237650791086761,0.316867015918065,
0.396083240749369,0.475299465580673,0.554516748708401,0.63373403183613,
0.712951314963859,0.792168598091587,0.871384822922891,0.950601047754195,
1.0298172725855,1.1090334974168,1.18825078054453,1.26746806367226),
 .UNSPECIFIED.);
#200=B_SPLINE_CURVE_WITH_KNOTS('',3,(#1634,#1635,#1636,#1637,#1638,#1639,
#1640,#1641,#1642,#1643,#1644,#1645,#1646,#1647,#1648,#1649,#1650,#1651,
#1652,#1653,#1654,#1655,#1656,#1657,#1658,#1659,#1660,#1661,#1662,#1663,
#1664,#1665,#1666,#1667,#1668,#1669,#1670,#1671,#1672,#1673,#1674,#1675,
#1676),.UNSPECIFIED.,.F.,.F.,(4,3,3,3,3,3,3,3,3,3,3,3,3,3,4),(-14.1460873715969,
-13.8467250847994,-13.3521991889137,-12.857673293028,-12.3631473971423,
-11.8686215012566,-11.3740956053709,-10.8795697094852,-10.3850438135995,
-9.89051791771384,-9.39599202182815,-8.90146612594246,-8.40694023005676,
-7.91241433417107,-7.86290206441732),.UNSPECIFIED.);
#201=B_SPLINE_CURVE_WITH_KNOTS('',3,(#1677,#1678,#1679,#1680,#1681,#1682,
#1683,#1684,#1685,#1686,#1687,#1688,#1689,#1690,#1691,#1692,#1693,#1694,
#1695,#1696,#1697,#1698,#1699,#1700,#1701,#1702,#1703,#1704,#1705,#1706,
#1707,#1708,#1709,#1710,#1711,#1712,#1713,#1714,#1715,#1716,#1717,#1718,
#1719),.UNSPECIFIED.,.F.,.F.,(4,3,3,3,3,3,3,3,3,3,3,3,3,3,4),(4.91405582326679,
4.94525895885692,5.43978485474261,5.9343107506283,6.42883664651399,6.92336254239967,
7.41788843828537,7.91241433417106,8.40694023005675,8.90146612594245,9.39599202182814,
9.89051791771382,10.3850438135995,10.8795697094852,11.1972411304464),
 .UNSPECIFIED.);
#202=B_SPLINE_CURVE_WITH_KNOTS('',3,(#1724,#1725,#1726,#1727,#1728,#1729,
#1730,#1731,#1732,#1733,#1734,#1735,#1736,#1737,#1738,#1739,#1740,#1741,
#1742,#1743,#1744,#1745,#1746,#1747,#1748,#1749,#1750,#1751,#1752,#1753,
#1754,#1755,#1756,#1757,#1758,#1759,#1760,#1761,#1762,#1763,#1764,#1765,
#1766),.UNSPECIFIED.,.F.,.F.,(4,3,3,3,3,3,3,3,3,3,3,3,3,3,4),(-20.4292726787765,
-20.2755617313134,-19.7810358354277,-19.286509939542,-18.7919840436563,
-18.2974581477706,-17.8029322518849,-17.3084063559992,-16.8138804601135,
-16.3193545642278,-15.8248286683421,-15.3303027724565,-14.8357768765708,
-14.3412509806851,-14.1460873715969),.UNSPECIFIED.);
#203=B_SPLINE_CURVE_WITH_KNOTS('',3,(#1767,#1768,#1769,#1770,#1771,#1772,
#1773,#1774,#1775,#1776,#1777,#1778,#1779,#1780,#1781,#1782,#1783,#1784,
#1785,#1786,#1787,#1788,#1789,#1790,#1791,#1792,#1793,#1794,#1795,#1796,
#1797,#1798,#1799,#1800,#1801,#1802,#1803,#1804,#1805,#1806,#1807,#1808,
#1809),.UNSPECIFIED.,.F.,.F.,(4,3,3,3,3,3,3,3,3,3,3,3,3,3,4),(11.1972411304464,
11.3740956053709,11.8686215012566,12.3631473971423,12.857673293028,13.3521991889137,
13.8467250847993,14.341250980685,14.8357768765707,15.3303027724564,15.8248286683421,
16.3193545642278,16.8138804601135,17.3084063559992,17.480426437626),
 .UNSPECIFIED.);
#204=B_SPLINE_CURVE_WITH_KNOTS('',3,(#1814,#1815,#1816,#1817,#1818,#1819,
#1820,#1821,#1822,#1823,#1824,#1825,#1826,#1827,#1828,#1829,#1830,#1831,
#1832,#1833,#1834,#1835,#1836,#1837,#1838,#1839,#1840,#1841,#1842,#1843,
#1844,#1845,#1846,#1847,#1848,#1849,#1850,#1851,#1852,#1853,#1854,#1855,
#1856),.UNSPECIFIED.,.F.,.F.,(4,3,3,3,3,3,3,3,3,3,3,3,3,3,4),(-26.7124579859561,
-26.7043983778274,-26.2098724819417,-25.715346586056,-25.2208206901703,
-24.7262947942846,-24.2317688983989,-23.7372430025132,-23.2427171066275,
-22.7481912107418,-22.2536653148561,-21.7591394189704,-21.2646135230847,
-20.7700876271991,-20.4292726787765),.UNSPECIFIED.);
#205=B_SPLINE_CURVE_WITH_KNOTS('',3,(#1857,#1858,#1859,#1860,#1861,#1862,
#1863,#1864,#1865,#1866,#1867,#1868,#1869,#1870,#1871,#1872,#1873,#1874,
#1875,#1876,#1877,#1878,#1879,#1880,#1881,#1882,#1883,#1884,#1885,#1886,
#1887,#1888,#1889,#1890,#1891,#1892,#1893,#1894,#1895,#1896,#1897,#1898,
#1899),.UNSPECIFIED.,.F.,.F.,(4,3,3,3,3,3,3,3,3,3,3,3,3,3,4),(17.480426437626,
17.8029322518849,18.2974581477706,18.7919840436563,19.286509939542,19.7810358354276,
20.2755617313133,20.770087627199,21.2646135230847,21.7591394189704,22.2536653148561,
22.7481912107418,23.2427171066275,23.7372430025132,23.7636117448056),
 .UNSPECIFIED.);
#206=B_SPLINE_CURVE_WITH_KNOTS('',3,(#1904,#1905,#1906,#1907,#1908,#1909,
#1910,#1911,#1912,#1913,#1914,#1915,#1916,#1917,#1918,#1919,#1920,#1921,
#1922,#1923,#1924,#1925,#1926,#1927,#1928,#1929,#1930,#1931,#1932,#1933,
#1934,#1935,#1936,#1937,#1938,#1939,#1940,#1941,#1942,#1943),
 .UNSPECIFIED.,.F.,.F.,(4,3,3,3,3,3,3,3,3,3,3,3,3,4),(-32.9956432931357,
-32.6387091284557,-32.14418323257,-31.6496573366843,-31.1551314407986,-30.6606055449129,
-30.1660796490272,-29.6715537531415,-29.1770278572558,-28.6825019613701,
-28.1879760654844,-27.6934501695987,-27.198924273713,-26.7124579859561),
 .UNSPECIFIED.);
#207=B_SPLINE_CURVE_WITH_KNOTS('',3,(#1944,#1945,#1946,#1947,#1948,#1949,
#1950,#1951,#1952,#1953,#1954,#1955,#1956,#1957,#1958,#1959,#1960,#1961,
#1962,#1963,#1964,#1965,#1966,#1967,#1968,#1969,#1970,#1971,#1972,#1973,
#1974,#1975,#1976,#1977,#1978,#1979,#1980,#1981,#1982,#1983),
 .UNSPECIFIED.,.F.,.F.,(4,3,3,3,3,3,3,3,3,3,3,3,3,4),(23.7636117448056,
24.2317688983989,24.7262947942846,25.2208206901702,25.7153465860559,26.2098724819416,
26.7043983778273,27.198924273713,27.6934501695987,28.1879760654844,28.6825019613701,
29.1770278572558,29.6715537531415,30.0467970519851),.UNSPECIFIED.);
#208=B_SPLINE_CURVE_WITH_KNOTS('',3,(#1991,#1992,#1993,#1994,#1995,#1996,
#1997,#1998,#1999,#2000),.UNSPECIFIED.,.F.,.F.,(4,2,2,2,4),(0.,0.0185086561629055,
0.037022604866338,0.0555431914490925,0.0740696689855756),.UNSPECIFIED.);
#209=B_SPLINE_CURVE_WITH_KNOTS('',3,(#2007,#2008,#2009,#2010,#2011,#2012,
#2013,#2014,#2015,#2016),.UNSPECIFIED.,.F.,.F.,(4,2,2,2,4),(-0.074069672382622,
-0.0555431925679067,-0.0370226046362154,-0.0185086556306389,0.),
 .UNSPECIFIED.);
#210=B_SPLINE_CURVE_WITH_KNOTS('',3,(#2022,#2023,#2024,#2025,#2026,#2027,
#2028,#2029,#2030,#2031,#2032,#2033,#2034,#2035,#2036,#2037,#2038,#2039,
#2040,#2041,#2042,#2043,#2044,#2045,#2046),.UNSPECIFIED.,.F.,.F.,(4,3,3,
3,3,3,3,3,4),(30.0467970519851,30.1660796490272,30.6606055449128,31.1551314407985,
31.6496573366842,32.1441832325699,32.6387091284556,33.1332350243413,33.5103216382912),
 .UNSPECIFIED.);
#211=B_SPLINE_CURVE_WITH_KNOTS('',3,(#2049,#2050,#2051,#2052,#2053,#2054,
#2055,#2056,#2057,#2058,#2059,#2060,#2061,#2062,#2063,#2064,#2065,#2066,
#2067),.UNSPECIFIED.,.F.,.F.,(4,3,3,3,3,3,4),(-35.6058645037698,-35.1113386078841,
-34.6168127119984,-34.1222868161127,-33.627760920227,-33.1332350243413,
-32.9956432931357),.UNSPECIFIED.);
#212=B_SPLINE_CURVE_WITH_KNOTS('',3,(#2071,#2072,#2073,#2074,#2075,#2076,
#2077,#2078,#2079,#2080),.UNSPECIFIED.,.F.,.F.,(4,2,2,2,4),(-0.0740696689855757,
-0.0555431914490925,-0.037022604866338,-0.0185086561629055,0.),
 .UNSPECIFIED.);
#213=B_SPLINE_CURVE_WITH_KNOTS('',3,(#2094,#2095,#2096,#2097,#2098,#2099,
#2100,#2101,#2102,#2103),.UNSPECIFIED.,.F.,.F.,(4,2,2,2,4),(0.,0.0185086556306389,
0.0370226046362155,0.0555431925679067,0.0740696723826221),.UNSPECIFIED.);
#214=B_SPLINE_CURVE_WITH_KNOTS('',3,(#2410,#2411,#2412,#2413,#2414,#2415,
#2416,#2417,#2418,#2419,#2420,#2421,#2422,#2423,#2424,#2425,#2426,#2427,
#2428,#2429,#2430,#2431,#2432,#2433,#2434,#2435,#2436,#2437,#2438,#2439,
#2440,#2441,#2442,#2443,#2444,#2445,#2446,#2447,#2448,#2449,#2450,#2451,
#2452,#2453,#2454,#2455,#2456,#2457,#2458,#2459,#2460,#2461,#2462,#2463,
#2464,#2465,#2466,#2467,#2468,#2469,#2470,#2471,#2472,#2473,#2474,#2475,
#2476,#2477,#2478,#2479,#2480,#2481,#2482,#2483,#2484,#2485,#2486,#2487,
#2488,#2489,#2490,#2491,#2492,#2493,#2494,#2495,#2496,#2497,#2498,#2499,
#2500,#2501,#2502,#2503,#2504,#2505,#2506,#2507,#2508,#2509,#2510,#2511,
#2512,#2513,#2514,#2515,#2516,#2517,#2518,#2519,#2520,#2521,#2522,#2523,
#2524,#2525,#2526,#2527,#2528,#2529,#2530,#2531,#2532,#2533,#2534,#2535,
#2536,#2537,#2538,#2539,#2540,#2541,#2542,#2543,#2544,#2545,#2546,#2547,
#2548),.UNSPECIFIED.,.F.,.F.,(4,3,3,3,3,3,3,3,3,3,3,3,3,3,3,3,3,3,3,3,3,
3,3,3,3,3,3,3,3,3,3,3,3,3,3,3,3,3,3,3,3,3,3,3,3,3,4),(0.,0.101331712190502,
0.175898437772342,0.27694791491407,0.378403566139321,0.479637607647462,
0.533980832772612,0.56552112942723,0.579159823939963,0.589231551106116,
0.690057673356023,0.791071818250562,0.891579175965276,0.914383408648661,
1.01539602330498,1.09444458836513,1.13001024713033,1.15044610239596,1.16091040650362,
1.1715212747727,1.27137140233245,1.37202572663953,1.47250532951239,1.57183919130753,
1.64778454378613,1.69328514475956,1.71999589719429,1.73353240055514,1.74563072651514,
1.84461355075092,1.94452917652143,2.04480700848941,2.14447967343339,2.24325045241285,
2.27910187207808,2.30708650585553,2.31902021377223,2.37579415936098,2.47501132217982,
2.57472075368893,2.67431048566069,2.69549546463108,2.70640695620962,2.80583372082034,
2.90518969086597,3.00348908574024,3.09799392057271),.UNSPECIFIED.);
#215=B_SPLINE_CURVE_WITH_KNOTS('',3,(#2550,#2551,#2552,#2553,#2554,#2555,
#2556,#2557,#2558,#2559,#2560,#2561,#2562,#2563,#2564,#2565,#2566,#2567,
#2568,#2569,#2570,#2571,#2572,#2573,#2574,#2575,#2576,#2577,#2578,#2579,
#2580,#2581,#2582,#2583,#2584,#2585,#2586,#2587,#2588,#2589,#2590,#2591,
#2592,#2593,#2594,#2595,#2596,#2597,#2598,#2599,#2600,#2601,#2602,#2603,
#2604,#2605,#2606,#2607,#2608,#2609,#2610,#2611,#2612,#2613,#2614,#2615,
#2616,#2617,#2618,#2619,#2620,#2621,#2622,#2623,#2624,#2625,#2626,#2627,
#2628,#2629,#2630,#2631,#2632,#2633,#2634,#2635,#2636,#2637,#2638,#2639,
#2640,#2641,#2642,#2643,#2644,#2645,#2646,#2647,#2648,#2649,#2650,#2651,
#2652,#2653,#2654,#2655,#2656,#2657,#2658,#2659,#2660,#2661,#2662,#2663,
#2664,#2665,#2666,#2667,#2668,#2669,#2670,#2671,#2672,#2673,#2674,#2675,
#2676,#2677,#2678,#2679,#2680,#2681,#2682),.UNSPECIFIED.,.F.,.F.,(4,3,3,
3,3,3,3,3,3,3,3,3,3,3,3,3,3,3,3,3,3,3,3,3,3,3,3,3,3,3,3,3,3,3,3,3,3,3,3,
3,3,3,3,3,4),(-3.0979939205727,-2.99859385712665,-2.92697286254352,-2.8277911943518,
-2.74976898058631,-2.71317731572153,-2.69749361858998,-2.59833450473844,
-2.49858953919274,-2.39916190037542,-2.35027479633853,-2.32181625318613,
-2.310567109262,-2.21051089558607,-2.20361348422788,-2.10447516571633,-2.00449738300629,
-1.90424348281734,-1.80433428905009,-1.76303787197817,-1.73985501560234,
-1.72909182489742,-1.62878061408328,-1.52818932519675,-1.47396295247474,
-1.3735646993086,-1.27297351501294,-1.206261683529,-1.17707525725478,-1.16449166651848,
-1.15478943108589,-1.05091178909977,-0.949883548719885,-0.844581205930645,
-0.739278863141405,-0.64686900524873,-0.606439692420684,-0.590622942640262,
-0.57554488525702,-0.475568444883712,-0.374580182938954,-0.273115032413422,
-0.172008184187324,-0.0722889416296903,0.),.UNSPECIFIED.);
#216=B_SPLINE_CURVE_WITH_KNOTS('',3,(#2683,#2684,#2685,#2686,#2687,#2688,
#2689,#2690,#2691),.UNSPECIFIED.,.F.,.F.,(4,1,1,1,1,1,4),(12.8894503101607,
13.2665369241106,13.7610628199963,14.255588715882,14.7501146117677,15.2446405076534,
15.707963267949),.UNSPECIFIED.);
#217=B_SPLINE_CURVE_WITH_KNOTS('',3,(#2694,#2695,#2696,#2697,#2698,#2699,
#2700,#2701,#2702,#2703,#2704,#2705,#2706,#2707,#2708,#2709,#2710,#2711,
#2712,#2713,#2714,#2715,#2716,#2717,#2718,#2719,#2720,#2721,#2722,#2723,
#2724,#2725,#2726,#2727,#2728,#2729,#2730,#2731,#2732,#2733,#2734,#2735,
#2736,#2737,#2738,#2739,#2740,#2741,#2742,#2743,#2744,#2745,#2746,#2747,
#2748,#2749,#2750,#2751,#2752,#2753,#2754,#2755,#2756,#2757,#2758,#2759,
#2760,#2761,#2762,#2763,#2764,#2765,#2766,#2767,#2768,#2769,#2770,#2771,
#2772,#2773,#2774,#2775,#2776,#2777,#2778,#2779,#2780,#2781,#2782,#2783,
#2784,#2785,#2786,#2787,#2788,#2789,#2790,#2791,#2792,#2793,#2794,#2795,
#2796,#2797,#2798,#2799,#2800,#2801,#2802,#2803,#2804,#2805,#2806,#2807,
#2808,#2809,#2810,#2811,#2812,#2813,#2814,#2815,#2816,#2817,#2818,#2819,
#2820,#2821,#2822,#2823,#2824,#2825,#2826),.UNSPECIFIED.,.F.,.F.,(4,3,3,
3,3,3,3,3,3,3,3,3,3,3,3,3,3,3,3,3,3,3,3,3,3,3,3,3,3,3,3,3,3,3,3,3,3,3,3,
3,3,3,3,3,4),(-3.09608935408261,-2.99497559104371,-2.92044394756909,-2.81926908558584,
-2.73983693939563,-2.70349868498325,-2.68554204175412,-2.58487356720127,
-2.48394170805928,-2.38350156896029,-2.33357915573627,-2.30819114497585,
-2.29482025147522,-2.2839788459491,-2.18381191606422,-2.08374924102083,
-1.98301094144415,-1.88220074706443,-1.78193891616828,-1.74055044691927,
-1.71777889317565,-1.70902582341359,-1.60880251184455,-1.50855479564454,
-1.45083116217627,-1.35048550339989,-1.25015700077107,-1.18423135118216,
-1.155388879487,-1.14291626624031,-1.13325530465797,-1.03062942950841,-0.930607527999953,
-0.826679666029836,-0.72275180405972,-0.632407828552255,-0.592882339267739,
-0.578094870512296,-0.568456849063029,-0.469978374932454,-0.370623339808305,
-0.271053025130167,-0.171977653661749,-0.074444128342427,0.),
 .UNSPECIFIED.);
#218=B_SPLINE_CURVE_WITH_KNOTS('',3,(#2829,#2830,#2831,#2832,#2833,#2834,
#2835),.UNSPECIFIED.,.F.,.F.,(4,1,1,1,4),(14.1282465107112,14.6227724065969,
15.1172983024826,15.6118241983683,15.707963267949),.UNSPECIFIED.);
#219=B_SPLINE_CURVE_WITH_KNOTS('',3,(#3136,#3137,#3138,#3139,#3140,#3141,
#3142,#3143,#3144,#3145,#3146,#3147,#3148,#3149,#3150,#3151,#3152,#3153,
#3154,#3155,#3156,#3157,#3158,#3159,#3160,#3161,#3162,#3163,#3164,#3165,
#3166,#3167,#3168,#3169,#3170,#3171,#3172,#3173,#3174,#3175,#3176,#3177,
#3178,#3179,#3180,#3181,#3182,#3183,#3184,#3185,#3186,#3187,#3188,#3189,
#3190,#3191,#3192,#3193,#3194,#3195,#3196,#3197,#3198,#3199,#3200,#3201,
#3202,#3203,#3204,#3205,#3206,#3207,#3208,#3209,#3210,#3211,#3212,#3213,
#3214,#3215,#3216,#3217,#3218,#3219,#3220,#3221,#3222,#3223,#3224,#3225,
#3226,#3227,#3228,#3229,#3230,#3231,#3232,#3233,#3234,#3235,#3236,#3237,
#3238,#3239,#3240,#3241,#3242,#3243,#3244,#3245,#3246,#3247,#3248,#3249,
#3250,#3251,#3252,#3253,#3254,#3255,#3256,#3257,#3258,#3259,#3260,#3261,
#3262,#3263,#3264,#3265,#3266,#3267,#3268,#3269,#3270,#3271,#3272,#3273,
#3274),.UNSPECIFIED.,.F.,.F.,(4,3,3,3,3,3,3,3,3,3,3,3,3,3,3,3,3,3,3,3,3,
3,3,3,3,3,3,3,3,3,3,3,3,3,3,3,3,3,3,3,3,3,3,3,3,3,4),(0.,0.0994955108983066,
0.17107613181013,0.27003656905927,0.369584290096949,0.469119305782077,0.52240256822838,
0.554372529320264,0.566268796159798,0.575009297830734,0.674650478421554,
0.774658445694701,0.874403471745404,0.895385405352495,0.995305340214154,
1.07396050187554,1.10885808350103,1.12841729709303,1.14050085945802,1.1501260835082,
1.24943283668219,1.34983086271779,1.45023199802778,1.54972010338436,1.62454663350527,
1.67040236555129,1.69814385706341,1.71312284816725,1.7219060098154,1.82105484800026,
1.92129429446228,2.02210375368474,2.12261977034817,2.22237232693952,2.29281678674711,
2.30373369840703,2.35823834624154,2.4584065128214,2.55925513493206,2.66020036960209,
2.67963045128584,2.69302440020436,2.7056983789546,2.80689992364158,2.90816411253577,
3.00857207190982,3.0960893540826),.UNSPECIFIED.);
#220=LINE('',#1052,#259);
#221=LINE('',#1063,#260);
#222=LINE('',#1100,#261);
#223=LINE('',#1137,#262);
#224=LINE('',#1175,#263);
#225=LINE('',#1213,#264);
#226=LINE('',#1250,#265);
#227=LINE('',#1292,#266);
#228=LINE('',#1313,#267);
#229=LINE('',#1317,#268);
#230=LINE('',#1321,#269);
#231=LINE('',#1325,#270);
#232=LINE('',#1329,#271);
#233=LINE('',#1633,#272);
#234=LINE('',#1723,#273);
#235=LINE('',#1813,#274);
#236=LINE('',#1903,#275);
#237=LINE('',#1986,#276);
#238=LINE('',#1988,#277);
#239=LINE('',#1990,#278);
#240=LINE('',#2003,#279);
#241=LINE('',#2018,#280);
#242=LINE('',#2019,#281);
#243=LINE('',#2086,#282);
#244=LINE('',#2089,#283);
#245=LINE('',#2091,#284);
#246=LINE('',#2093,#285);
#247=LINE('',#2106,#286);
#248=LINE('',#2109,#287);
#249=LINE('',#3281,#288);
#250=LINE('',#3289,#289);
#251=LINE('',#3293,#290);
#252=LINE('',#3298,#291);
#253=LINE('',#3303,#292);
#254=LINE('',#3308,#293);
#255=LINE('',#3313,#294);
#256=LINE('',#3318,#295);
#257=LINE('',#3323,#296);
#258=LINE('',#3328,#297);
#259=VECTOR('',#865,14.52075);
#260=VECTOR('',#870,14.52075);
#261=VECTOR('',#875,14.52075);
#262=VECTOR('',#878,14.52075);
#263=VECTOR('',#881,14.52075);
#264=VECTOR('',#884,14.52075);
#265=VECTOR('',#887,15.);
#266=VECTOR('',#890,15.);
#267=VECTOR('',#891,15.);
#268=VECTOR('',#894,10.);
#269=VECTOR('',#897,10.);
#270=VECTOR('',#900,10.);
#271=VECTOR('',#903,10.);
#272=VECTOR('',#910,15.);
#273=VECTOR('',#913,15.);
#274=VECTOR('',#916,15.);
#275=VECTOR('',#919,15.);
#276=VECTOR('',#922,10.);
#277=VECTOR('',#923,10.);
#278=VECTOR('',#924,10.);
#279=VECTOR('',#927,10.);
#280=VECTOR('',#932,10.);
#281=VECTOR('',#933,10.);
#282=VECTOR('',#948,10.);
#283=VECTOR('',#951,10.);
#284=VECTOR('',#952,10.);
#285=VECTOR('',#953,10.);
#286=VECTOR('',#956,10.);
#287=VECTOR('',#961,10.);
#288=VECTOR('',#978,12.4);
#289=VECTOR('',#989,13.55);
#290=VECTOR('',#994,2.1);
#291=VECTOR('',#1001,2.1);
#292=VECTOR('',#1008,2.1);
#293=VECTOR('',#1015,2.1);
#294=VECTOR('',#1022,2.1);
#295=VECTOR('',#1029,2.1);
#296=VECTOR('',#1036,2.1);
#297=VECTOR('',#1043,2.1);
#298=VERTEX_POINT('',#1050);
#299=VERTEX_POINT('',#1051);
#300=VERTEX_POINT('',#1053);
#301=VERTEX_POINT('',#1061);
#302=VERTEX_POINT('',#1062);
#303=VERTEX_POINT('',#1080);
#304=VERTEX_POINT('',#1098);
#305=VERTEX_POINT('',#1099);
#306=VERTEX_POINT('',#1135);
#307=VERTEX_POINT('',#1136);
#308=VERTEX_POINT('',#1173);
#309=VERTEX_POINT('',#1174);
#310=VERTEX_POINT('',#1211);
#311=VERTEX_POINT('',#1212);
#312=VERTEX_POINT('',#1248);
#313=VERTEX_POINT('',#1249);
#314=VERTEX_POINT('',#1251);
#315=VERTEX_POINT('',#1289);
#316=VERTEX_POINT('',#1291);
#317=VERTEX_POINT('',#1293);
#318=VERTEX_POINT('',#1312);
#319=VERTEX_POINT('',#1314);
#320=VERTEX_POINT('',#1316);
#321=VERTEX_POINT('',#1318);
#322=VERTEX_POINT('',#1320);
#323=VERTEX_POINT('',#1322);
#324=VERTEX_POINT('',#1324);
#325=VERTEX_POINT('',#1326);
#326=VERTEX_POINT('',#1328);
#327=VERTEX_POINT('',#1331);
#328=VERTEX_POINT('',#1352);
#329=VERTEX_POINT('',#1385);
#330=VERTEX_POINT('',#1420);
#331=VERTEX_POINT('',#1455);
#332=VERTEX_POINT('',#1490);
#333=VERTEX_POINT('',#1525);
#334=VERTEX_POINT('',#1560);
#335=VERTEX_POINT('',#1595);
#336=VERTEX_POINT('',#1631);
#337=VERTEX_POINT('',#1632);
#338=VERTEX_POINT('',#1721);
#339=VERTEX_POINT('',#1722);
#340=VERTEX_POINT('',#1811);
#341=VERTEX_POINT('',#1812);
#342=VERTEX_POINT('',#1901);
#343=VERTEX_POINT('',#1902);
#344=VERTEX_POINT('',#1985);
#345=VERTEX_POINT('',#1987);
#346=VERTEX_POINT('',#1989);
#347=VERTEX_POINT('',#2002);
#348=VERTEX_POINT('',#2006);
#349=VERTEX_POINT('',#2017);
#350=VERTEX_POINT('',#2021);
#351=VERTEX_POINT('',#2047);
#352=VERTEX_POINT('',#2069);
#353=VERTEX_POINT('',#2082);
#354=VERTEX_POINT('',#2084);
#355=VERTEX_POINT('',#2088);
#356=VERTEX_POINT('',#2090);
#357=VERTEX_POINT('',#2092);
#358=VERTEX_POINT('',#2105);
#359=VERTEX_POINT('',#2549);
#360=VERTEX_POINT('',#2693);
#361=VERTEX_POINT('',#3280);
#362=VERTEX_POINT('',#3284);
#363=VERTEX_POINT('',#3287);
#364=VERTEX_POINT('',#3292);
#365=VERTEX_POINT('',#3297);
#366=VERTEX_POINT('',#3302);
#367=VERTEX_POINT('',#3307);
#368=VERTEX_POINT('',#3312);
#369=VERTEX_POINT('',#3317);
#370=VERTEX_POINT('',#3322);
#371=VERTEX_POINT('',#3327);
#372=EDGE_CURVE('',#298,#299,#220,.T.);
#373=EDGE_CURVE('',#298,#300,#177,.T.);
#374=EDGE_CURVE('',#299,#300,#148,.T.);
#375=EDGE_CURVE('',#301,#302,#221,.T.);
#376=EDGE_CURVE('',#301,#298,#178,.T.);
#377=EDGE_CURVE('',#303,#299,#149,.T.);
#378=EDGE_CURVE('',#302,#303,#179,.T.);
#379=EDGE_CURVE('',#304,#305,#222,.T.);
#380=EDGE_CURVE('',#304,#301,#180,.T.);
#381=EDGE_CURVE('',#305,#302,#181,.T.);
#382=EDGE_CURVE('',#306,#307,#223,.T.);
#383=EDGE_CURVE('',#306,#304,#182,.T.);
#384=EDGE_CURVE('',#307,#305,#183,.T.);
#385=EDGE_CURVE('',#308,#309,#224,.T.);
#386=EDGE_CURVE('',#308,#306,#184,.T.);
#387=EDGE_CURVE('',#309,#307,#185,.T.);
#388=EDGE_CURVE('',#310,#311,#225,.T.);
#389=EDGE_CURVE('',#310,#308,#186,.T.);
#390=EDGE_CURVE('',#311,#309,#187,.T.);
#391=EDGE_CURVE('',#312,#313,#226,.T.);
#392=EDGE_CURVE('',#312,#314,#188,.T.);
#393=EDGE_CURVE('',#314,#315,#150,.T.);
#394=EDGE_CURVE('',#315,#316,#227,.T.);
#395=EDGE_CURVE('',#317,#316,#189,.T.);
#396=EDGE_CURVE('',#317,#318,#228,.T.);
#397=EDGE_CURVE('',#319,#318,#151,.T.);
#398=EDGE_CURVE('',#319,#320,#229,.T.);
#399=EDGE_CURVE('',#320,#321,#152,.T.);
#400=EDGE_CURVE('',#321,#322,#230,.T.);
#401=EDGE_CURVE('',#323,#322,#153,.T.);
#402=EDGE_CURVE('',#323,#324,#231,.T.);
#403=EDGE_CURVE('',#324,#325,#154,.T.);
#404=EDGE_CURVE('',#325,#326,#232,.T.);
#405=EDGE_CURVE('',#318,#326,#155,.T.);
#406=EDGE_CURVE('',#327,#317,#190,.T.);
#407=EDGE_CURVE('',#316,#327,#191,.T.);
#408=EDGE_CURVE('',#315,#328,#156,.T.);
#409=EDGE_CURVE('',#328,#313,#192,.T.);
#410=EDGE_CURVE('',#329,#329,#193,.T.);
#411=EDGE_CURVE('',#330,#330,#194,.T.);
#412=EDGE_CURVE('',#331,#331,#195,.T.);
#413=EDGE_CURVE('',#332,#332,#196,.T.);
#414=EDGE_CURVE('',#333,#333,#197,.T.);
#415=EDGE_CURVE('',#334,#334,#198,.T.);
#416=EDGE_CURVE('',#335,#335,#199,.T.);
#417=EDGE_CURVE('',#336,#337,#233,.T.);
#418=EDGE_CURVE('',#336,#312,#200,.T.);
#419=EDGE_CURVE('',#313,#337,#201,.T.);
#420=EDGE_CURVE('',#338,#339,#234,.T.);
#421=EDGE_CURVE('',#338,#336,#202,.T.);
#422=EDGE_CURVE('',#337,#339,#203,.T.);
#423=EDGE_CURVE('',#340,#341,#235,.T.);
#424=EDGE_CURVE('',#340,#338,#204,.T.);
#425=EDGE_CURVE('',#339,#341,#205,.T.);
#426=EDGE_CURVE('',#342,#343,#236,.T.);
#427=EDGE_CURVE('',#342,#340,#206,.T.);
#428=EDGE_CURVE('',#341,#343,#207,.T.);
#429=EDGE_CURVE('',#325,#344,#237,.T.);
#430=EDGE_CURVE('',#345,#344,#238,.T.);
#431=EDGE_CURVE('',#346,#345,#239,.T.);
#432=EDGE_CURVE('',#326,#346,#208,.T.);
#433=EDGE_CURVE('',#347,#324,#240,.T.);
#434=EDGE_CURVE('',#344,#347,#157,.T.);
#435=EDGE_CURVE('',#348,#323,#209,.T.);
#436=EDGE_CURVE('',#349,#348,#241,.T.);
#437=EDGE_CURVE('',#347,#349,#242,.T.);
#438=EDGE_CURVE('',#343,#350,#210,.T.);
#439=EDGE_CURVE('',#350,#351,#158,.F.);
#440=EDGE_CURVE('',#351,#342,#211,.T.);
#441=EDGE_CURVE('',#346,#352,#159,.T.);
#442=EDGE_CURVE('',#352,#319,#212,.T.);
#443=EDGE_CURVE('',#353,#345,#160,.T.);
#444=EDGE_CURVE('',#354,#353,#161,.T.);
#445=EDGE_CURVE('',#354,#352,#243,.T.);
#446=EDGE_CURVE('',#321,#355,#244,.T.);
#447=EDGE_CURVE('',#356,#355,#245,.T.);
#448=EDGE_CURVE('',#357,#356,#246,.T.);
#449=EDGE_CURVE('',#322,#357,#213,.T.);
#450=EDGE_CURVE('',#358,#320,#247,.T.);
#451=EDGE_CURVE('',#355,#358,#162,.T.);
#452=EDGE_CURVE('',#358,#354,#248,.T.);
#453=EDGE_CURVE('',#350,#303,#214,.T.);
#454=EDGE_CURVE('',#359,#328,#215,.T.);
#455=EDGE_CURVE('',#359,#311,#216,.T.);
#456=EDGE_CURVE('',#314,#360,#217,.T.);
#457=EDGE_CURVE('',#360,#359,#163,.T.);
#458=EDGE_CURVE('',#360,#310,#218,.T.);
#459=EDGE_CURVE('',#300,#351,#219,.T.);
#460=EDGE_CURVE('',#357,#348,#164,.T.);
#461=EDGE_CURVE('',#349,#356,#165,.T.);
#462=EDGE_CURVE('',#353,#361,#249,.T.);
#463=EDGE_CURVE('',#361,#361,#166,.T.);
#464=EDGE_CURVE('',#362,#362,#167,.T.);
#465=EDGE_CURVE('',#363,#363,#168,.T.);
#466=EDGE_CURVE('',#363,#362,#250,.T.);
#467=EDGE_CURVE('',#334,#364,#251,.T.);
#468=EDGE_CURVE('',#364,#364,#169,.T.);
#469=EDGE_CURVE('',#333,#365,#252,.T.);
#470=EDGE_CURVE('',#365,#365,#170,.T.);
#471=EDGE_CURVE('',#327,#366,#253,.T.);
#472=EDGE_CURVE('',#366,#366,#171,.T.);
#473=EDGE_CURVE('',#332,#367,#254,.T.);
#474=EDGE_CURVE('',#367,#367,#172,.T.);
#475=EDGE_CURVE('',#331,#368,#255,.T.);
#476=EDGE_CURVE('',#368,#368,#173,.T.);
#477=EDGE_CURVE('',#330,#369,#256,.T.);
#478=EDGE_CURVE('',#369,#369,#174,.T.);
#479=EDGE_CURVE('',#335,#370,#257,.T.);
#480=EDGE_CURVE('',#370,#370,#175,.T.);
#481=EDGE_CURVE('',#329,#371,#258,.T.);
#482=EDGE_CURVE('',#371,#371,#176,.T.);
#483=ORIENTED_EDGE('',*,*,#372,.F.);
#484=ORIENTED_EDGE('',*,*,#373,.T.);
#485=ORIENTED_EDGE('',*,*,#374,.F.);
#486=ORIENTED_EDGE('',*,*,#375,.F.);
#487=ORIENTED_EDGE('',*,*,#376,.T.);
#488=ORIENTED_EDGE('',*,*,#372,.T.);
#489=ORIENTED_EDGE('',*,*,#377,.F.);
#490=ORIENTED_EDGE('',*,*,#378,.F.);
#491=ORIENTED_EDGE('',*,*,#379,.F.);
#492=ORIENTED_EDGE('',*,*,#380,.T.);
#493=ORIENTED_EDGE('',*,*,#375,.T.);
#494=ORIENTED_EDGE('',*,*,#381,.F.);
#495=ORIENTED_EDGE('',*,*,#382,.F.);
#496=ORIENTED_EDGE('',*,*,#383,.T.);
#497=ORIENTED_EDGE('',*,*,#379,.T.);
#498=ORIENTED_EDGE('',*,*,#384,.F.);
#499=ORIENTED_EDGE('',*,*,#385,.F.);
#500=ORIENTED_EDGE('',*,*,#386,.T.);
#501=ORIENTED_EDGE('',*,*,#382,.T.);
#502=ORIENTED_EDGE('',*,*,#387,.F.);
#503=ORIENTED_EDGE('',*,*,#388,.F.);
#504=ORIENTED_EDGE('',*,*,#389,.T.);
#505=ORIENTED_EDGE('',*,*,#385,.T.);
#506=ORIENTED_EDGE('',*,*,#390,.F.);
#507=ORIENTED_EDGE('',*,*,#391,.F.);
#508=ORIENTED_EDGE('',*,*,#392,.T.);
#509=ORIENTED_EDGE('',*,*,#393,.T.);
#510=ORIENTED_EDGE('',*,*,#394,.T.);
#511=ORIENTED_EDGE('',*,*,#395,.F.);
#512=ORIENTED_EDGE('',*,*,#396,.T.);
#513=ORIENTED_EDGE('',*,*,#397,.F.);
#514=ORIENTED_EDGE('',*,*,#398,.T.);
#515=ORIENTED_EDGE('',*,*,#399,.T.);
#516=ORIENTED_EDGE('',*,*,#400,.T.);
#517=ORIENTED_EDGE('',*,*,#401,.F.);
#518=ORIENTED_EDGE('',*,*,#402,.T.);
#519=ORIENTED_EDGE('',*,*,#403,.T.);
#520=ORIENTED_EDGE('',*,*,#404,.T.);
#521=ORIENTED_EDGE('',*,*,#405,.F.);
#522=ORIENTED_EDGE('',*,*,#396,.F.);
#523=ORIENTED_EDGE('',*,*,#406,.F.);
#524=ORIENTED_EDGE('',*,*,#407,.F.);
#525=ORIENTED_EDGE('',*,*,#394,.F.);
#526=ORIENTED_EDGE('',*,*,#408,.T.);
#527=ORIENTED_EDGE('',*,*,#409,.T.);
#528=ORIENTED_EDGE('',*,*,#410,.F.);
#529=ORIENTED_EDGE('',*,*,#411,.F.);
#530=ORIENTED_EDGE('',*,*,#412,.F.);
#531=ORIENTED_EDGE('',*,*,#413,.F.);
#532=ORIENTED_EDGE('',*,*,#414,.F.);
#533=ORIENTED_EDGE('',*,*,#415,.F.);
#534=ORIENTED_EDGE('',*,*,#416,.F.);
#535=ORIENTED_EDGE('',*,*,#417,.F.);
#536=ORIENTED_EDGE('',*,*,#418,.T.);
#537=ORIENTED_EDGE('',*,*,#391,.T.);
#538=ORIENTED_EDGE('',*,*,#419,.T.);
#539=ORIENTED_EDGE('',*,*,#420,.F.);
#540=ORIENTED_EDGE('',*,*,#421,.T.);
#541=ORIENTED_EDGE('',*,*,#417,.T.);
#542=ORIENTED_EDGE('',*,*,#422,.T.);
#543=ORIENTED_EDGE('',*,*,#423,.F.);
#544=ORIENTED_EDGE('',*,*,#424,.T.);
#545=ORIENTED_EDGE('',*,*,#420,.T.);
#546=ORIENTED_EDGE('',*,*,#425,.T.);
#547=ORIENTED_EDGE('',*,*,#426,.F.);
#548=ORIENTED_EDGE('',*,*,#427,.T.);
#549=ORIENTED_EDGE('',*,*,#423,.T.);
#550=ORIENTED_EDGE('',*,*,#428,.T.);
#551=ORIENTED_EDGE('',*,*,#404,.F.);
#552=ORIENTED_EDGE('',*,*,#429,.T.);
#553=ORIENTED_EDGE('',*,*,#430,.F.);
#554=ORIENTED_EDGE('',*,*,#431,.F.);
#555=ORIENTED_EDGE('',*,*,#432,.F.);
#556=ORIENTED_EDGE('',*,*,#403,.F.);
#557=ORIENTED_EDGE('',*,*,#433,.F.);
#558=ORIENTED_EDGE('',*,*,#434,.F.);
#559=ORIENTED_EDGE('',*,*,#429,.F.);
#560=ORIENTED_EDGE('',*,*,#402,.F.);
#561=ORIENTED_EDGE('',*,*,#435,.F.);
#562=ORIENTED_EDGE('',*,*,#436,.F.);
#563=ORIENTED_EDGE('',*,*,#437,.F.);
#564=ORIENTED_EDGE('',*,*,#433,.T.);
#565=ORIENTED_EDGE('',*,*,#426,.T.);
#566=ORIENTED_EDGE('',*,*,#438,.T.);
#567=ORIENTED_EDGE('',*,*,#439,.T.);
#568=ORIENTED_EDGE('',*,*,#440,.T.);
#569=ORIENTED_EDGE('',*,*,#432,.T.);
#570=ORIENTED_EDGE('',*,*,#441,.T.);
#571=ORIENTED_EDGE('',*,*,#442,.T.);
#572=ORIENTED_EDGE('',*,*,#397,.T.);
#573=ORIENTED_EDGE('',*,*,#405,.T.);
#574=ORIENTED_EDGE('',*,*,#431,.T.);
#575=ORIENTED_EDGE('',*,*,#443,.F.);
#576=ORIENTED_EDGE('',*,*,#444,.F.);
#577=ORIENTED_EDGE('',*,*,#445,.T.);
#578=ORIENTED_EDGE('',*,*,#441,.F.);
#579=ORIENTED_EDGE('',*,*,#400,.F.);
#580=ORIENTED_EDGE('',*,*,#446,.T.);
#581=ORIENTED_EDGE('',*,*,#447,.F.);
#582=ORIENTED_EDGE('',*,*,#448,.F.);
#583=ORIENTED_EDGE('',*,*,#449,.F.);
#584=ORIENTED_EDGE('',*,*,#399,.F.);
#585=ORIENTED_EDGE('',*,*,#450,.F.);
#586=ORIENTED_EDGE('',*,*,#451,.F.);
#587=ORIENTED_EDGE('',*,*,#446,.F.);
#588=ORIENTED_EDGE('',*,*,#398,.F.);
#589=ORIENTED_EDGE('',*,*,#442,.F.);
#590=ORIENTED_EDGE('',*,*,#445,.F.);
#591=ORIENTED_EDGE('',*,*,#452,.F.);
#592=ORIENTED_EDGE('',*,*,#450,.T.);
#593=ORIENTED_EDGE('',*,*,#453,.F.);
#594=ORIENTED_EDGE('',*,*,#438,.F.);
#595=ORIENTED_EDGE('',*,*,#428,.F.);
#596=ORIENTED_EDGE('',*,*,#425,.F.);
#597=ORIENTED_EDGE('',*,*,#422,.F.);
#598=ORIENTED_EDGE('',*,*,#419,.F.);
#599=ORIENTED_EDGE('',*,*,#409,.F.);
#600=ORIENTED_EDGE('',*,*,#454,.F.);
#601=ORIENTED_EDGE('',*,*,#455,.T.);
#602=ORIENTED_EDGE('',*,*,#390,.T.);
#603=ORIENTED_EDGE('',*,*,#387,.T.);
#604=ORIENTED_EDGE('',*,*,#384,.T.);
#605=ORIENTED_EDGE('',*,*,#381,.T.);
#606=ORIENTED_EDGE('',*,*,#378,.T.);
#607=ORIENTED_EDGE('',*,*,#393,.F.);
#608=ORIENTED_EDGE('',*,*,#456,.T.);
#609=ORIENTED_EDGE('',*,*,#457,.T.);
#610=ORIENTED_EDGE('',*,*,#454,.T.);
#611=ORIENTED_EDGE('',*,*,#408,.F.);
#612=ORIENTED_EDGE('',*,*,#388,.T.);
#613=ORIENTED_EDGE('',*,*,#455,.F.);
#614=ORIENTED_EDGE('',*,*,#457,.F.);
#615=ORIENTED_EDGE('',*,*,#458,.T.);
#616=ORIENTED_EDGE('',*,*,#459,.F.);
#617=ORIENTED_EDGE('',*,*,#373,.F.);
#618=ORIENTED_EDGE('',*,*,#376,.F.);
#619=ORIENTED_EDGE('',*,*,#380,.F.);
#620=ORIENTED_EDGE('',*,*,#383,.F.);
#621=ORIENTED_EDGE('',*,*,#386,.F.);
#622=ORIENTED_EDGE('',*,*,#389,.F.);
#623=ORIENTED_EDGE('',*,*,#458,.F.);
#624=ORIENTED_EDGE('',*,*,#456,.F.);
#625=ORIENTED_EDGE('',*,*,#392,.F.);
#626=ORIENTED_EDGE('',*,*,#418,.F.);
#627=ORIENTED_EDGE('',*,*,#421,.F.);
#628=ORIENTED_EDGE('',*,*,#424,.F.);
#629=ORIENTED_EDGE('',*,*,#427,.F.);
#630=ORIENTED_EDGE('',*,*,#440,.F.);
#631=ORIENTED_EDGE('',*,*,#435,.T.);
#632=ORIENTED_EDGE('',*,*,#401,.T.);
#633=ORIENTED_EDGE('',*,*,#449,.T.);
#634=ORIENTED_EDGE('',*,*,#460,.T.);
#635=ORIENTED_EDGE('',*,*,#436,.T.);
#636=ORIENTED_EDGE('',*,*,#460,.F.);
#637=ORIENTED_EDGE('',*,*,#448,.T.);
#638=ORIENTED_EDGE('',*,*,#461,.F.);
#639=ORIENTED_EDGE('',*,*,#437,.T.);
#640=ORIENTED_EDGE('',*,*,#461,.T.);
#641=ORIENTED_EDGE('',*,*,#447,.T.);
#642=ORIENTED_EDGE('',*,*,#451,.T.);
#643=ORIENTED_EDGE('',*,*,#452,.T.);
#644=ORIENTED_EDGE('',*,*,#444,.T.);
#645=ORIENTED_EDGE('',*,*,#462,.T.);
#646=ORIENTED_EDGE('',*,*,#463,.F.);
#647=ORIENTED_EDGE('',*,*,#462,.F.);
#648=ORIENTED_EDGE('',*,*,#443,.T.);
#649=ORIENTED_EDGE('',*,*,#430,.T.);
#650=ORIENTED_EDGE('',*,*,#434,.T.);
#651=ORIENTED_EDGE('',*,*,#459,.T.);
#652=ORIENTED_EDGE('',*,*,#439,.F.);
#653=ORIENTED_EDGE('',*,*,#453,.T.);
#654=ORIENTED_EDGE('',*,*,#377,.T.);
#655=ORIENTED_EDGE('',*,*,#374,.T.);
#656=ORIENTED_EDGE('',*,*,#464,.F.);
#657=ORIENTED_EDGE('',*,*,#465,.T.);
#658=ORIENTED_EDGE('',*,*,#466,.T.);
#659=ORIENTED_EDGE('',*,*,#464,.T.);
#660=ORIENTED_EDGE('',*,*,#466,.F.);
#661=ORIENTED_EDGE('',*,*,#465,.F.);
#662=ORIENTED_EDGE('',*,*,#463,.T.);
#663=ORIENTED_EDGE('',*,*,#415,.T.);
#664=ORIENTED_EDGE('',*,*,#467,.T.);
#665=ORIENTED_EDGE('',*,*,#468,.F.);
#666=ORIENTED_EDGE('',*,*,#467,.F.);
#667=ORIENTED_EDGE('',*,*,#468,.T.);
#668=ORIENTED_EDGE('',*,*,#414,.T.);
#669=ORIENTED_EDGE('',*,*,#469,.T.);
#670=ORIENTED_EDGE('',*,*,#470,.F.);
#671=ORIENTED_EDGE('',*,*,#469,.F.);
#672=ORIENTED_EDGE('',*,*,#470,.T.);
#673=ORIENTED_EDGE('',*,*,#406,.T.);
#674=ORIENTED_EDGE('',*,*,#395,.T.);
#675=ORIENTED_EDGE('',*,*,#407,.T.);
#676=ORIENTED_EDGE('',*,*,#471,.T.);
#677=ORIENTED_EDGE('',*,*,#472,.F.);
#678=ORIENTED_EDGE('',*,*,#471,.F.);
#679=ORIENTED_EDGE('',*,*,#472,.T.);
#680=ORIENTED_EDGE('',*,*,#413,.T.);
#681=ORIENTED_EDGE('',*,*,#473,.T.);
#682=ORIENTED_EDGE('',*,*,#474,.F.);
#683=ORIENTED_EDGE('',*,*,#473,.F.);
#684=ORIENTED_EDGE('',*,*,#474,.T.);
#685=ORIENTED_EDGE('',*,*,#412,.T.);
#686=ORIENTED_EDGE('',*,*,#475,.T.);
#687=ORIENTED_EDGE('',*,*,#476,.F.);
#688=ORIENTED_EDGE('',*,*,#475,.F.);
#689=ORIENTED_EDGE('',*,*,#476,.T.);
#690=ORIENTED_EDGE('',*,*,#411,.T.);
#691=ORIENTED_EDGE('',*,*,#477,.T.);
#692=ORIENTED_EDGE('',*,*,#478,.F.);
#693=ORIENTED_EDGE('',*,*,#477,.F.);
#694=ORIENTED_EDGE('',*,*,#478,.T.);
#695=ORIENTED_EDGE('',*,*,#416,.T.);
#696=ORIENTED_EDGE('',*,*,#479,.T.);
#697=ORIENTED_EDGE('',*,*,#480,.F.);
#698=ORIENTED_EDGE('',*,*,#479,.F.);
#699=ORIENTED_EDGE('',*,*,#480,.T.);
#700=ORIENTED_EDGE('',*,*,#410,.T.);
#701=ORIENTED_EDGE('',*,*,#481,.T.);
#702=ORIENTED_EDGE('',*,*,#482,.F.);
#703=ORIENTED_EDGE('',*,*,#481,.F.);
#704=ORIENTED_EDGE('',*,*,#482,.T.);
#705=CYLINDRICAL_SURFACE('',#788,14.52075);
#706=CYLINDRICAL_SURFACE('',#790,14.52075);
#707=CYLINDRICAL_SURFACE('',#792,14.52075);
#708=CYLINDRICAL_SURFACE('',#793,14.52075);
#709=CYLINDRICAL_SURFACE('',#794,14.52075);
#710=CYLINDRICAL_SURFACE('',#795,14.52075);
#711=CYLINDRICAL_SURFACE('',#796,14.954);
#712=CYLINDRICAL_SURFACE('',#804,14.954);
#713=CYLINDRICAL_SURFACE('',#805,14.954);
#714=CYLINDRICAL_SURFACE('',#806,14.954);
#715=CYLINDRICAL_SURFACE('',#807,14.954);
#716=CYLINDRICAL_SURFACE('',#812,14.954);
#717=CYLINDRICAL_SURFACE('',#825,14.52075);
#718=CYLINDRICAL_SURFACE('',#830,12.4);
#719=CYLINDRICAL_SURFACE('',#834,13.55);
#720=CYLINDRICAL_SURFACE('',#837,2.1);
#721=CYLINDRICAL_SURFACE('',#840,2.1);
#722=CYLINDRICAL_SURFACE('',#843,2.1);
#723=CYLINDRICAL_SURFACE('',#846,2.1);
#724=CYLINDRICAL_SURFACE('',#849,2.1);
#725=CYLINDRICAL_SURFACE('',#852,2.1);
#726=CYLINDRICAL_SURFACE('',#855,2.1);
#727=CYLINDRICAL_SURFACE('',#858,2.1);
#728=ADVANCED_FACE('',(#47),#705,.T.);
#729=ADVANCED_FACE('',(#48),#706,.T.);
#730=ADVANCED_FACE('',(#49),#707,.T.);
#731=ADVANCED_FACE('',(#50),#708,.T.);
#732=ADVANCED_FACE('',(#51),#709,.T.);
#733=ADVANCED_FACE('',(#52),#710,.T.);
#734=ADVANCED_FACE('',(#53,#38,#39,#40,#41,#42,#43,#44),#711,.T.);
#735=ADVANCED_FACE('',(#54),#712,.T.);
#736=ADVANCED_FACE('',(#55),#713,.T.);
#737=ADVANCED_FACE('',(#56),#714,.T.);
#738=ADVANCED_FACE('',(#57),#715,.T.);
#739=ADVANCED_FACE('',(#58),#19,.T.);
#740=ADVANCED_FACE('',(#59),#20,.T.);
#741=ADVANCED_FACE('',(#60),#21,.T.);
#742=ADVANCED_FACE('',(#61),#716,.T.);
#743=ADVANCED_FACE('',(#62),#17,.T.);
#744=ADVANCED_FACE('',(#63),#22,.T.);
#745=ADVANCED_FACE('',(#64),#23,.T.);
#746=ADVANCED_FACE('',(#65),#24,.T.);
#747=ADVANCED_FACE('',(#66),#25,.T.);
#748=ADVANCED_FACE('',(#67),#15,.F.);
#749=ADVANCED_FACE('',(#68),#26,.F.);
#750=ADVANCED_FACE('',(#69),#717,.T.);
#751=ADVANCED_FACE('',(#70),#16,.F.);
#752=ADVANCED_FACE('',(#71),#18,.T.);
#753=ADVANCED_FACE('',(#72),#27,.T.);
#754=ADVANCED_FACE('',(#73),#718,.F.);
#755=ADVANCED_FACE('',(#74,#45),#28,.F.);
#756=ADVANCED_FACE('',(#75),#719,.F.);
#757=ADVANCED_FACE('',(#76,#46),#29,.F.);
#758=ADVANCED_FACE('',(#77),#720,.F.);
#759=ADVANCED_FACE('',(#78),#30,.T.);
#760=ADVANCED_FACE('',(#79),#721,.F.);
#761=ADVANCED_FACE('',(#80),#31,.T.);
#762=ADVANCED_FACE('',(#81),#722,.F.);
#763=ADVANCED_FACE('',(#82),#32,.T.);
#764=ADVANCED_FACE('',(#83),#723,.F.);
#765=ADVANCED_FACE('',(#84),#33,.T.);
#766=ADVANCED_FACE('',(#85),#724,.F.);
#767=ADVANCED_FACE('',(#86),#34,.T.);
#768=ADVANCED_FACE('',(#87),#725,.F.);
#769=ADVANCED_FACE('',(#88),#35,.T.);
#770=ADVANCED_FACE('',(#89),#726,.F.);
#771=ADVANCED_FACE('',(#90),#36,.T.);
#772=ADVANCED_FACE('',(#91),#727,.F.);
#773=ADVANCED_FACE('',(#92),#37,.T.);
#774=CLOSED_SHELL('',(#728,#729,#730,#731,#732,#733,#734,#735,#736,#737,
#738,#739,#740,#741,#742,#743,#744,#745,#746,#747,#748,#749,#750,#751,#752,
#753,#754,#755,#756,#757,#758,#759,#760,#761,#762,#763,#764,#765,#766,#767,
#768,#769,#770,#771,#772,#773));
#775=DERIVED_UNIT_ELEMENT(#777,1.);
#776=DERIVED_UNIT_ELEMENT(#3336,-3.);
#777=(
MASS_UNIT()
NAMED_UNIT(*)
SI_UNIT(.KILO.,.GRAM.)
);
#778=DERIVED_UNIT((#775,#776));
#779=MEASURE_REPRESENTATION_ITEM('density measure',
POSITIVE_RATIO_MEASURE(7850.),#778);
#780=PROPERTY_DEFINITION_REPRESENTATION(#785,#782);
#781=PROPERTY_DEFINITION_REPRESENTATION(#786,#783);
#782=REPRESENTATION('material name',(#784),#3333);
#783=REPRESENTATION('density',(#779),#3333);
#784=DESCRIPTIVE_REPRESENTATION_ITEM('Steel','Steel');
#785=PROPERTY_DEFINITION('material property','material name',#3343);
#786=PROPERTY_DEFINITION('material property','density of part',#3343);
#787=AXIS2_PLACEMENT_3D('',#1048,#861,#862);
#788=AXIS2_PLACEMENT_3D('',#1049,#863,#864);
#789=AXIS2_PLACEMENT_3D('',#1059,#866,#867);
#790=AXIS2_PLACEMENT_3D('',#1060,#868,#869);
#791=AXIS2_PLACEMENT_3D('',#1081,#871,#872);
#792=AXIS2_PLACEMENT_3D('',#1097,#873,#874);
#793=AXIS2_PLACEMENT_3D('',#1134,#876,#877);
#794=AXIS2_PLACEMENT_3D('',#1172,#879,#880);
#795=AXIS2_PLACEMENT_3D('',#1210,#882,#883);
#796=AXIS2_PLACEMENT_3D('',#1247,#885,#886);
#797=AXIS2_PLACEMENT_3D('',#1290,#888,#889);
#798=AXIS2_PLACEMENT_3D('',#1315,#892,#893);
#799=AXIS2_PLACEMENT_3D('',#1319,#895,#896);
#800=AXIS2_PLACEMENT_3D('',#1323,#898,#899);
#801=AXIS2_PLACEMENT_3D('',#1327,#901,#902);
#802=AXIS2_PLACEMENT_3D('',#1330,#904,#905);
#803=AXIS2_PLACEMENT_3D('',#1353,#906,#907);
#804=AXIS2_PLACEMENT_3D('',#1630,#908,#909);
#805=AXIS2_PLACEMENT_3D('',#1720,#911,#912);
#806=AXIS2_PLACEMENT_3D('',#1810,#914,#915);
#807=AXIS2_PLACEMENT_3D('',#1900,#917,#918);
#808=AXIS2_PLACEMENT_3D('',#1984,#920,#921);
#809=AXIS2_PLACEMENT_3D('',#2001,#925,#926);
#810=AXIS2_PLACEMENT_3D('',#2004,#928,#929);
#811=AXIS2_PLACEMENT_3D('',#2005,#930,#931);
#812=AXIS2_PLACEMENT_3D('',#2020,#934,#935);
#813=AXIS2_PLACEMENT_3D('',#2048,#936,#937);
#814=AXIS2_PLACEMENT_3D('',#2068,#938,#939);
#815=AXIS2_PLACEMENT_3D('',#2070,#940,#941);
#816=AXIS2_PLACEMENT_3D('',#2081,#942,#943);
#817=AXIS2_PLACEMENT_3D('',#2083,#944,#945);
#818=AXIS2_PLACEMENT_3D('',#2085,#946,#947);
#819=AXIS2_PLACEMENT_3D('',#2087,#949,#950);
#820=AXIS2_PLACEMENT_3D('',#2104,#954,#955);
#821=AXIS2_PLACEMENT_3D('',#2107,#957,#958);
#822=AXIS2_PLACEMENT_3D('',#2108,#959,#960);
#823=AXIS2_PLACEMENT_3D('',#2692,#962,#963);
#824=AXIS2_PLACEMENT_3D('',#2827,#964,#965);
#825=AXIS2_PLACEMENT_3D('',#2828,#966,#967);
#826=AXIS2_PLACEMENT_3D('',#3275,#968,#969);
#827=AXIS2_PLACEMENT_3D('',#3276,#970,#971);
#828=AXIS2_PLACEMENT_3D('',#3277,#972,#973);
#829=AXIS2_PLACEMENT_3D('',#3278,#974,#975);
#830=AXIS2_PLACEMENT_3D('',#3279,#976,#977);
#831=AXIS2_PLACEMENT_3D('',#3282,#979,#980);
#832=AXIS2_PLACEMENT_3D('',#3283,#981,#982);
#833=AXIS2_PLACEMENT_3D('',#3285,#983,#984);
#834=AXIS2_PLACEMENT_3D('',#3286,#985,#986);
#835=AXIS2_PLACEMENT_3D('',#3288,#987,#988);
#836=AXIS2_PLACEMENT_3D('',#3290,#990,#991);
#837=AXIS2_PLACEMENT_3D('',#3291,#992,#993);
#838=AXIS2_PLACEMENT_3D('',#3294,#995,#996);
#839=AXIS2_PLACEMENT_3D('',#3295,#997,#998);
#840=AXIS2_PLACEMENT_3D('',#3296,#999,#1000);
#841=AXIS2_PLACEMENT_3D('',#3299,#1002,#1003);
#842=AXIS2_PLACEMENT_3D('',#3300,#1004,#1005);
#843=AXIS2_PLACEMENT_3D('',#3301,#1006,#1007);
#844=AXIS2_PLACEMENT_3D('',#3304,#1009,#1010);
#845=AXIS2_PLACEMENT_3D('',#3305,#1011,#1012);
#846=AXIS2_PLACEMENT_3D('',#3306,#1013,#1014);
#847=AXIS2_PLACEMENT_3D('',#3309,#1016,#1017);
#848=AXIS2_PLACEMENT_3D('',#3310,#1018,#1019);
#849=AXIS2_PLACEMENT_3D('',#3311,#1020,#1021);
#850=AXIS2_PLACEMENT_3D('',#3314,#1023,#1024);
#851=AXIS2_PLACEMENT_3D('',#3315,#1025,#1026);
#852=AXIS2_PLACEMENT_3D('',#3316,#1027,#1028);
#853=AXIS2_PLACEMENT_3D('',#3319,#1030,#1031);
#854=AXIS2_PLACEMENT_3D('',#3320,#1032,#1033);
#855=AXIS2_PLACEMENT_3D('',#3321,#1034,#1035);
#856=AXIS2_PLACEMENT_3D('',#3324,#1037,#1038);
#857=AXIS2_PLACEMENT_3D('',#3325,#1039,#1040);
#858=AXIS2_PLACEMENT_3D('',#3326,#1041,#1042);
#859=AXIS2_PLACEMENT_3D('',#3329,#1044,#1045);
#860=AXIS2_PLACEMENT_3D('',#3330,#1046,#1047);
#861=DIRECTION('axis',(0.,0.,1.));
#862=DIRECTION('refdir',(1.,0.,0.));
#863=DIRECTION('center_axis',(-1.23259516440783E-32,-1.,2.22044604925031E-16));
#864=DIRECTION('ref_axis',(-0.923879532511292,8.49727915508615E-17,0.382683432365078));
#865=DIRECTION('',(2.6854457807283E-30,-1.,2.2204460492503E-16));
#866=DIRECTION('center_axis',(0.,-1.,2.22044604925031E-16));
#867=DIRECTION('ref_axis',(-0.923879532511292,8.49727915508615E-17,0.382683432365078));
#868=DIRECTION('center_axis',(-1.23259516440783E-32,-1.,2.22044604925031E-16));
#869=DIRECTION('ref_axis',(-0.923879532511292,8.49727915508615E-17,0.382683432365078));
#870=DIRECTION('',(2.6854457807283E-30,-1.,2.2204460492503E-16));
#871=DIRECTION('center_axis',(0.,-1.,2.22044604925031E-16));
#872=DIRECTION('ref_axis',(-0.923879532511292,8.49727915508615E-17,0.382683432365078));
#873=DIRECTION('center_axis',(-1.23259516440783E-32,-1.,2.22044604925031E-16));
#874=DIRECTION('ref_axis',(-0.923879532511292,8.49727915508615E-17,0.382683432365078));
#875=DIRECTION('',(2.6854457807283E-30,-1.,2.2204460492503E-16));
#876=DIRECTION('center_axis',(-1.23259516440783E-32,-1.,2.22044604925031E-16));
#877=DIRECTION('ref_axis',(-0.923879532511292,8.49727915508615E-17,0.382683432365078));
#878=DIRECTION('',(2.6854457807283E-30,-1.,2.2204460492503E-16));
#879=DIRECTION('center_axis',(-1.23259516440783E-32,-1.,2.22044604925031E-16));
#880=DIRECTION('ref_axis',(-0.923879532511292,8.49727915508615E-17,0.382683432365078));
#881=DIRECTION('',(2.6854457807283E-30,-1.,2.2204460492503E-16));
#882=DIRECTION('center_axis',(-1.23259516440783E-32,-1.,2.22044604925031E-16));
#883=DIRECTION('ref_axis',(-0.923879532511292,8.49727915508615E-17,0.382683432365078));
#884=DIRECTION('',(2.6854457807283E-30,-1.,2.2204460492503E-16));
#885=DIRECTION('center_axis',(0.,-1.,2.22044604925031E-16));
#886=DIRECTION('ref_axis',(-0.923879532511287,8.49727915508613E-17,0.38268343236509));
#887=DIRECTION('',(0.,1.,-2.22044604925031E-16));
#888=DIRECTION('center_axis',(8.49727915508613E-17,1.,-1.690213913024E-17));
#889=DIRECTION('ref_axis',(-0.923879532511287,8.49727915508613E-17,0.38268343236509));
#890=DIRECTION('',(0.,1.,-2.22044604925031E-16));
#891=DIRECTION('',(0.,1.,-2.22044604925031E-16));
#892=DIRECTION('center_axis',(0.,1.,-2.22044604925031E-16));
#893=DIRECTION('ref_axis',(-0.923879532511287,8.49727915508613E-17,0.38268343236509));
#894=DIRECTION('',(0.,-1.,2.22044604925031E-16));
#895=DIRECTION('center_axis',(0.,-1.,0.));
#896=DIRECTION('ref_axis',(-0.923879532511287,8.49727915508613E-17,0.38268343236509));
#897=DIRECTION('',(0.,1.,-2.22044604925031E-16));
#898=DIRECTION('center_axis',(0.,1.,-2.22044604925031E-16));
#899=DIRECTION('ref_axis',(-0.923879532511287,8.49727915508613E-17,0.38268343236509));
#900=DIRECTION('',(0.,-1.,2.22044604925031E-16));
#901=DIRECTION('center_axis',(0.,-1.,0.));
#902=DIRECTION('ref_axis',(-0.923879532511287,8.49727915508613E-17,0.38268343236509));
#903=DIRECTION('',(0.,1.,-2.22044604925031E-16));
#904=DIRECTION('center_axis',(0.,1.,-2.22044604925031E-16));
#905=DIRECTION('ref_axis',(-0.923879532511287,8.49727915508613E-17,0.38268343236509));
#906=DIRECTION('center_axis',(8.49727915508613E-17,1.,-1.690213913024E-17));
#907=DIRECTION('ref_axis',(-0.923879532511287,8.49727915508613E-17,0.38268343236509));
#908=DIRECTION('center_axis',(0.,-1.,2.22044604925031E-16));
#909=DIRECTION('ref_axis',(-0.923879532511287,8.49727915508613E-17,0.38268343236509));
#910=DIRECTION('',(0.,1.,-2.22044604925031E-16));
#911=DIRECTION('center_axis',(0.,-1.,2.22044604925031E-16));
#912=DIRECTION('ref_axis',(-0.923879532511287,8.49727915508613E-17,0.38268343236509));
#913=DIRECTION('',(0.,1.,-2.22044604925031E-16));
#914=DIRECTION('center_axis',(0.,-1.,2.22044604925031E-16));
#915=DIRECTION('ref_axis',(-0.923879532511287,8.49727915508613E-17,0.38268343236509));
#916=DIRECTION('',(0.,1.,-2.22044604925031E-16));
#917=DIRECTION('center_axis',(0.,-1.,2.22044604925031E-16));
#918=DIRECTION('ref_axis',(-0.923879532511287,8.49727915508613E-17,0.38268343236509));
#919=DIRECTION('',(0.,1.,-2.22044604925031E-16));
#920=DIRECTION('center_axis',(0.,0.,1.));
#921=DIRECTION('ref_axis',(0.,1.,0.));
#922=DIRECTION('',(1.,0.,0.));
#923=DIRECTION('',(0.,-1.,2.22044604925031E-16));
#924=DIRECTION('',(1.,0.,0.));
#925=DIRECTION('center_axis',(0.,1.,0.));
#926=DIRECTION('ref_axis',(0.,0.,-1.));
#927=DIRECTION('',(-1.,0.,0.));
#928=DIRECTION('center_axis',(0.,1.,0.));
#929=DIRECTION('ref_axis',(-0.923879532511287,8.49727915508613E-17,0.38268343236509));
#930=DIRECTION('center_axis',(0.,0.,-1.));
#931=DIRECTION('ref_axis',(0.,-1.,0.));
#932=DIRECTION('',(-1.,0.,0.));
#933=DIRECTION('',(0.,1.,-2.22044604925031E-16));
#934=DIRECTION('center_axis',(0.,-1.,2.22044604925031E-16));
#935=DIRECTION('ref_axis',(-0.923879532511287,8.49727915508613E-17,0.38268343236509));
#936=DIRECTION('center_axis',(0.,-1.,2.22044604925031E-16));
#937=DIRECTION('ref_axis',(-0.923879532511287,8.49727915508613E-17,0.38268343236509));
#938=DIRECTION('center_axis',(0.,-1.,2.22044604925031E-16));
#939=DIRECTION('ref_axis',(-0.38268343236509,-2.37576145432694E-16,-0.923879532511287));
#940=DIRECTION('center_axis',(0.,-1.,2.22044604925031E-16));
#941=DIRECTION('ref_axis',(-0.923879532511287,8.49727915508613E-17,0.38268343236509));
#942=DIRECTION('center_axis',(0.,1.,-2.22044604925031E-16));
#943=DIRECTION('ref_axis',(0.923879532511287,-8.49727915508613E-17,-0.38268343236509));
#944=DIRECTION('center_axis',(0.,1.,-2.22044604925031E-16));
#945=DIRECTION('ref_axis',(0.923879532511287,-8.49727915508613E-17,-0.38268343236509));
#946=DIRECTION('center_axis',(0.,1.,-2.22044604925031E-16));
#947=DIRECTION('ref_axis',(0.923879532511287,-8.49727915508613E-17,-0.38268343236509));
#948=DIRECTION('',(1.,0.,0.));
#949=DIRECTION('center_axis',(0.,0.,-1.));
#950=DIRECTION('ref_axis',(0.,-1.,0.));
#951=DIRECTION('',(-1.,0.,0.));
#952=DIRECTION('',(0.,-1.,2.22044604925031E-16));
#953=DIRECTION('',(-1.,0.,0.));
#954=DIRECTION('center_axis',(0.,1.,0.));
#955=DIRECTION('ref_axis',(0.,0.,-1.));
#956=DIRECTION('',(1.,0.,0.));
#957=DIRECTION('center_axis',(0.,1.,0.));
#958=DIRECTION('ref_axis',(-0.923879532511287,8.49727915508613E-17,0.38268343236509));
#959=DIRECTION('center_axis',(0.,0.,1.));
#960=DIRECTION('ref_axis',(0.,1.,0.));
#961=DIRECTION('',(0.,1.,-2.22044604925031E-16));
#962=DIRECTION('center_axis',(8.49727915508613E-17,1.,-1.690213913024E-17));
#963=DIRECTION('ref_axis',(0.38268343236509,-1.690213913024E-17,0.923879532511287));
#964=DIRECTION('center_axis',(8.49727915508613E-17,1.,-1.690213913024E-17));
#965=DIRECTION('ref_axis',(-0.923879532511292,8.49727915508615E-17,0.382683432365078));
#966=DIRECTION('center_axis',(-1.23259516440783E-32,-1.,2.22044604925031E-16));
#967=DIRECTION('ref_axis',(-0.229112769370719,-2.16138193217482E-16,-0.973399886434799));
#968=DIRECTION('center_axis',(0.,-1.,2.22044604925031E-16));
#969=DIRECTION('ref_axis',(-6.10622663543836E-16,2.37576145432694E-16,1.));
#970=DIRECTION('center_axis',(0.,-1.,2.22044604925031E-16));
#971=DIRECTION('ref_axis',(-0.923879532511287,8.49727915508613E-17,0.38268343236509));
#972=DIRECTION('center_axis',(0.,1.,-2.22044604925031E-16));
#973=DIRECTION('ref_axis',(0.923879532511287,-8.49727915508613E-17,-0.38268343236509));
#974=DIRECTION('center_axis',(0.,1.,-2.22044604925031E-16));
#975=DIRECTION('ref_axis',(0.923879532511287,-8.49727915508613E-17,-0.38268343236509));
#976=DIRECTION('center_axis',(0.,-1.,2.22044604925031E-16));
#977=DIRECTION('ref_axis',(-0.923879532511287,8.49727915508613E-17,0.38268343236509));
#978=DIRECTION('',(0.,-1.,2.22044604925031E-16));
#979=DIRECTION('center_axis',(0.,1.,-2.22044604925031E-16));
#980=DIRECTION('ref_axis',(0.923879532511287,-8.49727915508613E-17,-0.38268343236509));
#981=DIRECTION('center_axis',(0.,1.,-2.22044604925031E-16));
#982=DIRECTION('ref_axis',(0.923879532511287,-8.49727915508613E-17,-0.38268343236509));
#983=DIRECTION('center_axis',(0.,-1.,2.22044604925031E-16));
#984=DIRECTION('ref_axis',(0.923879532511287,-8.49727915508613E-17,-0.38268343236509));
#985=DIRECTION('center_axis',(0.,-1.,2.22044604925031E-16));
#986=DIRECTION('ref_axis',(-0.923879532511287,8.49727915508613E-17,0.38268343236509));
#987=DIRECTION('center_axis',(0.,1.,-2.22044604925031E-16));
#988=DIRECTION('ref_axis',(0.923879532511287,-8.49727915508613E-17,-0.38268343236509));
#989=DIRECTION('',(0.,-1.,2.22044604925031E-16));
#990=DIRECTION('center_axis',(0.,1.,-2.22044604925031E-16));
#991=DIRECTION('ref_axis',(0.923879532511287,-8.49727915508613E-17,-0.38268343236509));
#992=DIRECTION('center_axis',(-0.38268343236509,-2.05142465794791E-16,-0.923879532511287));
#993=DIRECTION('ref_axis',(-0.923879532511287,8.49727915508613E-17,0.38268343236509));
#994=DIRECTION('',(-0.38268343236509,-2.05142465794791E-16,-0.923879532511287));
#995=DIRECTION('center_axis',(0.38268343236509,2.05142465794791E-16,0.923879532511287));
#996=DIRECTION('ref_axis',(1.46737519572361E-32,-1.,2.22044604925031E-16));
#997=DIRECTION('center_axis',(0.38268343236509,2.05142465794791E-16,0.923879532511287));
#998=DIRECTION('ref_axis',(0.923879532511287,-8.49727915508613E-17,-0.38268343236509));
#999=DIRECTION('center_axis',(-0.923879532511287,-8.49727915508613E-17,
-0.38268343236509));
#1000=DIRECTION('ref_axis',(-0.38268343236509,2.05142465794791E-16,0.923879532511287));
#1001=DIRECTION('',(-0.923879532511287,-8.49727915508613E-17,-0.38268343236509));
#1002=DIRECTION('center_axis',(0.923879532511287,8.49727915508613E-17,0.38268343236509));
#1003=DIRECTION('ref_axis',(0.38268343236509,-2.05142465794791E-16,-0.923879532511287));
#1004=DIRECTION('center_axis',(0.923879532511287,8.49727915508613E-17,0.38268343236509));
#1005=DIRECTION('ref_axis',(0.38268343236509,-2.05142465794791E-16,-0.923879532511287));
#1006=DIRECTION('center_axis',(-0.923879532511287,8.49727915508613E-17,
0.38268343236509));
#1007=DIRECTION('ref_axis',(0.38268343236509,2.05142465794791E-16,0.923879532511287));
#1008=DIRECTION('',(-0.923879532511287,8.49727915508613E-17,0.38268343236509));
#1009=DIRECTION('center_axis',(0.923879532511287,-8.49727915508613E-17,
-0.38268343236509));
#1010=DIRECTION('ref_axis',(-0.38268343236509,-2.05142465794791E-16,-0.923879532511287));
#1011=DIRECTION('center_axis',(0.923879532511287,-8.49727915508613E-17,
-0.38268343236509));
#1012=DIRECTION('ref_axis',(-0.38268343236509,-2.05142465794791E-16,-0.923879532511287));
#1013=DIRECTION('center_axis',(-0.38268343236509,2.05142465794791E-16,0.923879532511287));
#1014=DIRECTION('ref_axis',(0.923879532511287,8.49727915508613E-17,0.38268343236509));
#1015=DIRECTION('',(-0.38268343236509,2.05142465794791E-16,0.923879532511287));
#1016=DIRECTION('center_axis',(0.38268343236509,-2.05142465794791E-16,-0.923879532511287));
#1017=DIRECTION('ref_axis',(-0.923879532511287,-8.49727915508613E-17,-0.38268343236509));
#1018=DIRECTION('center_axis',(0.38268343236509,-2.05142465794791E-16,-0.923879532511287));
#1019=DIRECTION('ref_axis',(-0.923879532511287,-8.49727915508613E-17,-0.38268343236509));
#1020=DIRECTION('center_axis',(0.38268343236509,2.05142465794791E-16,0.923879532511287));
#1021=DIRECTION('ref_axis',(0.923879532511287,-8.49727915508613E-17,-0.38268343236509));
#1022=DIRECTION('',(0.38268343236509,2.05142465794791E-16,0.923879532511287));
#1023=DIRECTION('center_axis',(-0.38268343236509,-2.05142465794791E-16,
-0.923879532511287));
#1024=DIRECTION('ref_axis',(-0.923879532511287,8.49727915508613E-17,0.38268343236509));
#1025=DIRECTION('center_axis',(-0.38268343236509,-2.05142465794791E-16,
-0.923879532511287));
#1026=DIRECTION('ref_axis',(-0.923879532511287,8.49727915508613E-17,0.38268343236509));
#1027=DIRECTION('center_axis',(0.923879532511287,8.49727915508613E-17,0.38268343236509));
#1028=DIRECTION('ref_axis',(0.38268343236509,-2.05142465794791E-16,-0.923879532511287));
#1029=DIRECTION('',(0.923879532511287,8.49727915508613E-17,0.38268343236509));
#1030=DIRECTION('center_axis',(-0.923879532511287,-8.49727915508613E-17,
-0.38268343236509));
#1031=DIRECTION('ref_axis',(-0.38268343236509,2.05142465794791E-16,0.923879532511287));
#1032=DIRECTION('center_axis',(-0.923879532511287,-8.49727915508613E-17,
-0.38268343236509));
#1033=DIRECTION('ref_axis',(-0.38268343236509,2.05142465794791E-16,0.923879532511287));
#1034=DIRECTION('center_axis',(0.923879532511287,-8.49727915508613E-17,
-0.38268343236509));
#1035=DIRECTION('ref_axis',(-0.38268343236509,-2.05142465794791E-16,-0.923879532511287));
#1036=DIRECTION('',(0.923879532511287,-8.49727915508613E-17,-0.38268343236509));
#1037=DIRECTION('center_axis',(-0.923879532511287,8.49727915508613E-17,
0.38268343236509));
#1038=DIRECTION('ref_axis',(0.38268343236509,2.05142465794791E-16,0.923879532511287));
#1039=DIRECTION('center_axis',(-0.923879532511287,8.49727915508613E-17,
0.38268343236509));
#1040=DIRECTION('ref_axis',(0.38268343236509,2.05142465794791E-16,0.923879532511287));
#1041=DIRECTION('center_axis',(0.38268343236509,-2.05142465794791E-16,-0.923879532511287));
#1042=DIRECTION('ref_axis',(-0.923879532511287,-8.49727915508613E-17,-0.38268343236509));
#1043=DIRECTION('',(0.38268343236509,-2.05142465794791E-16,-0.923879532511287));
#1044=DIRECTION('center_axis',(-0.38268343236509,2.05142465794791E-16,0.923879532511287));
#1045=DIRECTION('ref_axis',(0.923879532511287,8.49727915508613E-17,0.38268343236509));
#1046=DIRECTION('center_axis',(-0.38268343236509,2.05142465794791E-16,0.923879532511287));
#1047=DIRECTION('ref_axis',(0.923879532511287,8.49727915508613E-17,0.38268343236509));
#1048=CARTESIAN_POINT('',(0.,0.,0.));
#1049=CARTESIAN_POINT('Origin',(5.55111512312578E-16,16.9864153590504,-10.500019843));
#1050=CARTESIAN_POINT('',(13.415231194874,11.3614153590504,-16.0564118369857));
#1051=CARTESIAN_POINT('',(13.4154237217133,11.299980157,-16.0568702935152));
#1052=CARTESIAN_POINT('',(13.4154237217133,16.9864153590504,-16.0568702935152));
#1053=CARTESIAN_POINT('',(14.4128571879625,11.299980157,-8.73317852530936));
#1054=CARTESIAN_POINT('Ctrl Pts',(13.4152311948741,11.3614153590504,-16.0564118369857));
#1055=CARTESIAN_POINT('Ctrl Pts',(13.6706756563533,11.3559407580129,-15.4413359394208));
#1056=CARTESIAN_POINT('Ctrl Pts',(14.4684164913504,11.3354623573294,-13.0755531440981));
#1057=CARTESIAN_POINT('Ctrl Pts',(14.6330712627094,11.314983956646,-10.5446696197843));
#1058=CARTESIAN_POINT('Ctrl Pts',(14.4127947421168,11.299980157,-8.73283461039925));
#1059=CARTESIAN_POINT('Origin',(1.11022302462516E-15,11.299980157,-10.500019843));
#1060=CARTESIAN_POINT('Origin',(5.55111512312578E-16,16.9864153590504,-10.500019843));
#1061=CARTESIAN_POINT('',(13.4165135825672,12.1114153590504,-16.0573649527881));
#1062=CARTESIAN_POINT('',(13.415492646795,11.9635449549496,-16.056507933953));
#1063=CARTESIAN_POINT('',(13.4154237217133,16.9864153590504,-16.0568702935152));
#1064=CARTESIAN_POINT('Ctrl Pts',(13.4165135825672,12.1114153590504,-16.0573649527881));
#1065=CARTESIAN_POINT('Ctrl Pts',(14.3170065039717,12.0920594804644,-13.8823959620542));
#1066=CARTESIAN_POINT('Ctrl Pts',(15.0461187636206,12.0530270416741,-9.04586541648888));
#1067=CARTESIAN_POINT('Ctrl Pts',(12.5831709897951,11.9943180426795,-2.10595817343012));
#1068=CARTESIAN_POINT('Ctrl Pts',(7.0916867868463,11.9352883620666,2.86053558083915));
#1069=CARTESIAN_POINT('Ctrl Pts',(-0.0990529500305333,11.8762586814537,
4.62567520430836));
#1070=CARTESIAN_POINT('Ctrl Pts',(-7.2660587697526,11.8172290008409,2.76651162126251));
#1071=CARTESIAN_POINT('Ctrl Pts',(-12.692026394454,11.758199320228,-2.27147696594189));
#1072=CARTESIAN_POINT('Ctrl Pts',(-15.0768293214111,11.6991696396151,-9.28112557580087));
#1073=CARTESIAN_POINT('Ctrl Pts',(-13.8490346385328,11.6401399590023,-16.5828372354348));
#1074=CARTESIAN_POINT('Ctrl Pts',(-9.30284644911069,11.5811102783894,-22.4270288729892));
#1075=CARTESIAN_POINT('Ctrl Pts',(-2.52756896654199,11.5220805977765,-25.4133655611384));
#1076=CARTESIAN_POINT('Ctrl Pts',(4.85332051991264,11.4630509171637,-24.8262730605487));
#1077=CARTESIAN_POINT('Ctrl Pts',(10.4946644760791,11.4094958375883,-21.1792595036877));
#1078=CARTESIAN_POINT('Ctrl Pts',(12.7525688772967,11.3756173182172,-17.6520135478471));
#1079=CARTESIAN_POINT('Ctrl Pts',(13.4152311948741,11.3614153590504,-16.0564118369857));
#1080=CARTESIAN_POINT('',(6.36800681928329,11.299980157,-23.5499497168369));
#1081=CARTESIAN_POINT('Origin',(1.11022302462516E-15,11.299980157,-10.500019843));
#1082=CARTESIAN_POINT('Ctrl Pts',(13.415492646795,11.9635449549496,-16.056507933953));
#1083=CARTESIAN_POINT('Ctrl Pts',(13.6369658282497,11.9587988512136,-15.5233202286213));
#1084=CARTESIAN_POINT('Ctrl Pts',(14.6131219411244,11.9343761872733,-12.7122681458287));
#1085=CARTESIAN_POINT('Ctrl Pts',(14.7577711675145,11.8902769631287,-7.18269914964648));
#1086=CARTESIAN_POINT('Ctrl Pts',(11.4152551184076,11.8312472825158,-0.575885332957611));
#1087=CARTESIAN_POINT('Ctrl Pts',(5.33749147083574,11.7722176019029,3.65298934900887));
#1088=CARTESIAN_POINT('Ctrl Pts',(-2.01917811299448,11.7131879212901,4.4906161890384));
#1089=CARTESIAN_POINT('Ctrl Pts',(-8.89207341177415,11.6541582406772,1.73632556042936));
#1090=CARTESIAN_POINT('Ctrl Pts',(-13.6342269404259,11.5951285600643,-3.94999248326791));
#1091=CARTESIAN_POINT('Ctrl Pts',(-15.1096331177382,11.5360988794515,-11.2056823536329));
#1092=CARTESIAN_POINT('Ctrl Pts',(-12.9642218958181,11.4770691988386,-18.2924776577825));
#1093=CARTESIAN_POINT('Ctrl Pts',(-7.71314939455633,11.4180395182257,-23.5117200387835));
#1094=CARTESIAN_POINT('Ctrl Pts',(-0.612423577144017,11.3590098376129,-25.6140013863718));
#1095=CARTESIAN_POINT('Ctrl Pts',(4.21683073191489,11.3196567172043,-24.5996644759411));
#1096=CARTESIAN_POINT('Ctrl Pts',(6.3680068192831,11.299980157,-23.549949716837));
#1097=CARTESIAN_POINT('Origin',(5.55111512312578E-16,16.9864153590504,-10.500019843));
#1098=CARTESIAN_POINT('',(13.4147870690664,12.8614153590504,-16.0569614391609));
#1099=CARTESIAN_POINT('',(13.4163998783823,12.7135449549496,-16.0574127237283));
#1100=CARTESIAN_POINT('',(13.4154237217133,16.9864153590504,-16.0568702935152));
#1101=CARTESIAN_POINT('Ctrl Pts',(13.4147870690664,12.8614153590504,-16.0569614391609));
#1102=CARTESIAN_POINT('Ctrl Pts',(14.0448345688474,12.8478547631201,-14.5322274855286));
#1103=CARTESIAN_POINT('Ctrl Pts',(14.9567337792748,12.8146176069856,-10.5319251497969));
#1104=CARTESIAN_POINT('Ctrl Pts',(13.6682232138526,12.7617038906467,-4.02112046273862));
#1105=CARTESIAN_POINT('Ctrl Pts',(8.95570672766813,12.7026742100339,1.68980296175728));
#1106=CARTESIAN_POINT('Ctrl Pts',(2.09729231352952,12.643644529421,4.4798943074544));
#1107=CARTESIAN_POINT('Ctrl Pts',(-5.26365923880227,12.5846148488081,3.68061323245356));
#1108=CARTESIAN_POINT('Ctrl Pts',(-11.3633730355377,12.5255851681953,-0.516522647133878));
#1109=CARTESIAN_POINT('Ctrl Pts',(-14.740282323983,12.4665554875824,-7.10582774329903));
#1110=CARTESIAN_POINT('Ctrl Pts',(-14.585237937028,12.4075258069695,-14.5084231820549));
#1111=CARTESIAN_POINT('Ctrl Pts',(-10.935390423283,12.3484961263567,-20.9505556803592));
#1112=CARTESIAN_POINT('Ctrl Pts',(-4.66528832216169,12.2894664457438,-24.8886107356121));
#1113=CARTESIAN_POINT('Ctrl Pts',(2.72267447674404,12.2304367651309,-25.3789817260758));
#1114=CARTESIAN_POINT('Ctrl Pts',(9.45825084187845,12.1714070845181,-22.3041697039379));
#1115=CARTESIAN_POINT('Ctrl Pts',(12.4620387785202,12.1317332824912,-18.3366120429715));
#1116=CARTESIAN_POINT('Ctrl Pts',(13.4015945218802,12.1117360406687,-16.0933990998577));
#1117=CARTESIAN_POINT('Ctrl Pts',(13.4165135825672,12.1114153590504,-16.0573649527881));
#1118=CARTESIAN_POINT('Ctrl Pts',(13.4163998783823,12.7135449549496,-16.0574127237283));
#1119=CARTESIAN_POINT('Ctrl Pts',(14.2823731227505,12.694917573665,-13.9640003581947));
#1120=CARTESIAN_POINT('Ctrl Pts',(15.0412396608233,12.6566136321762,-9.23491544255329));
#1121=CARTESIAN_POINT('Ctrl Pts',(12.7347413107798,12.5986331304831,-2.33773919119253));
#1122=CARTESIAN_POINT('Ctrl Pts',(7.33510472749354,12.5396034498702,2.72846080801851));
#1123=CARTESIAN_POINT('Ctrl Pts',(0.177886465773516,12.4805737692573,4.62495348337923));
#1124=CARTESIAN_POINT('Ctrl Pts',(-7.02195558409329,12.4215440886445,2.89731576508157));
#1125=CARTESIAN_POINT('Ctrl Pts',(-12.5392503719338,12.3625144080316,-2.04048900544484));
#1126=CARTESIAN_POINT('Ctrl Pts',(-15.0519858976132,12.3034847274187,-9.00530184539416));
#1127=CARTESIAN_POINT('Ctrl Pts',(-13.9580797680213,12.2444550468059,-16.3282675519459));
#1128=CARTESIAN_POINT('Ctrl Pts',(-9.51964526279715,12.185425366193,-22.2547131814257));
#1129=CARTESIAN_POINT('Ctrl Pts',(-2.80018637553043,12.1263956855801,-25.3645890294474));
#1130=CARTESIAN_POINT('Ctrl Pts',(4.59023211250084,12.0673660049673,-24.9127307265736));
#1131=CARTESIAN_POINT('Ctrl Pts',(10.3750015269206,12.0130824280904,-21.3214042002891));
#1132=CARTESIAN_POINT('Ctrl Pts',(12.7187746906529,11.9784754114179,-17.7338281668543));
#1133=CARTESIAN_POINT('Ctrl Pts',(13.415492646795,11.9635449549496,-16.056507933953));
#1134=CARTESIAN_POINT('Origin',(5.55111512312578E-16,16.9864153590504,-10.500019843));
#1135=CARTESIAN_POINT('',(13.414593834521,13.6114153590504,-16.0562961038055));
#1136=CARTESIAN_POINT('',(13.414603899275,13.4635449549496,-16.0568400033262));
#1137=CARTESIAN_POINT('',(13.4154237217133,16.9864153590504,-16.0568702935152));
#1138=CARTESIAN_POINT('Ctrl Pts',(13.414593834521,13.6114153590504,-16.0562961038055));
#1139=CARTESIAN_POINT('Ctrl Pts',(13.7766175330431,13.6036500457759,-15.1835992877353));
#1140=CARTESIAN_POINT('Ctrl Pts',(14.7576022623511,13.5762081722971,-11.9763452420823));
#1141=CARTESIAN_POINT('Ctrl Pts',(14.4638257501158,13.529089738614,-6.07348534368222));
#1142=CARTESIAN_POINT('Ctrl Pts',(10.6300730963768,13.4700600580011,0.260928487374136));
#1143=CARTESIAN_POINT('Ctrl Pts',(4.2492236556525,13.4110303773883,4.01688620917138));
#1144=CARTESIAN_POINT('Ctrl Pts',(-3.14979224755931,13.3520006967754,4.29441396842151));
#1145=CARTESIAN_POINT('Ctrl Pts',(-9.79407903078222,13.2929710161625,1.02701268675846));
#1146=CARTESIAN_POINT('Ctrl Pts',(-14.0915835290073,13.2339413355497,-5.00240793887928));
#1147=CARTESIAN_POINT('Ctrl Pts',(-15.0125705936368,13.1749116549368,-12.3491242679554));
#1148=CARTESIAN_POINT('Ctrl Pts',(-12.3363603505153,13.1158819743239,-19.2527723418174));
#1149=CARTESIAN_POINT('Ctrl Pts',(-6.70420582299949,13.0568522937111,-24.0591528273091));
#1150=CARTESIAN_POINT('Ctrl Pts',(0.534359211409684,12.9978226130982,-25.616597605063));
#1151=CARTESIAN_POINT('Ctrl Pts',(7.64488517984715,12.9387929324853,-23.5519236731039));
#1152=CARTESIAN_POINT('Ctrl Pts',(11.7109487435361,12.8933238478027,-19.5526011996657));
#1153=CARTESIAN_POINT('Ctrl Pts',(13.130629350673,12.8675313233244,-16.74463168874));
#1154=CARTESIAN_POINT('Ctrl Pts',(13.4147870690664,12.8614153590504,-16.0569614391609));
#1155=CARTESIAN_POINT('Ctrl Pts',(13.414603899275,13.4635449549496,-16.0568400033262));
#1156=CARTESIAN_POINT('Ctrl Pts',(14.0110105121932,13.4507128563208,-14.6140306787074));
#1157=CARTESIAN_POINT('Ctrl Pts',(14.9375470768282,13.4182041974877,-10.7158011375746));
#1158=CARTESIAN_POINT('Ctrl Pts',(13.7845486881269,13.3660189784503,-4.27244574373705));
#1159=CARTESIAN_POINT('Ctrl Pts',(9.17737828957675,13.3069892978375,1.52379774656594));
#1160=CARTESIAN_POINT('Ctrl Pts',(2.37119471939387,13.2479596172246,4.4389860576571));
#1161=CARTESIAN_POINT('Ctrl Pts',(-5.00315638795846,13.1889299366118,3.77460406990188));
#1162=CARTESIAN_POINT('Ctrl Pts',(-11.1786894396826,13.1299002559989,-0.310154087836349));
#1163=CARTESIAN_POINT('Ctrl Pts',(-14.6756704535823,13.070870575386,-6.83652991738978));
#1164=CARTESIAN_POINT('Ctrl Pts',(-14.6561795937356,13.0118408947731,-14.2407231743604));
#1165=CARTESIAN_POINT('Ctrl Pts',(-11.124887110876,12.9528112141603,-20.7485977183678));
#1166=CARTESIAN_POINT('Ctrl Pts',(-4.9279342925646,12.8937815335474,-24.800786441521));
#1167=CARTESIAN_POINT('Ctrl Pts',(2.44981243833663,12.8347518529346,-25.4263348843515));
#1168=CARTESIAN_POINT('Ctrl Pts',(9.24055385583564,12.7757221723217,-22.4753539149956));
#1169=CARTESIAN_POINT('Ctrl Pts',(12.3729574432855,12.7353198729934,-18.4916239652995));
#1170=CARTESIAN_POINT('Ctrl Pts',(13.3676243227006,12.7145941338693,-16.1753232389362));
#1171=CARTESIAN_POINT('Ctrl Pts',(13.4163998783823,12.7135449549496,-16.0574127237283));
#1172=CARTESIAN_POINT('Origin',(5.55111512312578E-16,16.9864153590504,-10.500019843));
#1173=CARTESIAN_POINT('',(13.4163392268879,14.3614153590504,-16.0570059871897));
#1174=CARTESIAN_POINT('',(13.4147703777636,14.2135449549496,-16.0563050546825));
#1175=CARTESIAN_POINT('',(13.4154237217133,16.9864153590504,-16.0568702935152));
#1176=CARTESIAN_POINT('Ctrl Pts',(13.4163392268879,14.3614153590504,-16.0570059871897));
#1177=CARTESIAN_POINT('Ctrl Pts',(13.5081977399219,14.3594453284316,-15.8357090302662));
#1178=CARTESIAN_POINT('Ctrl Pts',(14.4566949027973,14.3377987376086,-13.3790130410246));
#1179=CARTESIAN_POINT('Ctrl Pts',(14.9531302210976,14.2964755865813,-8.21959022259108));
#1180=CARTESIAN_POINT('Ctrl Pts',(12.0793281637909,14.2374459059684,-1.39582881370966));
#1181=CARTESIAN_POINT('Ctrl Pts',(6.31116988588945,14.1784162253555,3.24645598169109));
#1182=CARTESIAN_POINT('Ctrl Pts',(-0.969222623513596,14.1193865447427,4.59491541788814));
#1183=CARTESIAN_POINT('Ctrl Pts',(-8.01737742878311,14.0603568641298,2.32644195159866));
#1184=CARTESIAN_POINT('Ctrl Pts',(-13.144469590961,14.0013271835169,-3.01541015579115));
#1185=CARTESIAN_POINT('Ctrl Pts',(-15.1219845166247,13.9422975029041,-10.1506671741525));
#1186=CARTESIAN_POINT('Ctrl Pts',(-13.4760852067068,13.8832678222912,-17.3696334057834));
#1187=CARTESIAN_POINT('Ctrl Pts',(-8.60114946249406,13.8242381416783,-22.9425553936219));
#1188=CARTESIAN_POINT('Ctrl Pts',(-1.66527208941547,13.7652084610655,-25.5340922078348));
#1189=CARTESIAN_POINT('Ctrl Pts',(5.66962504100715,13.7061787804526,-24.5232796244403));
#1190=CARTESIAN_POINT('Ctrl Pts',(10.8598207276187,13.6549144131142,-20.7273174001901));
#1191=CARTESIAN_POINT('Ctrl Pts',(12.8592841496322,13.6233266059802,-17.394929447185));
#1192=CARTESIAN_POINT('Ctrl Pts',(13.414593834521,13.6114153590504,-16.0562961038055));
#1193=CARTESIAN_POINT('Ctrl Pts',(13.4147703777636,14.2135449549496,-16.0563050546825));
#1194=CARTESIAN_POINT('Ctrl Pts',(13.7429452578937,14.2065081389766,-15.2655574316269));
#1195=CARTESIAN_POINT('Ctrl Pts',(14.7252295651742,14.1797947627992,-12.1549497411697));
#1196=CARTESIAN_POINT('Ctrl Pts',(14.5424429486295,14.1334048264176,-6.33903260677106));
#1197=CARTESIAN_POINT('Ctrl Pts',(10.8253040244291,14.0743751458048,0.0645082807345089));
#1198=CARTESIAN_POINT('Ctrl Pts',(4.5142885717336,14.0153454651919,3.93665776605598));
#1199=CARTESIAN_POINT('Ctrl Pts',(-2.87840617058715,13.956315784579,4.34960101459543));
#1200=CARTESIAN_POINT('Ctrl Pts',(-9.5813992484176,13.8972861039661,1.20439172442346));
#1201=CARTESIAN_POINT('Ctrl Pts',(-13.9885707435088,13.8382564233533,-4.74533911763117));
#1202=CARTESIAN_POINT('Ctrl Pts',(-15.0439079405498,13.7792267427404,-12.0739625272988));
#1203=CARTESIAN_POINT('Ctrl Pts',(-12.4945390145214,13.7201970621275,-19.025449832844));
#1204=CARTESIAN_POINT('Ctrl Pts',(-6.95132424282334,13.6611673815147,-23.9341388304251));
#1205=CARTESIAN_POINT('Ctrl Pts',(0.257513660879288,13.6021377009018,-25.6238470177468));
#1206=CARTESIAN_POINT('Ctrl Pts',(7.40464811134196,13.5431080202889,-23.6896994465518));
#1207=CARTESIAN_POINT('Ctrl Pts',(11.609558121665,13.4969104383049,-19.7026162716394));
#1208=CARTESIAN_POINT('Ctrl Pts',(13.0964889701761,13.4703894165251,-16.8264142770897));
#1209=CARTESIAN_POINT('Ctrl Pts',(13.414603899275,13.4635449549496,-16.0568400033262));
#1210=CARTESIAN_POINT('Origin',(5.55111512312578E-16,16.9864153590504,-10.500019843));
#1211=CARTESIAN_POINT('',(13.4154881521452,15.1114153590504,-16.0573243580689));
#1212=CARTESIAN_POINT('',(13.4164724279484,14.9635449549496,-16.0571431451144));
#1213=CARTESIAN_POINT('',(13.4154237217133,16.9864153590504,-16.0568702935152));
#1214=CARTESIAN_POINT('Ctrl Pts',(13.4154881521452,15.1114153590504,-16.0573243580689));
#1215=CARTESIAN_POINT('Ctrl Pts',(14.1515785067941,15.0955640508831,-14.2752063704075));
#1216=CARTESIAN_POINT('Ctrl Pts',(15.0057712552641,15.0600361825115,-9.94940203089273));
#1217=CARTESIAN_POINT('Ctrl Pts',(13.2727398889752,15.0048317539357,-3.24540862222745));
#1218=CARTESIAN_POINT('Ctrl Pts',(8.23948626764728,14.9458020733228,2.18493121071101));
#1219=CARTESIAN_POINT('Ctrl Pts',(1.23186166162461,14.88677239271,4.57574773841847));
#1220=CARTESIAN_POINT('Ctrl Pts',(-6.0708879282427,14.8277427120971,3.35425044280212));
#1221=CARTESIAN_POINT('Ctrl Pts',(-11.9190000021134,14.7687130314842,-1.18691427037838));
#1222=CARTESIAN_POINT('Ctrl Pts',(-14.9111613534047,14.7096833508713,-7.95960748637005));
#1223=CARTESIAN_POINT('Ctrl Pts',(-14.3304298844267,14.6506536702585,-15.3410181851916));
#1224=CARTESIAN_POINT('Ctrl Pts',(-10.3159476472446,14.5916239896456,-21.5624642390822));
#1225=CARTESIAN_POINT('Ctrl Pts',(-3.8296383628859,14.5325943090327,-25.1332128352105));
#1226=CARTESIAN_POINT('Ctrl Pts',(3.5743002696914,14.4735646284199,-25.197667264719));
#1227=CARTESIAN_POINT('Ctrl Pts',(9.90327895142375,14.4165049784258,-21.8557659264215));
#1228=CARTESIAN_POINT('Ctrl Pts',(12.5907198363878,14.3791218886359,-18.046011172012));
#1229=CARTESIAN_POINT('Ctrl Pts',(13.4163392268879,14.3614153590504,-16.0570059871897));
#1230=CARTESIAN_POINT('Ctrl Pts',(13.4164724279484,14.9635449549496,-16.0571431451144));
#1231=CARTESIAN_POINT('Ctrl Pts',(13.4743307744745,14.9623034216323,-15.9176721420761));
#1232=CARTESIAN_POINT('Ctrl Pts',(14.4119776844148,14.9413853281107,-13.5524241270095));
#1233=CARTESIAN_POINT('Ctrl Pts',(14.99237501428,14.9007906743849,-8.49373575196251));
#1234=CARTESIAN_POINT('Ctrl Pts',(12.243983716703,14.841760993772,-1.618504586438));
#1235=CARTESIAN_POINT('Ctrl Pts',(6.561784260755,14.7827313131591,3.12860639647926));
#1236=CARTESIAN_POINT('Ctrl Pts',(-0.692700511266699,14.7237016325463,4.61012995235544));
#1237=CARTESIAN_POINT('Ctrl Pts',(-7.78120529813209,14.6646719519334,2.47107515774093));
#1238=CARTESIAN_POINT('Ctrl Pts',(-13.0052373985364,14.6056422713205,-2.77601425166407));
#1239=CARTESIAN_POINT('Ctrl Pts',(-15.1130539160413,14.5466125907077,-9.87387075121549));
#1240=CARTESIAN_POINT('Ctrl Pts',(-13.5995961298535,14.4875829100948,-17.1217603231504));
#1241=CARTESIAN_POINT('Ctrl Pts',(-8.82750714199281,14.4285532294819,-22.7829990939234));
#1242=CARTESIAN_POINT('Ctrl Pts',(-1.9402384424209,14.3695235488691,-25.5010843553918));
#1243=CARTESIAN_POINT('Ctrl Pts',(5.41193535456557,14.3104938682562,-24.6247293060535));
#1244=CARTESIAN_POINT('Ctrl Pts',(10.7454890212466,14.2585010036164,-20.8718424828249));
#1245=CARTESIAN_POINT('Ctrl Pts',(12.8252926134085,14.2261846991808,-17.4766701381499));
#1246=CARTESIAN_POINT('Ctrl Pts',(13.4147703777636,14.2135449549496,-16.0563050546825));
#1247=CARTESIAN_POINT('Origin',(0.,19.899980157,-10.500019843));
#1248=CARTESIAN_POINT('',(13.816637349922,14.6115523631768,-16.2228076329018));
#1249=CARTESIAN_POINT('',(13.8167745252511,14.7134079508232,-16.2229488831544));
#1250=CARTESIAN_POINT('',(13.8156945291738,19.899980157,-16.2226678905876));
#1251=CARTESIAN_POINT('',(14.8408133915211,15.299980157,-8.66378624332375));
#1252=CARTESIAN_POINT('Ctrl Pts',(13.816637349922,14.6115523631768,-16.2228076329018));
#1253=CARTESIAN_POINT('Ctrl Pts',(12.9663842730811,14.6292588927623,-18.2711579959223));
#1254=CARTESIAN_POINT('Ctrl Pts',(11.6554965279797,14.6469654223479,-20.1294912702797));
#1255=CARTESIAN_POINT('Ctrl Pts',(10.0075138722828,14.6646719519334,-21.6134768030688));
#1256=CARTESIAN_POINT('Ctrl Pts',(8.17617646741208,14.6843485121377,-23.2625707453436));
#1257=CARTESIAN_POINT('Ctrl Pts',(5.92856087571713,14.704025072342,-24.4493830149984));
#1258=CARTESIAN_POINT('Ctrl Pts',(3.53394523234616,14.7237016325463,-25.0317262279282));
#1259=CARTESIAN_POINT('Ctrl Pts',(1.13932958897518,14.7433781927506,-25.6140694408579));
#1260=CARTESIAN_POINT('Ctrl Pts',(-1.40228610607182,14.7630547529548,-25.5919435970627));
#1261=CARTESIAN_POINT('Ctrl Pts',(-3.7864004177736,14.7827313131591,-24.9679994017402));
#1262=CARTESIAN_POINT('Ctrl Pts',(-6.17051472947535,14.8024078733634,-24.3440552064177));
#1263=CARTESIAN_POINT('Ctrl Pts',(-8.39712765783189,14.8220844335677,-23.118292659568));
#1264=CARTESIAN_POINT('Ctrl Pts',(-10.1994775871069,14.841760993772,-21.4375658973326));
#1265=CARTESIAN_POINT('Ctrl Pts',(-12.0018275163819,14.8614375539763,-19.7568391350971));
#1266=CARTESIAN_POINT('Ctrl Pts',(-13.3799144465754,14.8811141141806,-17.6211481574759));
#1267=CARTESIAN_POINT('Ctrl Pts',(-14.1686343331965,14.9007906743849,-15.2863615029751));
#1268=CARTESIAN_POINT('Ctrl Pts',(-14.9573542198176,14.9204672345892,-12.9515748484743));
#1269=CARTESIAN_POINT('Ctrl Pts',(-15.1567070628663,14.9401437947935,-10.4176925170938));
#1270=CARTESIAN_POINT('Ctrl Pts',(-14.7428105990689,14.9598203549977,-7.98829011085772));
#1271=CARTESIAN_POINT('Ctrl Pts',(-14.3289141352715,14.979496915202,-5.55888770462165));
#1272=CARTESIAN_POINT('Ctrl Pts',(-13.3017683646281,14.9991734754063,-3.23396522352991));
#1273=CARTESIAN_POINT('Ctrl Pts',(-11.784428824087,15.0188500356106,-1.29206103500843));
#1274=CARTESIAN_POINT('Ctrl Pts',(-10.267089283546,15.0385265958149,0.64984315351307));
#1275=CARTESIAN_POINT('Ctrl Pts',(-8.25955597310715,15.0582031560192,2.2087290494643));
#1276=CARTESIAN_POINT('Ctrl Pts',(-6.00234950053585,15.0778797162235,3.19782910374925));
#1277=CARTESIAN_POINT('Ctrl Pts',(-3.74514302796454,15.0975562764278,4.18692915803419));
#1278=CARTESIAN_POINT('Ctrl Pts',(-1.23826339326072,15.117232836632,4.60624337065285));
#1279=CARTESIAN_POINT('Ctrl Pts',(1.21796115580802,15.1369093968363,4.40554207771354));
#1280=CARTESIAN_POINT('Ctrl Pts',(3.67418570487675,15.1565859570406,4.20484078477423));
#1281=CARTESIAN_POINT('Ctrl Pts',(6.0797551683104,15.1762625172449,3.38412398627697));
#1282=CARTESIAN_POINT('Ctrl Pts',(8.14644471042313,15.1959390774492,2.04170512341866));
#1283=CARTESIAN_POINT('Ctrl Pts',(10.2131342525359,15.2156156376535,0.699286260560349));
#1284=CARTESIAN_POINT('Ctrl Pts',(11.9409438733277,15.2352921978578,-1.16483466665901));
#1285=CARTESIAN_POINT('Ctrl Pts',(13.1229167109895,15.2549687580621,-3.32729753369681));
#1286=CARTESIAN_POINT('Ctrl Pts',(14.0241963787334,15.269972557708,-4.97622190167777));
#1287=CARTESIAN_POINT('Ctrl Pts',(14.6081052559248,15.284976357354,-6.7986139072778));
#1288=CARTESIAN_POINT('Ctrl Pts',(14.8408133915211,15.299980157,-8.66378624332375));
#1289=CARTESIAN_POINT('',(13.8156945291738,15.299980157,-16.2226678905876));
#1290=CARTESIAN_POINT('Origin',(-5.55111512312578E-16,15.299980157,-10.500019843));
#1291=CARTESIAN_POINT('',(13.8156945291738,15.699980157,-16.2226678905876));
#1292=CARTESIAN_POINT('',(13.8156945291738,19.899980157,-16.2226678905876));
#1293=CARTESIAN_POINT('',(13.8156945291738,19.899980157,-16.2226678905876));
#1294=CARTESIAN_POINT('Ctrl Pts',(13.8156945291738,19.899980157,-16.2226678905876));
#1295=CARTESIAN_POINT('Ctrl Pts',(13.9167436518986,19.899980157,-15.9787137280394));
#1296=CARTESIAN_POINT('Ctrl Pts',(14.0173170455897,19.8471375062879,-15.7157682416138));
#1297=CARTESIAN_POINT('Ctrl Pts',(14.1895409897324,19.6327156827994,-15.2271897169654));
#1298=CARTESIAN_POINT('Ctrl Pts',(14.2615640784936,19.471155706184,-15.0016796528544));
#1299=CARTESIAN_POINT('Ctrl Pts',(14.3697719744841,19.098650600558,-14.6433042100308));
#1300=CARTESIAN_POINT('Ctrl Pts',(14.4132640557695,18.8627455018469,-14.4864500734711));
#1301=CARTESIAN_POINT('Ctrl Pts',(14.4694013242662,18.3454542189054,-14.2776159226908));
#1302=CARTESIAN_POINT('Ctrl Pts',(14.4824233440161,18.0640377674258,-14.2258123875062));
#1303=CARTESIAN_POINT('Ctrl Pts',(14.4824233440161,17.5359225465742,-14.2258123875062));
#1304=CARTESIAN_POINT('Ctrl Pts',(14.4694013242662,17.2545060950946,-14.2776159226908));
#1305=CARTESIAN_POINT('Ctrl Pts',(14.4132640557695,16.7372148121531,-14.4864500734711));
#1306=CARTESIAN_POINT('Ctrl Pts',(14.3697719744841,16.501309713442,-14.6433042100308));
#1307=CARTESIAN_POINT('Ctrl Pts',(14.2615640784936,16.128804607816,-15.0016796528544));
#1308=CARTESIAN_POINT('Ctrl Pts',(14.1895409897324,15.9672446312006,-15.2271897169654));
#1309=CARTESIAN_POINT('Ctrl Pts',(14.0173170455897,15.7528228077121,-15.7157682416138));
#1310=CARTESIAN_POINT('Ctrl Pts',(13.9167436518986,15.699980157,-15.9787137280394));
#1311=CARTESIAN_POINT('Ctrl Pts',(13.8156945291738,15.699980157,-16.2226678905876));
#1312=CARTESIAN_POINT('',(13.8156945291738,20.099980157,-16.2226678905876));
#1313=CARTESIAN_POINT('',(13.8156945291738,19.899980157,-16.2226678905876));
#1314=CARTESIAN_POINT('',(14.9456393537915,20.099980157,-11.0000001490116));
#1315=CARTESIAN_POINT('Origin',(0.,20.099980157,-10.500019843));
#1316=CARTESIAN_POINT('',(14.9456393537915,19.699980157,-11.0000001490116));
#1317=CARTESIAN_POINT('',(14.9456393537915,19.899980157,-11.0000001490116));
#1318=CARTESIAN_POINT('',(14.9456380360834,19.699980157,-10.0000001490116));
#1319=CARTESIAN_POINT('Origin',(0.,19.699980157,-10.500019843));
#1320=CARTESIAN_POINT('',(14.9456380360834,20.099980157,-10.0000001490116));
#1321=CARTESIAN_POINT('',(14.9456380360834,19.899980157,-10.0000001490116));
#1322=CARTESIAN_POINT('',(-14.9456380360834,20.099980157,-10.0000001490116));
#1323=CARTESIAN_POINT('Origin',(0.,20.099980157,-10.500019843));
#1324=CARTESIAN_POINT('',(-14.9456380360834,19.699980157,-10.0000001490116));
#1325=CARTESIAN_POINT('',(-14.9456380360834,19.899980157,-10.0000001490116));
#1326=CARTESIAN_POINT('',(-14.9456393537915,19.699980157,-11.0000001490116));
#1327=CARTESIAN_POINT('Origin',(0.,19.699980157,-10.500019843));
#1328=CARTESIAN_POINT('',(-14.9456393537915,20.099980157,-11.0000001490116));
#1329=CARTESIAN_POINT('',(-14.9456393537915,19.899980157,-11.0000001490116));
#1330=CARTESIAN_POINT('Origin',(0.,20.099980157,-10.500019843));
#1331=CARTESIAN_POINT('',(12.8751529280827,17.799980157,-18.1061064240536));
#1332=CARTESIAN_POINT('Ctrl Pts',(12.8751529280827,17.799980157,-18.1061064240536));
#1333=CARTESIAN_POINT('Ctrl Pts',(12.8751529280827,18.0640377674258,-18.1061064240536));
#1334=CARTESIAN_POINT('Ctrl Pts',(12.9025756006314,18.3454542189054,-18.0602678345652));
#1335=CARTESIAN_POINT('Ctrl Pts',(13.0105486015601,18.8627455018469,-17.8729047471738));
#1336=CARTESIAN_POINT('Ctrl Pts',(13.0907076795738,19.098650600558,-17.7312385779504));
#1337=CARTESIAN_POINT('Ctrl Pts',(13.2676028483723,19.471155706184,-17.4013143350863));
#1338=CARTESIAN_POINT('Ctrl Pts',(13.3761345294659,19.6327156827994,-17.1909266250626));
#1339=CARTESIAN_POINT('Ctrl Pts',(13.5998309986009,19.8471375062879,-16.7236687183556));
#1340=CARTESIAN_POINT('Ctrl Pts',(13.714645406449,19.899980157,-16.4666220531357));
#1341=CARTESIAN_POINT('Ctrl Pts',(13.8156945291738,19.899980157,-16.2226678905876));
#1342=CARTESIAN_POINT('Ctrl Pts',(13.8156945291738,15.699980157,-16.2226678905876));
#1343=CARTESIAN_POINT('Ctrl Pts',(13.714645406449,15.699980157,-16.4666220531357));
#1344=CARTESIAN_POINT('Ctrl Pts',(13.5998309986009,15.7528228077121,-16.7236687183556));
#1345=CARTESIAN_POINT('Ctrl Pts',(13.3761345294659,15.9672446312006,-17.1909266250626));
#1346=CARTESIAN_POINT('Ctrl Pts',(13.2676028483723,16.128804607816,-17.4013143350863));
#1347=CARTESIAN_POINT('Ctrl Pts',(13.0907076795738,16.501309713442,-17.7312385779504));
#1348=CARTESIAN_POINT('Ctrl Pts',(13.0105486015601,16.7372148121531,-17.8729047471738));
#1349=CARTESIAN_POINT('Ctrl Pts',(12.9025756006314,17.2545060950946,-18.0602678345652));
#1350=CARTESIAN_POINT('Ctrl Pts',(12.8751529280827,17.5359225465742,-18.1061064240536));
#1351=CARTESIAN_POINT('Ctrl Pts',(12.8751529280827,17.799980157,-18.1061064240536));
#1352=CARTESIAN_POINT('',(8.37399375623019,15.299980157,1.88942504249094));
#1353=CARTESIAN_POINT('Origin',(-5.55111512312578E-16,15.299980157,-10.500019843));
#1354=CARTESIAN_POINT('Ctrl Pts',(8.37399375623033,15.299980157,1.88942504249085));
#1355=CARTESIAN_POINT('Ctrl Pts',(6.33169331238908,15.2803035967957,3.26981063063784));
#1356=CARTESIAN_POINT('Ctrl Pts',(3.9425691406076,15.2606270365914,4.13492250712537));
#1357=CARTESIAN_POINT('Ctrl Pts',(1.49074264855869,15.2409504763871,4.38073063339194));
#1358=CARTESIAN_POINT('Ctrl Pts',(-0.96108384349022,15.2212739161829,4.6265387596585));
#1359=CARTESIAN_POINT('Ctrl Pts',(-3.47561265580657,15.2015973559786,4.2530431357041));
#1360=CARTESIAN_POINT('Ctrl Pts',(-5.75065074056425,15.1819207957743,3.30539460861212));
#1361=CARTESIAN_POINT('Ctrl Pts',(-8.02568882532195,15.16224423557,2.35774608152013));
#1362=CARTESIAN_POINT('Ctrl Pts',(-10.061236182521,15.1425676753657,0.835944651290558));
#1363=CARTESIAN_POINT('Ctrl Pts',(-11.6138264201028,15.1228911151614,-1.07783700519461));
#1364=CARTESIAN_POINT('Ctrl Pts',(-13.1664166576846,15.1032145549571,-2.99161866167977));
#1365=CARTESIAN_POINT('Ctrl Pts',(-14.2360497756492,15.0835379947528,-5.29738054442051));
#1366=CARTESIAN_POINT('Ctrl Pts',(-14.694378226841,15.0638614345485,-7.71880663098908));
#1367=CARTESIAN_POINT('Ctrl Pts',(-15.1527066780329,15.0441848743443,-10.1402327175576));
#1368=CARTESIAN_POINT('Ctrl Pts',(-14.999730462452,15.02450831414,-12.677323007954));
#1369=CARTESIAN_POINT('Ctrl Pts',(-14.2538764956994,15.0048317539357,-15.026154033801));
#1370=CARTESIAN_POINT('Ctrl Pts',(-13.5080225289467,14.9851551937314,-17.3749850596479));
#1371=CARTESIAN_POINT('Ctrl Pts',(-12.1692908110223,14.9654786335271,-19.5355568209454));
#1372=CARTESIAN_POINT('Ctrl Pts',(-10.3980198291155,14.9458020733228,-21.2490016370263));
#1373=CARTESIAN_POINT('Ctrl Pts',(-8.62674884720866,14.9261255131185,-22.9624464531072));
#1374=CARTESIAN_POINT('Ctrl Pts',(-6.4229386013194,14.9064489529142,-24.2287643239715));
#1375=CARTESIAN_POINT('Ctrl Pts',(-4.05064416134056,14.8867723927099,-24.8962514973631));
#1376=CARTESIAN_POINT('Ctrl Pts',(-1.67834972136172,14.8670958325056,-25.5637386707547));
#1377=CARTESIAN_POINT('Ctrl Pts',(0.862428912706699,14.8474192723014,-25.6323951466736));
#1378=CARTESIAN_POINT('Ctrl Pts',(3.26730330823287,14.8277427120971,-25.0939909677532));
#1379=CARTESIAN_POINT('Ctrl Pts',(5.67217770375905,14.8080661518928,-24.5555867888329));
#1380=CARTESIAN_POINT('Ctrl Pts',(7.94114786074298,14.7883895916885,-23.4101219550732));
#1381=CARTESIAN_POINT('Ctrl Pts',(9.80237085689471,14.7687130314842,-21.794832477129));
#1382=CARTESIAN_POINT('Ctrl Pts',(11.5461561334132,14.7502780045972,-20.2814630341454));
#1383=CARTESIAN_POINT('Ctrl Pts',(12.9320262127971,14.7318429777102,-18.3556875800474));
#1384=CARTESIAN_POINT('Ctrl Pts',(13.8167745252511,14.7134079508232,-16.2229488831544));
#1385=CARTESIAN_POINT('',(-3.72579254450615,17.799980157,3.98240350101609));
#1386=CARTESIAN_POINT('Ctrl Pts',(-3.72579254450615,17.799980157,3.98240350101609));
#1387=CARTESIAN_POINT('Ctrl Pts',(-3.72579254450615,18.0640377674258,3.98240350101609));
#1388=CARTESIAN_POINT('Ctrl Pts',(-3.77759607969083,18.3454542189054,3.96938148126623));
#1389=CARTESIAN_POINT('Ctrl Pts',(-3.98643023047108,18.8627455018469,3.91324421276948));
#1390=CARTESIAN_POINT('Ctrl Pts',(-4.14328436703083,19.098650600558,3.86975213148412));
#1391=CARTESIAN_POINT('Ctrl Pts',(-4.50165980985443,19.471155706184,3.76154423549362));
#1392=CARTESIAN_POINT('Ctrl Pts',(-4.72716987396536,19.6327156827994,3.68952114673236));
#1393=CARTESIAN_POINT('Ctrl Pts',(-5.21574839861378,19.8471375062879,3.51729720258967));
#1394=CARTESIAN_POINT('Ctrl Pts',(-5.47869388503937,19.899980157,3.4167238088986));
#1395=CARTESIAN_POINT('Ctrl Pts',(-5.96660221013573,19.899980157,3.21462556344895));
#1396=CARTESIAN_POINT('Ctrl Pts',(-6.22364887535556,19.8471375062879,3.09981115560091));
#1397=CARTESIAN_POINT('Ctrl Pts',(-6.69090678206257,19.6327156827994,2.87611468646589));
#1398=CARTESIAN_POINT('Ctrl Pts',(-6.90129449208631,19.471155706184,2.76758300537232));
#1399=CARTESIAN_POINT('Ctrl Pts',(-7.23121873495042,19.098650600558,2.59068783657384));
#1400=CARTESIAN_POINT('Ctrl Pts',(-7.37288490417377,18.8627455018469,2.51052875856007));
#1401=CARTESIAN_POINT('Ctrl Pts',(-7.56024799156516,18.3454542189054,2.40255575763136));
#1402=CARTESIAN_POINT('Ctrl Pts',(-7.60608658105355,18.0640377674258,2.37513308508272));
#1403=CARTESIAN_POINT('Ctrl Pts',(-7.60608658105355,17.5359225465742,2.37513308508272));
#1404=CARTESIAN_POINT('Ctrl Pts',(-7.56024799156516,17.2545060950946,2.40255575763136));
#1405=CARTESIAN_POINT('Ctrl Pts',(-7.37288490417377,16.7372148121532,2.51052875856007));
#1406=CARTESIAN_POINT('Ctrl Pts',(-7.23121873495042,16.501309713442,2.59068783657384));
#1407=CARTESIAN_POINT('Ctrl Pts',(-6.90129449208631,16.128804607816,2.76758300537232));
#1408=CARTESIAN_POINT('Ctrl Pts',(-6.69090678206257,15.9672446312006,2.8761146864659));
#1409=CARTESIAN_POINT('Ctrl Pts',(-6.22364887535556,15.7528228077121,3.09981115560092));
#1410=CARTESIAN_POINT('Ctrl Pts',(-5.96660221013573,15.699980157,3.21462556344895));
#1411=CARTESIAN_POINT('Ctrl Pts',(-5.47869388503937,15.699980157,3.41672380889861));
#1412=CARTESIAN_POINT('Ctrl Pts',(-5.21574839861378,15.7528228077121,3.51729720258967));
#1413=CARTESIAN_POINT('Ctrl Pts',(-4.72716987396536,15.9672446312006,3.68952114673237));
#1414=CARTESIAN_POINT('Ctrl Pts',(-4.50165980985443,16.128804607816,3.76154423549362));
#1415=CARTESIAN_POINT('Ctrl Pts',(-4.14328436703083,16.501309713442,3.86975213148412));
#1416=CARTESIAN_POINT('Ctrl Pts',(-3.98643023047108,16.7372148121531,3.91324421276948));
#1417=CARTESIAN_POINT('Ctrl Pts',(-3.77759607969083,17.2545060950946,3.96938148126623));
#1418=CARTESIAN_POINT('Ctrl Pts',(-3.72579254450615,17.5359225465742,3.98240350101609));
#1419=CARTESIAN_POINT('Ctrl Pts',(-3.72579254450615,17.799980157,3.98240350101609));
#1420=CARTESIAN_POINT('',(-14.4824233440161,17.799980157,-14.2258123875062));
#1421=CARTESIAN_POINT('Ctrl Pts',(-14.4824233440161,17.799980157,-14.2258123875062));
#1422=CARTESIAN_POINT('Ctrl Pts',(-14.4824233440161,18.0640377674258,-14.2258123875062));
#1423=CARTESIAN_POINT('Ctrl Pts',(-14.4694013242662,18.3454542189054,-14.2776159226908));
#1424=CARTESIAN_POINT('Ctrl Pts',(-14.4132640557695,18.8627455018468,-14.4864500734711));
#1425=CARTESIAN_POINT('Ctrl Pts',(-14.3697719744841,19.098650600558,-14.6433042100308));
#1426=CARTESIAN_POINT('Ctrl Pts',(-14.2615640784936,19.471155706184,-15.0016796528544));
#1427=CARTESIAN_POINT('Ctrl Pts',(-14.1895409897324,19.6327156827994,-15.2271897169654));
#1428=CARTESIAN_POINT('Ctrl Pts',(-14.0173170455897,19.8471375062879,-15.7157682416138));
#1429=CARTESIAN_POINT('Ctrl Pts',(-13.9167436518986,19.899980157,-15.9787137280394));
#1430=CARTESIAN_POINT('Ctrl Pts',(-13.714645406449,19.899980157,-16.4666220531357));
#1431=CARTESIAN_POINT('Ctrl Pts',(-13.5998309986009,19.8471375062879,-16.7236687183556));
#1432=CARTESIAN_POINT('Ctrl Pts',(-13.3761345294659,19.6327156827994,-17.1909266250626));
#1433=CARTESIAN_POINT('Ctrl Pts',(-13.2676028483723,19.471155706184,-17.4013143350863));
#1434=CARTESIAN_POINT('Ctrl Pts',(-13.0907076795738,19.098650600558,-17.7312385779504));
#1435=CARTESIAN_POINT('Ctrl Pts',(-13.0105486015601,18.8627455018468,-17.8729047471738));
#1436=CARTESIAN_POINT('Ctrl Pts',(-12.9025756006314,18.3454542189054,-18.0602678345652));
#1437=CARTESIAN_POINT('Ctrl Pts',(-12.8751529280827,18.0640377674258,-18.1061064240536));
#1438=CARTESIAN_POINT('Ctrl Pts',(-12.8751529280827,17.5359225465742,-18.1061064240536));
#1439=CARTESIAN_POINT('Ctrl Pts',(-12.9025756006314,17.2545060950946,-18.0602678345652));
#1440=CARTESIAN_POINT('Ctrl Pts',(-13.0105486015601,16.7372148121531,-17.8729047471738));
#1441=CARTESIAN_POINT('Ctrl Pts',(-13.0907076795738,16.501309713442,-17.7312385779504));
#1442=CARTESIAN_POINT('Ctrl Pts',(-13.2676028483723,16.1288046078159,-17.4013143350863));
#1443=CARTESIAN_POINT('Ctrl Pts',(-13.3761345294659,15.9672446312006,-17.1909266250626));
#1444=CARTESIAN_POINT('Ctrl Pts',(-13.5998309986009,15.7528228077121,-16.7236687183556));
#1445=CARTESIAN_POINT('Ctrl Pts',(-13.714645406449,15.699980157,-16.4666220531357));
#1446=CARTESIAN_POINT('Ctrl Pts',(-13.9167436518986,15.699980157,-15.9787137280394));
#1447=CARTESIAN_POINT('Ctrl Pts',(-14.0173170455897,15.7528228077121,-15.7157682416138));
#1448=CARTESIAN_POINT('Ctrl Pts',(-14.1895409897324,15.9672446312006,-15.2271897169654));
#1449=CARTESIAN_POINT('Ctrl Pts',(-14.2615640784936,16.1288046078159,-15.0016796528544));
#1450=CARTESIAN_POINT('Ctrl Pts',(-14.3697719744841,16.501309713442,-14.6433042100308));
#1451=CARTESIAN_POINT('Ctrl Pts',(-14.4132640557695,16.7372148121531,-14.4864500734711));
#1452=CARTESIAN_POINT('Ctrl Pts',(-14.4694013242662,17.2545060950946,-14.2776159226908));
#1453=CARTESIAN_POINT('Ctrl Pts',(-14.4824233440161,17.5359225465742,-14.2258123875062));
#1454=CARTESIAN_POINT('Ctrl Pts',(-14.4824233440161,17.799980157,-14.2258123875062));
#1455=CARTESIAN_POINT('',(-7.60608658105356,17.799980157,-23.3751727710827));
#1456=CARTESIAN_POINT('Ctrl Pts',(-7.60608658105356,17.799980157,-23.3751727710827));
#1457=CARTESIAN_POINT('Ctrl Pts',(-7.60608658105356,18.0640377674258,-23.3751727710827));
#1458=CARTESIAN_POINT('Ctrl Pts',(-7.56024799156516,18.3454542189054,-23.4025954436314));
#1459=CARTESIAN_POINT('Ctrl Pts',(-7.37288490417378,18.8627455018468,-23.5105684445601));
#1460=CARTESIAN_POINT('Ctrl Pts',(-7.23121873495042,19.098650600558,-23.5907275225738));
#1461=CARTESIAN_POINT('Ctrl Pts',(-6.90129449208631,19.471155706184,-23.7676226913723));
#1462=CARTESIAN_POINT('Ctrl Pts',(-6.69090678206257,19.6327156827994,-23.8761543724659));
#1463=CARTESIAN_POINT('Ctrl Pts',(-6.22364887535556,19.8471375062879,-24.0998508416009));
#1464=CARTESIAN_POINT('Ctrl Pts',(-5.96660221013573,19.899980157,-24.214665249449));
#1465=CARTESIAN_POINT('Ctrl Pts',(-5.47869388503937,19.899980157,-24.4167634948986));
#1466=CARTESIAN_POINT('Ctrl Pts',(-5.21574839861378,19.8471375062879,-24.5173368885897));
#1467=CARTESIAN_POINT('Ctrl Pts',(-4.72716987396537,19.6327156827994,-24.6895608327324));
#1468=CARTESIAN_POINT('Ctrl Pts',(-4.50165980985443,19.471155706184,-24.7615839214936));
#1469=CARTESIAN_POINT('Ctrl Pts',(-4.14328436703083,19.098650600558,-24.8697918174841));
#1470=CARTESIAN_POINT('Ctrl Pts',(-3.98643023047108,18.8627455018468,-24.9132838987695));
#1471=CARTESIAN_POINT('Ctrl Pts',(-3.77759607969083,18.3454542189054,-24.9694211672662));
#1472=CARTESIAN_POINT('Ctrl Pts',(-3.72579254450615,18.0640377674258,-24.9824431870161));
#1473=CARTESIAN_POINT('Ctrl Pts',(-3.72579254450615,17.5359225465742,-24.9824431870161));
#1474=CARTESIAN_POINT('Ctrl Pts',(-3.77759607969083,17.2545060950946,-24.9694211672662));
#1475=CARTESIAN_POINT('Ctrl Pts',(-3.98643023047108,16.7372148121531,-24.9132838987695));
#1476=CARTESIAN_POINT('Ctrl Pts',(-4.14328436703083,16.501309713442,-24.8697918174841));
#1477=CARTESIAN_POINT('Ctrl Pts',(-4.50165980985442,16.128804607816,-24.7615839214936));
#1478=CARTESIAN_POINT('Ctrl Pts',(-4.72716987396536,15.9672446312006,-24.6895608327324));
#1479=CARTESIAN_POINT('Ctrl Pts',(-5.21574839861378,15.7528228077121,-24.5173368885897));
#1480=CARTESIAN_POINT('Ctrl Pts',(-5.47869388503937,15.699980157,-24.4167634948986));
#1481=CARTESIAN_POINT('Ctrl Pts',(-5.96660221013573,15.699980157,-24.214665249449));
#1482=CARTESIAN_POINT('Ctrl Pts',(-6.22364887535556,15.7528228077121,-24.0998508416009));
#1483=CARTESIAN_POINT('Ctrl Pts',(-6.69090678206257,15.9672446312006,-23.8761543724659));
#1484=CARTESIAN_POINT('Ctrl Pts',(-6.90129449208631,16.1288046078159,-23.7676226913723));
#1485=CARTESIAN_POINT('Ctrl Pts',(-7.23121873495042,16.501309713442,-23.5907275225739));
#1486=CARTESIAN_POINT('Ctrl Pts',(-7.37288490417377,16.7372148121531,-23.5105684445601));
#1487=CARTESIAN_POINT('Ctrl Pts',(-7.56024799156516,17.2545060950946,-23.4025954436314));
#1488=CARTESIAN_POINT('Ctrl Pts',(-7.60608658105356,17.5359225465742,-23.3751727710827));
#1489=CARTESIAN_POINT('Ctrl Pts',(-7.60608658105356,17.799980157,-23.3751727710827));
#1490=CARTESIAN_POINT('',(3.72579254450615,17.799980157,-24.9824431870161));
#1491=CARTESIAN_POINT('Ctrl Pts',(3.72579254450616,17.799980157,-24.9824431870161));
#1492=CARTESIAN_POINT('Ctrl Pts',(3.72579254450616,18.0640377674258,-24.9824431870161));
#1493=CARTESIAN_POINT('Ctrl Pts',(3.77759607969083,18.3454542189054,-24.9694211672662));
#1494=CARTESIAN_POINT('Ctrl Pts',(3.98643023047108,18.8627455018468,-24.9132838987695));
#1495=CARTESIAN_POINT('Ctrl Pts',(4.14328436703083,19.098650600558,-24.8697918174841));
#1496=CARTESIAN_POINT('Ctrl Pts',(4.50165980985443,19.471155706184,-24.7615839214936));
#1497=CARTESIAN_POINT('Ctrl Pts',(4.72716987396536,19.6327156827994,-24.6895608327324));
#1498=CARTESIAN_POINT('Ctrl Pts',(5.21574839861378,19.8471375062879,-24.5173368885897));
#1499=CARTESIAN_POINT('Ctrl Pts',(5.47869388503937,19.899980157,-24.4167634948986));
#1500=CARTESIAN_POINT('Ctrl Pts',(5.96660221013574,19.899980157,-24.214665249449));
#1501=CARTESIAN_POINT('Ctrl Pts',(6.22364887535557,19.8471375062879,-24.0998508416009));
#1502=CARTESIAN_POINT('Ctrl Pts',(6.69090678206257,19.6327156827994,-23.8761543724659));
#1503=CARTESIAN_POINT('Ctrl Pts',(6.90129449208631,19.471155706184,-23.7676226913723));
#1504=CARTESIAN_POINT('Ctrl Pts',(7.23121873495042,19.098650600558,-23.5907275225739));
#1505=CARTESIAN_POINT('Ctrl Pts',(7.37288490417378,18.8627455018468,-23.5105684445601));
#1506=CARTESIAN_POINT('Ctrl Pts',(7.56024799156517,18.3454542189054,-23.4025954436314));
#1507=CARTESIAN_POINT('Ctrl Pts',(7.60608658105356,18.0640377674258,-23.3751727710827));
#1508=CARTESIAN_POINT('Ctrl Pts',(7.60608658105356,17.5359225465742,-23.3751727710827));
#1509=CARTESIAN_POINT('Ctrl Pts',(7.56024799156516,17.2545060950946,-23.4025954436314));
#1510=CARTESIAN_POINT('Ctrl Pts',(7.37288490417378,16.7372148121532,-23.5105684445601));
#1511=CARTESIAN_POINT('Ctrl Pts',(7.23121873495042,16.501309713442,-23.5907275225739));
#1512=CARTESIAN_POINT('Ctrl Pts',(6.90129449208631,16.128804607816,-23.7676226913723));
#1513=CARTESIAN_POINT('Ctrl Pts',(6.69090678206257,15.9672446312006,-23.8761543724659));
#1514=CARTESIAN_POINT('Ctrl Pts',(6.22364887535557,15.7528228077121,-24.0998508416009));
#1515=CARTESIAN_POINT('Ctrl Pts',(5.96660221013574,15.699980157,-24.214665249449));
#1516=CARTESIAN_POINT('Ctrl Pts',(5.47869388503937,15.699980157,-24.4167634948986));
#1517=CARTESIAN_POINT('Ctrl Pts',(5.21574839861378,15.7528228077121,-24.5173368885897));
#1518=CARTESIAN_POINT('Ctrl Pts',(4.72716987396536,15.9672446312006,-24.6895608327324));
#1519=CARTESIAN_POINT('Ctrl Pts',(4.50165980985443,16.128804607816,-24.7615839214936));
#1520=CARTESIAN_POINT('Ctrl Pts',(4.14328436703083,16.501309713442,-24.8697918174841));
#1521=CARTESIAN_POINT('Ctrl Pts',(3.98643023047108,16.7372148121531,-24.9132838987695));
#1522=CARTESIAN_POINT('Ctrl Pts',(3.77759607969083,17.2545060950946,-24.9694211672662));
#1523=CARTESIAN_POINT('Ctrl Pts',(3.72579254450616,17.5359225465742,-24.9824431870161));
#1524=CARTESIAN_POINT('Ctrl Pts',(3.72579254450616,17.799980157,-24.9824431870161));
#1525=CARTESIAN_POINT('',(14.4824233440161,17.799980157,-6.77422729849385));
#1526=CARTESIAN_POINT('Ctrl Pts',(14.4824233440161,17.799980157,-6.77422729849385));
#1527=CARTESIAN_POINT('Ctrl Pts',(14.4824233440161,18.0640377674258,-6.77422729849385));
#1528=CARTESIAN_POINT('Ctrl Pts',(14.4694013242662,18.3454542189054,-6.72242376330918));
#1529=CARTESIAN_POINT('Ctrl Pts',(14.4132640557695,18.8627455018469,-6.51358961252893));
#1530=CARTESIAN_POINT('Ctrl Pts',(14.3697719744841,19.098650600558,-6.35673547596918));
#1531=CARTESIAN_POINT('Ctrl Pts',(14.2615640784936,19.471155706184,-5.99836003314558));
#1532=CARTESIAN_POINT('Ctrl Pts',(14.1895409897324,19.6327156827994,-5.77284996903464));
#1533=CARTESIAN_POINT('Ctrl Pts',(14.0173170455897,19.8471375062879,-5.28427144438623));
#1534=CARTESIAN_POINT('Ctrl Pts',(13.9167436518986,19.899980157,-5.02132595796063));
#1535=CARTESIAN_POINT('Ctrl Pts',(13.714645406449,19.899980157,-4.53341763286427));
#1536=CARTESIAN_POINT('Ctrl Pts',(13.5998309986009,19.8471375062879,-4.27637096764444));
#1537=CARTESIAN_POINT('Ctrl Pts',(13.3761345294659,19.6327156827994,-3.80911306093744));
#1538=CARTESIAN_POINT('Ctrl Pts',(13.2676028483723,19.471155706184,-3.59872535091369));
#1539=CARTESIAN_POINT('Ctrl Pts',(13.0907076795738,19.098650600558,-3.26880110804959));
#1540=CARTESIAN_POINT('Ctrl Pts',(13.0105486015601,18.8627455018469,-3.12713493882623));
#1541=CARTESIAN_POINT('Ctrl Pts',(12.9025756006314,18.3454542189054,-2.93977185143484));
#1542=CARTESIAN_POINT('Ctrl Pts',(12.8751529280827,18.0640377674258,-2.89393326194645));
#1543=CARTESIAN_POINT('Ctrl Pts',(12.8751529280827,17.5359225465742,-2.89393326194645));
#1544=CARTESIAN_POINT('Ctrl Pts',(12.9025756006314,17.2545060950946,-2.93977185143484));
#1545=CARTESIAN_POINT('Ctrl Pts',(13.0105486015601,16.7372148121532,-3.12713493882623));
#1546=CARTESIAN_POINT('Ctrl Pts',(13.0907076795738,16.501309713442,-3.26880110804959));
#1547=CARTESIAN_POINT('Ctrl Pts',(13.2676028483723,16.128804607816,-3.59872535091369));
#1548=CARTESIAN_POINT('Ctrl Pts',(13.3761345294659,15.9672446312006,-3.80911306093743));
#1549=CARTESIAN_POINT('Ctrl Pts',(13.5998309986009,15.7528228077121,-4.27637096764444));
#1550=CARTESIAN_POINT('Ctrl Pts',(13.714645406449,15.699980157,-4.53341763286427));
#1551=CARTESIAN_POINT('Ctrl Pts',(13.9167436518986,15.699980157,-5.02132595796063));
#1552=CARTESIAN_POINT('Ctrl Pts',(14.0173170455897,15.7528228077121,-5.28427144438623));
#1553=CARTESIAN_POINT('Ctrl Pts',(14.1895409897324,15.9672446312006,-5.77284996903464));
#1554=CARTESIAN_POINT('Ctrl Pts',(14.2615640784936,16.128804607816,-5.99836003314558));
#1555=CARTESIAN_POINT('Ctrl Pts',(14.3697719744841,16.501309713442,-6.35673547596918));
#1556=CARTESIAN_POINT('Ctrl Pts',(14.4132640557695,16.7372148121531,-6.51358961252893));
#1557=CARTESIAN_POINT('Ctrl Pts',(14.4694013242662,17.2545060950946,-6.72242376330918));
#1558=CARTESIAN_POINT('Ctrl Pts',(14.4824233440161,17.5359225465742,-6.77422729849385));
#1559=CARTESIAN_POINT('Ctrl Pts',(14.4824233440161,17.799980157,-6.77422729849385));
#1560=CARTESIAN_POINT('',(7.60608658105355,17.799980157,2.37513308508271));
#1561=CARTESIAN_POINT('Ctrl Pts',(7.60608658105356,17.799980157,2.37513308508272));
#1562=CARTESIAN_POINT('Ctrl Pts',(7.60608658105356,18.0640377674258,2.37513308508272));
#1563=CARTESIAN_POINT('Ctrl Pts',(7.56024799156516,18.3454542189054,2.40255575763136));
#1564=CARTESIAN_POINT('Ctrl Pts',(7.37288490417378,18.8627455018469,2.51052875856007));
#1565=CARTESIAN_POINT('Ctrl Pts',(7.23121873495042,19.098650600558,2.59068783657384));
#1566=CARTESIAN_POINT('Ctrl Pts',(6.90129449208631,19.471155706184,2.76758300537233));
#1567=CARTESIAN_POINT('Ctrl Pts',(6.69090678206257,19.6327156827994,2.8761146864659));
#1568=CARTESIAN_POINT('Ctrl Pts',(6.22364887535556,19.8471375062879,3.09981115560092));
#1569=CARTESIAN_POINT('Ctrl Pts',(5.96660221013573,19.899980157,3.21462556344895));
#1570=CARTESIAN_POINT('Ctrl Pts',(5.47869388503937,19.899980157,3.4167238088986));
#1571=CARTESIAN_POINT('Ctrl Pts',(5.21574839861378,19.8471375062879,3.51729720258967));
#1572=CARTESIAN_POINT('Ctrl Pts',(4.72716987396536,19.6327156827994,3.68952114673236));
#1573=CARTESIAN_POINT('Ctrl Pts',(4.50165980985443,19.471155706184,3.76154423549363));
#1574=CARTESIAN_POINT('Ctrl Pts',(4.14328436703083,19.098650600558,3.86975213148412));
#1575=CARTESIAN_POINT('Ctrl Pts',(3.98643023047108,18.8627455018469,3.91324421276948));
#1576=CARTESIAN_POINT('Ctrl Pts',(3.77759607969083,18.3454542189054,3.96938148126623));
#1577=CARTESIAN_POINT('Ctrl Pts',(3.72579254450615,18.0640377674258,3.98240350101609));
#1578=CARTESIAN_POINT('Ctrl Pts',(3.72579254450615,17.5359225465742,3.98240350101609));
#1579=CARTESIAN_POINT('Ctrl Pts',(3.77759607969083,17.2545060950946,3.96938148126623));
#1580=CARTESIAN_POINT('Ctrl Pts',(3.98643023047108,16.7372148121532,3.91324421276948));
#1581=CARTESIAN_POINT('Ctrl Pts',(4.14328436703083,16.501309713442,3.86975213148412));
#1582=CARTESIAN_POINT('Ctrl Pts',(4.50165980985443,16.128804607816,3.76154423549363));
#1583=CARTESIAN_POINT('Ctrl Pts',(4.72716987396536,15.9672446312006,3.68952114673236));
#1584=CARTESIAN_POINT('Ctrl Pts',(5.21574839861378,15.7528228077121,3.51729720258967));
#1585=CARTESIAN_POINT('Ctrl Pts',(5.47869388503937,15.699980157,3.4167238088986));
#1586=CARTESIAN_POINT('Ctrl Pts',(5.96660221013573,15.699980157,3.21462556344895));
#1587=CARTESIAN_POINT('Ctrl Pts',(6.22364887535556,15.7528228077121,3.09981115560092));
#1588=CARTESIAN_POINT('Ctrl Pts',(6.69090678206257,15.9672446312006,2.8761146864659));
#1589=CARTESIAN_POINT('Ctrl Pts',(6.90129449208631,16.128804607816,2.76758300537233));
#1590=CARTESIAN_POINT('Ctrl Pts',(7.23121873495042,16.501309713442,2.59068783657384));
#1591=CARTESIAN_POINT('Ctrl Pts',(7.37288490417377,16.7372148121531,2.51052875856007));
#1592=CARTESIAN_POINT('Ctrl Pts',(7.56024799156516,17.2545060950946,2.40255575763136));
#1593=CARTESIAN_POINT('Ctrl Pts',(7.60608658105356,17.5359225465742,2.37513308508272));
#1594=CARTESIAN_POINT('Ctrl Pts',(7.60608658105356,17.799980157,2.37513308508272));
#1595=CARTESIAN_POINT('',(-12.8751529280827,17.799980157,-2.89393326194645));
#1596=CARTESIAN_POINT('Ctrl Pts',(-12.8751529280827,17.799980157,-2.89393326194645));
#1597=CARTESIAN_POINT('Ctrl Pts',(-12.8751529280827,18.0640377674258,-2.89393326194645));
#1598=CARTESIAN_POINT('Ctrl Pts',(-12.9025756006314,18.3454542189054,-2.93977185143484));
#1599=CARTESIAN_POINT('Ctrl Pts',(-13.0105486015601,18.8627455018469,-3.12713493882623));
#1600=CARTESIAN_POINT('Ctrl Pts',(-13.0907076795738,19.098650600558,-3.26880110804959));
#1601=CARTESIAN_POINT('Ctrl Pts',(-13.2676028483723,19.471155706184,-3.59872535091369));
#1602=CARTESIAN_POINT('Ctrl Pts',(-13.3761345294659,19.6327156827994,-3.80911306093744));
#1603=CARTESIAN_POINT('Ctrl Pts',(-13.5998309986009,19.8471375062879,-4.27637096764444));
#1604=CARTESIAN_POINT('Ctrl Pts',(-13.714645406449,19.899980157,-4.53341763286427));
#1605=CARTESIAN_POINT('Ctrl Pts',(-13.9167436518986,19.899980157,-5.02132595796063));
#1606=CARTESIAN_POINT('Ctrl Pts',(-14.0173170455897,19.8471375062879,-5.28427144438623));
#1607=CARTESIAN_POINT('Ctrl Pts',(-14.1895409897324,19.6327156827994,-5.77284996903464));
#1608=CARTESIAN_POINT('Ctrl Pts',(-14.2615640784936,19.471155706184,-5.99836003314558));
#1609=CARTESIAN_POINT('Ctrl Pts',(-14.3697719744841,19.098650600558,-6.35673547596917));
#1610=CARTESIAN_POINT('Ctrl Pts',(-14.4132640557695,18.8627455018469,-6.51358961252893));
#1611=CARTESIAN_POINT('Ctrl Pts',(-14.4694013242662,18.3454542189054,-6.72242376330918));
#1612=CARTESIAN_POINT('Ctrl Pts',(-14.4824233440161,18.0640377674258,-6.77422729849385));
#1613=CARTESIAN_POINT('Ctrl Pts',(-14.4824233440161,17.5359225465742,-6.77422729849385));
#1614=CARTESIAN_POINT('Ctrl Pts',(-14.4694013242662,17.2545060950946,-6.72242376330918));
#1615=CARTESIAN_POINT('Ctrl Pts',(-14.4132640557695,16.7372148121531,-6.51358961252893));
#1616=CARTESIAN_POINT('Ctrl Pts',(-14.3697719744841,16.501309713442,-6.35673547596917));
#1617=CARTESIAN_POINT('Ctrl Pts',(-14.2615640784936,16.128804607816,-5.99836003314558));
#1618=CARTESIAN_POINT('Ctrl Pts',(-14.1895409897324,15.9672446312006,-5.77284996903464));
#1619=CARTESIAN_POINT('Ctrl Pts',(-14.0173170455897,15.7528228077121,-5.28427144438623));
#1620=CARTESIAN_POINT('Ctrl Pts',(-13.9167436518986,15.699980157,-5.02132595796063));
#1621=CARTESIAN_POINT('Ctrl Pts',(-13.714645406449,15.699980157,-4.53341763286427));
#1622=CARTESIAN_POINT('Ctrl Pts',(-13.5998309986009,15.7528228077121,-4.27637096764444));
#1623=CARTESIAN_POINT('Ctrl Pts',(-13.3761345294659,15.9672446312006,-3.80911306093744));
#1624=CARTESIAN_POINT('Ctrl Pts',(-13.2676028483723,16.128804607816,-3.5987253509137));
#1625=CARTESIAN_POINT('Ctrl Pts',(-13.0907076795738,16.501309713442,-3.26880110804959));
#1626=CARTESIAN_POINT('Ctrl Pts',(-13.0105486015601,16.7372148121531,-3.12713493882624));
#1627=CARTESIAN_POINT('Ctrl Pts',(-12.9025756006314,17.2545060950946,-2.93977185143485));
#1628=CARTESIAN_POINT('Ctrl Pts',(-12.8751529280827,17.5359225465742,-2.89393326194645));
#1629=CARTESIAN_POINT('Ctrl Pts',(-12.8751529280827,17.799980157,-2.89393326194645));
#1630=CARTESIAN_POINT('Origin',(0.,19.899980157,-10.500019843));
#1631=CARTESIAN_POINT('',(13.8148398809585,13.8615523631768,-16.2220765690012));
#1632=CARTESIAN_POINT('',(13.8150216916534,13.9634079508232,-16.2220857869424));
#1633=CARTESIAN_POINT('',(13.8156945291738,19.899980157,-16.2226678905876));
#1634=CARTESIAN_POINT('Ctrl Pts',(13.8148398809585,13.8615523631768,-16.2220765690012));
#1635=CARTESIAN_POINT('Ctrl Pts',(13.2429616358384,13.8734636101066,-17.6006501975602));
#1636=CARTESIAN_POINT('Ctrl Pts',(12.4665008235908,13.8853748570364,-18.8947317137446));
#1637=CARTESIAN_POINT('Ctrl Pts',(11.5145228720492,13.8972861039661,-20.0433433002444));
#1638=CARTESIAN_POINT('Ctrl Pts',(9.94192081056127,13.9169626641704,-21.9407705944934));
#1639=CARTESIAN_POINT('Ctrl Pts',(7.89035413023358,13.9366392243747,-23.4412283978751));
#1640=CARTESIAN_POINT('Ctrl Pts',(5.60561318700354,13.956315784579,-24.3649526007968));
#1641=CARTESIAN_POINT('Ctrl Pts',(3.3208722437735,13.9759923447833,-25.2886768037184));
#1642=CARTESIAN_POINT('Ctrl Pts',(0.80295703764113,13.9956689049876,-25.63566740618));
#1643=CARTESIAN_POINT('Ctrl Pts',(-1.64647064257922,14.0153454651919,-25.3643527914888));
#1644=CARTESIAN_POINT('Ctrl Pts',(-4.09589832279955,14.0350220253962,-25.0930381767977));
#1645=CARTESIAN_POINT('Ctrl Pts',(-6.47683847710786,14.0546985856005,-24.2034183449538));
#1646=CARTESIAN_POINT('Ctrl Pts',(-8.50403977359706,14.0743751458047,-22.8020752448399));
#1647=CARTESIAN_POINT('Ctrl Pts',(-10.5312410700863,14.094051706009,-21.400732144726));
#1648=CARTESIAN_POINT('Ctrl Pts',(-12.2047035087564,14.1137282662133,-19.487665776342));
#1649=CARTESIAN_POINT('Ctrl Pts',(-13.3239359565692,14.1334048264176,-17.2920733031118));
#1650=CARTESIAN_POINT('Ctrl Pts',(-14.443168404382,14.1530813866219,-15.0964808298815));
#1651=CARTESIAN_POINT('Ctrl Pts',(-15.0081708613376,14.1727579468262,-12.6183622518051));
#1652=CARTESIAN_POINT('Ctrl Pts',(-14.9512525442412,14.1924345070305,-10.1546114758422));
#1653=CARTESIAN_POINT('Ctrl Pts',(-14.8943342271448,14.2121110672348,-7.69086069987923));
#1654=CARTESIAN_POINT('Ctrl Pts',(-14.2154951359965,14.2317876274391,-5.24147772602972));
#1655=CARTESIAN_POINT('Ctrl Pts',(-12.9960643858449,14.2514641876433,-3.09991375875895));
#1656=CARTESIAN_POINT('Ctrl Pts',(-11.7766336356934,14.2711407478476,-0.958349791488179));
#1657=CARTESIAN_POINT('Ctrl Pts',(-10.0166112265385,14.2908173080519,0.875395169203864));
#1658=CARTESIAN_POINT('Ctrl Pts',(-7.92685870972395,14.3104938682562,2.1816271547969));
#1659=CARTESIAN_POINT('Ctrl Pts',(-5.8371061929094,14.3301704284605,3.48785914038994));
#1660=CARTESIAN_POINT('Ctrl Pts',(-3.41762356843521,14.3498469886648,4.26657815088395));
#1661=CARTESIAN_POINT('Ctrl Pts',(-0.958279795516978,14.3695235488691,4.42448883967989));
#1662=CARTESIAN_POINT('Ctrl Pts',(1.50106397740124,14.3892001090734,4.58239952847583));
#1663=CARTESIAN_POINT('Ctrl Pts',(4.00026889876349,14.4088766692777,4.11950189557371));
#1664=CARTESIAN_POINT('Ctrl Pts',(6.23991479025613,14.4285532294819,3.09125393731497));
#1665=CARTESIAN_POINT('Ctrl Pts',(8.47956068174878,14.4482297896862,2.06300597905624));
#1666=CARTESIAN_POINT('Ctrl Pts',(10.4596475433718,14.4679063498905,0.469407695440891));
#1667=CARTESIAN_POINT('Ctrl Pts',(11.9429487370969,14.4875829100948,-1.49861800271331));
#1668=CARTESIAN_POINT('Ctrl Pts',(13.426249930822,14.5072594702991,-3.46664370086753));
#1669=CARTESIAN_POINT('Ctrl Pts',(14.4127654566492,14.5269360305034,-5.80909681356062));
#1670=CARTESIAN_POINT('Ctrl Pts',(14.7843046746912,14.5466125907077,-8.24533698736563));
#1671=CARTESIAN_POINT('Ctrl Pts',(15.1558438927331,14.566289150912,-10.6815771611706));
#1672=CARTESIAN_POINT('Ctrl Pts',(14.9124068029898,14.5859657111163,-13.2116043960874));
#1673=CARTESIAN_POINT('Ctrl Pts',(14.083158649095,14.6056422713205,-15.5323058209933));
#1674=CARTESIAN_POINT('Ctrl Pts',(14.0001337587302,14.6076123019393,-15.7646560293925));
#1675=CARTESIAN_POINT('Ctrl Pts',(13.9112366098715,14.609582332558,-15.9949079242892));
#1676=CARTESIAN_POINT('Ctrl Pts',(13.816637349922,14.6115523631768,-16.2228076329018));
#1677=CARTESIAN_POINT('Ctrl Pts',(13.8167745252511,14.7134079508232,-16.2229488831544));
#1678=CARTESIAN_POINT('Ctrl Pts',(13.8763591688784,14.7121664175059,-16.0793165377566));
#1679=CARTESIAN_POINT('Ctrl Pts',(13.9336709536138,14.7109248841886,-15.9347455018493));
#1680=CARTESIAN_POINT('Ctrl Pts',(13.9886661366398,14.7096833508713,-15.7892985284579));
#1681=CARTESIAN_POINT('Ctrl Pts',(14.8602625849137,14.690006790667,-13.4841681798597));
#1682=CARTESIAN_POINT('Ctrl Pts',(15.1499796461418,14.6703302304628,-10.9590216047919));
#1683=CARTESIAN_POINT('Ctrl Pts',(14.8231058458505,14.6506536702585,-8.51638752093496));
#1684=CARTESIAN_POINT('Ctrl Pts',(14.4962320455592,14.6309771100542,-6.07375343707796));
#1685=CARTESIAN_POINT('Ctrl Pts',(13.5527673837485,14.6113005498499,-3.71363184443173));
#1686=CARTESIAN_POINT('Ctrl Pts',(12.1057455457097,14.5916239896456,-1.71877959864784));
#1687=CARTESIAN_POINT('Ctrl Pts',(10.6587237076709,14.5719474294413,0.276072647136044));
#1688=CARTESIAN_POINT('Ctrl Pts',(8.70814469340399,14.552270869237,1.90565554605758));
#1689=CARTESIAN_POINT('Ctrl Pts',(6.48769951500918,14.5325943090327,2.97473486235916));
#1690=CARTESIAN_POINT('Ctrl Pts',(4.26725433661437,14.5129177488285,4.04381417866074));
#1691=CARTESIAN_POINT('Ctrl Pts',(1.77694299409159,14.4932411886242,4.55238991234237));
#1692=CARTESIAN_POINT('Ctrl Pts',(-0.68487963747125,14.4735646284199,4.43953162168827));
#1693=CARTESIAN_POINT('Ctrl Pts',(-3.14670226903411,14.4538880682156,4.32667333103418));
#1694=CARTESIAN_POINT('Ctrl Pts',(-5.58003618963705,14.4342115080113,3.59238101604436));
#1695=CARTESIAN_POINT('Ctrl Pts',(-7.69335307079255,14.414534947807,2.32462739419392));
#1696=CARTESIAN_POINT('Ctrl Pts',(-9.80666995194802,14.3948583876027,1.0568737723435));
#1697=CARTESIAN_POINT('Ctrl Pts',(-11.5999697936561,14.3751818273984,-0.744341156367508));
#1698=CARTESIAN_POINT('Ctrl Pts',(-12.8584041517553,14.3555052671941,-2.86322070371105));
#1699=CARTESIAN_POINT('Ctrl Pts',(-14.1168385098545,14.3358287069899,-4.98210025105462));
#1700=CARTESIAN_POINT('Ctrl Pts',(-14.8404073843449,14.3161521467856,-7.41864441703073));
#1701=CARTESIAN_POINT('Ctrl Pts',(-14.9424227814848,14.2964755865813,-9.88094017486013));
#1702=CARTESIAN_POINT('Ctrl Pts',(-15.0444381786247,14.276799026377,-12.3432359326895));
#1703=CARTESIAN_POINT('Ctrl Pts',(-14.5249000984141,14.2571224661727,-14.8312832823723));
#1704=CARTESIAN_POINT('Ctrl Pts',(-13.4460523981791,14.2374459059684,-17.0469987841755));
#1705=CARTESIAN_POINT('Ctrl Pts',(-12.3672046979441,14.2177693457641,-19.2627142859787));
#1706=CARTESIAN_POINT('Ctrl Pts',(-10.7290473776848,14.1980927855598,-21.2060979399024));
#1707=CARTESIAN_POINT('Ctrl Pts',(-8.727841805683,14.1784162253555,-22.6443203868391));
#1708=CARTESIAN_POINT('Ctrl Pts',(-6.72663623368126,14.1587396651512,-24.0825428337758));
#1709=CARTESIAN_POINT('Ctrl Pts',(-4.36238240993714,14.139063104947,-25.0156040737255));
#1710=CARTESIAN_POINT('Ctrl Pts',(-1.91833253770221,14.1193865447427,-25.3317176077165));
#1711=CARTESIAN_POINT('Ctrl Pts',(0.525717334532727,14.0997099845384,-25.6478311417074));
#1712=CARTESIAN_POINT('Ctrl Pts',(3.04956325525846,14.0800334243341,-25.3469969697396));
#1713=CARTESIAN_POINT('Ctrl Pts',(5.35083289781637,14.0603568641298,-24.4652568837185));
#1714=CARTESIAN_POINT('Ctrl Pts',(7.65210254037429,14.0406803039255,-23.5835167976975));
#1715=CARTESIAN_POINT('Ctrl Pts',(9.7307959047644,14.0210037437212,-22.1208707976233));
#1716=CARTESIAN_POINT('Ctrl Pts',(11.3378726916124,14.0013271835169,-20.2525529052863));
#1717=CARTESIAN_POINT('Ctrl Pts',(12.3702197753933,13.9886874392857,-19.0523908822179));
#1718=CARTESIAN_POINT('Ctrl Pts',(13.2079559072989,13.9760476950544,-17.684829753898));
#1719=CARTESIAN_POINT('Ctrl Pts',(13.8150216916534,13.9634079508232,-16.2220857869424));
#1720=CARTESIAN_POINT('Origin',(0.,19.899980157,-10.500019843));
#1721=CARTESIAN_POINT('',(13.8150388809682,13.1115523631768,-16.2227617557104));
#1722=CARTESIAN_POINT('',(13.8148502460106,13.2134079508232,-16.2226366966418));
#1723=CARTESIAN_POINT('',(13.8156945291738,19.899980157,-16.2226678905876));
#1724=CARTESIAN_POINT('Ctrl Pts',(13.8150388809682,13.1115523631768,-16.2227617557104));
#1725=CARTESIAN_POINT('Ctrl Pts',(13.5224028586653,13.1176683274508,-16.9309497564821));
#1726=CARTESIAN_POINT('Ctrl Pts',(13.1757218381366,13.1237842917248,-17.6166460537813));
#1727=CARTESIAN_POINT('Ctrl Pts',(12.7776907073728,13.1299002559989,-18.2711124152984));
#1728=CARTESIAN_POINT('Ctrl Pts',(11.4971267346696,13.1495768162032,-20.3766915500177));
#1729=CARTESIAN_POINT('Ctrl Pts',(9.68505469799729,13.1692533764075,-22.1590199141069));
#1730=CARTESIAN_POINT('Ctrl Pts',(7.55857201618513,13.1889299366117,-23.4045635643667));
#1731=CARTESIAN_POINT('Ctrl Pts',(5.43208933437297,13.208606496816,-24.6501072146265));
#1732=CARTESIAN_POINT('Ctrl Pts',(2.99119600742101,13.2282830570203,-25.358866151057));
#1733=CARTESIAN_POINT('Ctrl Pts',(0.528326127461102,13.2479596172246,-25.4459266767642));
#1734=CARTESIAN_POINT('Ctrl Pts',(-1.93454375249884,13.2676361774289,-25.5329872024715));
#1735=CARTESIAN_POINT('Ctrl Pts',(-4.41939018546673,13.2873127376332,-24.9983493174557));
#1736=CARTESIAN_POINT('Ctrl Pts',(-6.62851322581733,13.3069892978375,-23.9060659415215));
#1737=CARTESIAN_POINT('Ctrl Pts',(-8.83763626616794,13.3266658580418,-22.8137825655874));
#1738=CARTESIAN_POINT('Ctrl Pts',(-10.7710359139013,13.3463424182461,-21.1638536987349));
#1739=CARTESIAN_POINT('Ctrl Pts',(-12.1970789532313,13.3660189784503,-19.1539510068793));
#1740=CARTESIAN_POINT('Ctrl Pts',(-13.6231219925613,13.3856955386546,-17.1440483150237));
#1741=CARTESIAN_POINT('Ctrl Pts',(-14.5418084234881,13.4053720988589,-14.7741717981649));
#1742=CARTESIAN_POINT('Ctrl Pts',(-14.8430739390569,13.4250486590632,-12.3282472960841));
#1743=CARTESIAN_POINT('Ctrl Pts',(-15.1443394546256,13.4447252192675,-9.8823227940033));
#1744=CARTESIAN_POINT('Ctrl Pts',(-14.8281840548364,13.4644017794718,-7.36035030670059));
#1745=CARTESIAN_POINT('Ctrl Pts',(-13.9324851087199,13.4840783396761,-5.06447771034952));
#1746=CARTESIAN_POINT('Ctrl Pts',(-13.0367861626034,13.5037548998804,-2.76860511399842));
#1747=CARTESIAN_POINT('Ctrl Pts',(-11.5615436701596,13.5234314600846,-0.698832408598965));
#1748=CARTESIAN_POINT('Ctrl Pts',(-9.68350079102948,13.5431080202889,0.89686885570415));
#1749=CARTESIAN_POINT('Ctrl Pts',(-7.80545791189933,13.5627845804932,2.49257012000727));
#1750=CARTESIAN_POINT('Ctrl Pts',(-5.52461464608276,13.5824611406975,3.61419994321406));
#1751=CARTESIAN_POINT('Ctrl Pts',(-3.1142301001405,13.6021377009018,4.1273801468785));
#1752=CARTESIAN_POINT('Ctrl Pts',(-0.703845554198286,13.6218142611061,4.64056035054292));
#1753=CARTESIAN_POINT('Ctrl Pts',(1.83608027186962,13.6414908213104,4.54529093466504));
#1754=CARTESIAN_POINT('Ctrl Pts',(4.20124858105037,13.6611673815147,3.85298576351822));
#1755=CARTESIAN_POINT('Ctrl Pts',(6.56641689023115,13.680843941719,3.16068059237139));
#1756=CARTESIAN_POINT('Ctrl Pts',(8.75682768252474,13.7005205019233,1.87133966595562));
#1757=CARTESIAN_POINT('Ctrl Pts',(10.5100562200843,13.7201970621275,0.139433988432399));
#1758=CARTESIAN_POINT('Ctrl Pts',(12.2632847576438,13.7398736223318,-1.59247168909085));
#1759=CARTESIAN_POINT('Ctrl Pts',(13.5793310404693,13.7595501825361,-3.76694211772155));
#1760=CARTESIAN_POINT('Ctrl Pts',(14.3005245978051,13.7792267427404,-6.12346231360529));
#1761=CARTESIAN_POINT('Ctrl Pts',(15.0217181551409,13.7989033029447,-8.47998250948899));
#1762=CARTESIAN_POINT('Ctrl Pts',(15.1480589869872,13.818579863149,-11.0185524726257));
#1763=CARTESIAN_POINT('Ctrl Pts',(14.6644106815862,13.8382564233533,-13.4350358467523));
#1764=CARTESIAN_POINT('Ctrl Pts',(14.4735398908011,13.8460217366278,-14.3886959493267));
#1765=CARTESIAN_POINT('Ctrl Pts',(14.1876651405146,13.8537870499023,-15.3233414356567));
#1766=CARTESIAN_POINT('Ctrl Pts',(13.8148398809585,13.8615523631768,-16.2220765690012));
#1767=CARTESIAN_POINT('Ctrl Pts',(13.8150216916534,13.9634079508232,-16.2220857869424));
#1768=CARTESIAN_POINT('Ctrl Pts',(14.1529881987185,13.9563711348502,-15.4077449329801));
#1769=CARTESIAN_POINT('Ctrl Pts',(14.4194610368259,13.9493343188771,-14.5639032332084));
#1770=CARTESIAN_POINT('Ctrl Pts',(14.6082181750316,13.9422975029041,-13.703021568824));
#1771=CARTESIAN_POINT('Ctrl Pts',(15.1360266622967,13.9226209426998,-11.2957979092984));
#1772=CARTESIAN_POINT('Ctrl Pts',(15.056183427521,13.9029443824955,-8.75534037484701));
#1773=CARTESIAN_POINT('Ctrl Pts',(14.3782541834323,13.8832678222912,-6.38601146435786));
#1774=CARTESIAN_POINT('Ctrl Pts',(13.7003249393437,13.8635912620869,-4.01668255386868));
#1775=CARTESIAN_POINT('Ctrl Pts',(12.4243096859421,13.8439147018826,-1.81848226734173));
#1776=CARTESIAN_POINT('Ctrl Pts',(10.7030829293799,13.8242381416783,-0.0547685721669403));
#1777=CARTESIAN_POINT('Ctrl Pts',(8.98185617281772,13.8045615814741,1.70894512300785));
#1778=CARTESIAN_POINT('Ctrl Pts',(6.81541791309493,13.7848850212698,3.03817222683049));
#1779=CARTESIAN_POINT('Ctrl Pts',(4.46332083068672,13.7652084610655,3.77366312482308));
#1780=CARTESIAN_POINT('Ctrl Pts',(2.11122374827854,13.7455319008612,4.50915402281567));
#1781=CARTESIAN_POINT('Ctrl Pts',(-0.426532156815045,13.7258553406569,4.65090871497823));
#1782=CARTESIAN_POINT('Ctrl Pts',(-2.84590805753804,13.7061787804526,4.18194411390078));
#1783=CARTESIAN_POINT('Ctrl Pts',(-5.26528395826102,13.6865022202483,3.71297951282332));
#1784=CARTESIAN_POINT('Ctrl Pts',(-7.5662798546134,13.666825660044,2.63329561850586));
#1785=CARTESIAN_POINT('Ctrl Pts',(-9.47322223044877,13.6471490998397,1.07224522811837));
#1786=CARTESIAN_POINT('Ctrl Pts',(-11.3801646062842,13.6274725396355,-0.488805162269138));
#1787=CARTESIAN_POINT('Ctrl Pts',(-12.8930534616026,13.6077959794312,-2.53122204872669));
#1788=CARTESIAN_POINT('Ctrl Pts',(-13.8306353700456,13.5881194192269,-4.81031127713265));
#1789=CARTESIAN_POINT('Ctrl Pts',(-14.7682172784887,13.5684428590226,-7.08940050553861));
#1790=CARTESIAN_POINT('Ctrl Pts',(-15.1304922400564,13.5487662988183,-9.60516207589299));
#1791=CARTESIAN_POINT('Ctrl Pts',(-14.8740574774434,13.529089738614,-12.0561922182214));
#1792=CARTESIAN_POINT('Ctrl Pts',(-14.6176227148303,13.5094131784097,-14.5072223605498));
#1793=CARTESIAN_POINT('Ctrl Pts',(-13.7424782280366,13.4897366182054,-16.8935210748523));
#1794=CARTESIAN_POINT('Ctrl Pts',(-12.353471730257,13.4700600580011,-18.9291950406937));
#1795=CARTESIAN_POINT('Ctrl Pts',(-10.9644652324774,13.4503834977968,-20.9648690065351));
#1796=CARTESIAN_POINT('Ctrl Pts',(-9.0615967237118,13.4307069375926,-22.6499182239155));
#1797=CARTESIAN_POINT('Ctrl Pts',(-6.87284160077918,13.4110303773883,-23.7824633920718));
#1798=CARTESIAN_POINT('Ctrl Pts',(-4.68408647784658,13.391353817184,-24.9150085602282));
#1799=CARTESIAN_POINT('Ctrl Pts',(-2.20944474074693,13.3716772569797,-25.4950496791605));
#1800=CARTESIAN_POINT('Ctrl Pts',(0.25460625046895,13.3520006967754,-25.4530942412935));
#1801=CARTESIAN_POINT('Ctrl Pts',(2.71865724168483,13.3323241365711,-25.4111388034265));
#1802=CARTESIAN_POINT('Ctrl Pts',(5.172117487017,13.3126475763668,-24.7471868087603));
#1803=CARTESIAN_POINT('Ctrl Pts',(7.32104729991633,13.2929710161625,-23.5407838058998));
#1804=CARTESIAN_POINT('Ctrl Pts',(9.46997711281567,13.2732944559582,-22.3343808030394));
#1805=CARTESIAN_POINT('Ctrl Pts',(11.3143764932822,13.253617895754,-20.5855267919848));
#1806=CARTESIAN_POINT('Ctrl Pts',(12.6332750070904,13.2339413355497,-18.5037452817506));
#1807=CARTESIAN_POINT('Ctrl Pts',(13.0920518515192,13.2270968739742,-17.7796007459458));
#1808=CARTESIAN_POINT('Ctrl Pts',(13.4872438448437,13.2202524123987,-17.0151724602807));
#1809=CARTESIAN_POINT('Ctrl Pts',(13.8148502460106,13.2134079508232,-16.2226366966418));
#1810=CARTESIAN_POINT('Origin',(0.,19.899980157,-10.500019843));
#1811=CARTESIAN_POINT('',(13.8168169077843,12.3615523631768,-16.2231773088178));
#1812=CARTESIAN_POINT('',(13.8166998110516,12.4634079508232,-16.223226505081));
#1813=CARTESIAN_POINT('',(13.8156945291738,19.899980157,-16.2226678905876));
#1814=CARTESIAN_POINT('Ctrl Pts',(13.8168169077843,12.3615523631768,-16.2231773088178));
#1815=CARTESIAN_POINT('Ctrl Pts',(13.8014527128555,12.3618730447951,-16.2602865927927));
#1816=CARTESIAN_POINT('Ctrl Pts',(13.7859361742002,12.3621937264133,-16.297332718677));
#1817=CARTESIAN_POINT('Ctrl Pts',(13.7702674933623,12.3625144080316,-16.3343143837726));
#1818=CARTESIAN_POINT('Ctrl Pts',(12.8088599032005,12.3821909682359,-18.6034558569913));
#1819=CARTESIAN_POINT('Ctrl Pts',(11.2746564581323,12.4018675284402,-20.6299107067856));
#1820=CARTESIAN_POINT('Ctrl Pts',(9.35146421038175,12.4215440886445,-22.170897131494));
#1821=CARTESIAN_POINT('Ctrl Pts',(7.42827196263119,12.4412206488488,-23.7118835562023));
#1822=CARTESIAN_POINT('Ctrl Pts',(5.11609091219829,12.460897209053,-24.7674015558247));
#1823=CARTESIAN_POINT('Ctrl Pts',(2.69193462253169,12.4805737692573,-25.2109935556371));
#1824=CARTESIAN_POINT('Ctrl Pts',(0.267778332865129,12.5002503294616,-25.6545855554495));
#1825=CARTESIAN_POINT('Ctrl Pts',(-2.26835319603513,12.5199268896659,-25.486251555452));
#1826=CARTESIAN_POINT('Ctrl Pts',(-4.6126157457772,12.5396034498702,-24.7261590087212));
#1827=CARTESIAN_POINT('Ctrl Pts',(-6.9568782955193,12.5592800100745,-23.9660664619904));
#1828=CARTESIAN_POINT('Ctrl Pts',(-9.10927186610321,12.5789565702788,-22.6142153685263));
#1829=CARTESIAN_POINT('Ctrl Pts',(-10.81192641839,12.5986331304831,-20.8325658362375));
#1830=CARTESIAN_POINT('Ctrl Pts',(-12.5145809706768,12.6183096906874,-19.0509163039487));
#1831=CARTESIAN_POINT('Ctrl Pts',(-13.7674965046665,12.6379862508916,-16.8394683328352));
#1832=CARTESIAN_POINT('Ctrl Pts',(-14.4205660027189,12.6576628110959,-14.4631670447842));
#1833=CARTESIAN_POINT('Ctrl Pts',(-15.0736355007713,12.6773393713002,-12.0868657567332));
#1834=CARTESIAN_POINT('Ctrl Pts',(-15.1268589628865,12.6970159315045,-9.54571115174486));
#1835=CARTESIAN_POINT('Ctrl Pts',(-14.5738598898716,12.7166924917088,-7.14414924207298));
#1836=CARTESIAN_POINT('Ctrl Pts',(-14.0208608168567,12.7363690519131,-4.74258733240104));
#1837=CARTESIAN_POINT('Ctrl Pts',(-12.8616392087117,12.7560456121174,-2.4806181180456));
#1838=CARTESIAN_POINT('Ctrl Pts',(-11.2350769717313,12.7757221723217,-0.62923947769293));
#1839=CARTESIAN_POINT('Ctrl Pts',(-9.60851473475099,12.795398732526,1.2221391626597));
#1840=CARTESIAN_POINT('Ctrl Pts',(-7.5146118689353,12.8150752927302,2.66292722900955));
#1841=CARTESIAN_POINT('Ctrl Pts',(-5.20423086669195,12.8347518529345,3.5205094147198));
#1842=CARTESIAN_POINT('Ctrl Pts',(-2.89384986444862,12.8544284131388,4.37809160043004));
#1843=CARTESIAN_POINT('Ctrl Pts',(-0.366990725777671,12.8741049733431,4.65246790550066));
#1844=CARTESIAN_POINT('Ctrl Pts',(2.07361322216575,12.8937815335474,4.31076635441007));
#1845=CARTESIAN_POINT('Ctrl Pts',(4.51421717010923,12.9134580937517,3.96906480331948));
#1846=CARTESIAN_POINT('Ctrl Pts',(6.86856592732519,12.933134653956,3.01128539606765));
#1847=CARTESIAN_POINT('Ctrl Pts',(8.8545939755026,12.9528112141603,1.55217601956082));
#1848=CARTESIAN_POINT('Ctrl Pts',(10.84062202368,12.9724877743646,0.0930666430540239));
#1849=CARTESIAN_POINT('Ctrl Pts',(12.4583293628188,12.9921643345688,-1.86737270270775));
#1850=CARTESIAN_POINT('Ctrl Pts',(13.5139046649859,13.0118408947731,-4.09426927915715));
#1851=CARTESIAN_POINT('Ctrl Pts',(14.5694799671531,13.0315174549774,-6.3211658556066));
#1852=CARTESIAN_POINT('Ctrl Pts',(15.0629232323485,13.0511940151817,-8.81451966274369));
#1853=CARTESIAN_POINT('Ctrl Pts',(14.9351169105793,13.070870575386,-11.2756115189868));
#1854=CARTESIAN_POINT('Ctrl Pts',(14.8470359722012,13.0844311713163,-12.9717348181448));
#1855=CARTESIAN_POINT('Ctrl Pts',(14.463884864249,13.0979917672465,-14.6525349049887));
#1856=CARTESIAN_POINT('Ctrl Pts',(13.8150388809682,13.1115523631768,-16.2227617557104));
#1857=CARTESIAN_POINT('Ctrl Pts',(13.8148502460106,13.2134079508232,-16.2226366966418));
#1858=CARTESIAN_POINT('Ctrl Pts',(14.4290516123021,13.2005758521944,-14.7367788283946));
#1859=CARTESIAN_POINT('Ctrl Pts',(14.8056942885665,13.1877437535656,-13.1521251157337));
#1860=CARTESIAN_POINT('Ctrl Pts',(14.9184140114911,13.1749116549368,-11.5489153027218));
#1861=CARTESIAN_POINT('Ctrl Pts',(15.0912568549337,13.1552350947325,-9.09057584334098));
#1862=CARTESIAN_POINT('Ctrl Pts',(14.6435448946689,13.1355585345282,-6.58860593399299));
#1863=CARTESIAN_POINT('Ctrl Pts',(13.628916787983,13.1158819743239,-4.34275701850441));
#1864=CARTESIAN_POINT('Ctrl Pts',(12.614288681297,13.0962054141196,-2.09690810301581));
#1865=CARTESIAN_POINT('Ctrl Pts',(11.0327444281898,13.0765288539154,-0.107180181386619));
#1866=CARTESIAN_POINT('Ctrl Pts',(9.07376279560154,13.0568522937111,1.38804505557943));
#1867=CARTESIAN_POINT('Ctrl Pts',(7.11478116301332,13.0371757335068,2.88327029254545));
#1868=CARTESIAN_POINT('Ctrl Pts',(4.77836215094405,13.0174991733025,3.88399284484835));
#1869=CARTESIAN_POINT('Ctrl Pts',(2.344423183514,12.9978226130982,4.27031997165155));
#1870=CARTESIAN_POINT('Ctrl Pts',(-0.089515783916084,12.9781460528939,4.65664709845475));
#1871=CARTESIAN_POINT('Ctrl Pts',(-2.62097470670697,12.9584694926896,4.42857879975825));
#1872=CARTESIAN_POINT('Ctrl Pts',(-4.94666917513812,12.9387929324853,3.61343906597832));
#1873=CARTESIAN_POINT('Ctrl Pts',(-7.27236364356928,12.919116372281,2.79829933219839));
#1874=CARTESIAN_POINT('Ctrl Pts',(-9.39229365764071,12.8994398120768,1.39608816333503));
#1875=CARTESIAN_POINT('Ctrl Pts',(-11.0524785119278,12.8797632518725,-0.425200884475412));
#1876=CARTESIAN_POINT('Ctrl Pts',(-12.712663366215,12.8600866916682,-2.24648993228583));
#1877=CARTESIAN_POINT('Ctrl Pts',(-13.9131030607178,12.8404101314639,-4.48685685904333));
#1878=CARTESIAN_POINT('Ctrl Pts',(-14.5099775077873,12.8207335712596,-6.8778918735327));
#1879=CARTESIAN_POINT('Ctrl Pts',(-15.1068519548568,12.8010570110553,-9.26892688802208));
#1880=CARTESIAN_POINT('Ctrl Pts',(-15.100161154493,12.781380450851,-11.8106299902433));
#1881=CARTESIAN_POINT('Ctrl Pts',(-14.4907067058956,12.7617038906467,-14.1984894545252));
#1882=CARTESIAN_POINT('Ctrl Pts',(-13.8812522572981,12.7420273304424,-16.586348918807));
#1883=CARTESIAN_POINT('Ctrl Pts',(-12.669034160467,12.7223507702382,-18.8203647451495));
#1884=CARTESIAN_POINT('Ctrl Pts',(-10.9992836283697,12.7026742100339,-20.632888043385));
#1885=CARTESIAN_POINT('Ctrl Pts',(-9.32953309627236,12.6829976498296,-22.4454113416206));
#1886=CARTESIAN_POINT('Ctrl Pts',(-7.20225012890889,12.6633210896253,-23.8364421117491));
#1887=CARTESIAN_POINT('Ctrl Pts',(-4.87229636092254,12.643644529421,-24.6393262784315));
#1888=CARTESIAN_POINT('Ctrl Pts',(-2.54234259293622,12.6239679692167,-25.4422104451139));
#1889=CARTESIAN_POINT('Ctrl Pts',(-0.00971802432702173,12.6042914090124,
-25.6569480083501));
#1890=CARTESIAN_POINT('Ctrl Pts',(2.42215328364232,12.5846148488081,-25.2578120821564));
#1891=CARTESIAN_POINT('Ctrl Pts',(4.8540245916117,12.5649382886039,-24.8586761559628));
#1892=CARTESIAN_POINT('Ctrl Pts',(7.18514263894122,12.5452617283996,-23.8456667403392));
#1893=CARTESIAN_POINT('Ctrl Pts',(9.13622508977011,12.5255851681953,-22.3401486181898));
#1894=CARTESIAN_POINT('Ctrl Pts',(11.087307540599,12.505908607991,-20.8346304960404));
#1895=CARTESIAN_POINT('Ctrl Pts',(12.6583543949273,12.4862320477867,-18.8366036673652));
#1896=CARTESIAN_POINT('Ctrl Pts',(13.6611445391007,12.4665554875824,-16.5854440833243));
#1897=CARTESIAN_POINT('Ctrl Pts',(13.7146145699019,12.4655063086627,-16.4654094250295));
#1898=CARTESIAN_POINT('Ctrl Pts',(13.7664689579853,12.4644571297429,-16.3446550707142));
#1899=CARTESIAN_POINT('Ctrl Pts',(13.8166998110516,12.4634079508232,-16.223226505081));
#1900=CARTESIAN_POINT('Origin',(0.,19.899980157,-10.500019843));
#1901=CARTESIAN_POINT('',(13.8154962579856,11.6115523631768,-16.222195755268));
#1902=CARTESIAN_POINT('',(13.8157655107464,11.7134079508232,-16.2222947194434));
#1903=CARTESIAN_POINT('',(13.8156945291738,19.899980157,-16.2226678905876));
#1904=CARTESIAN_POINT('Ctrl Pts',(13.8154962579856,11.6115523631768,-16.222195755268));
#1905=CARTESIAN_POINT('Ctrl Pts',(13.1330623412078,11.6257543223436,-17.865404817074));
#1906=CARTESIAN_POINT('Ctrl Pts',(12.158302303506,11.6399562815104,-19.3881523696474));
#1907=CARTESIAN_POINT('Ctrl Pts',(10.9463279571111,11.6541582406772,-20.6900802357867));
#1908=CARTESIAN_POINT('Ctrl Pts',(9.26715919505436,11.6738348008815,-22.4938779892416));
#1909=CARTESIAN_POINT('Ctrl Pts',(7.13264318083977,11.6935113610858,-23.8737989622694));
#1910=CARTESIAN_POINT('Ctrl Pts',(4.79853346863868,11.7131879212901,-24.6645276741827));
#1911=CARTESIAN_POINT('Ctrl Pts',(2.46442375643762,11.7328644814943,-25.4552563860961));
#1912=CARTESIAN_POINT('Ctrl Pts',(-0.0692796537499507,11.7525410416986,
-25.6567928368951));
#1913=CARTESIAN_POINT('Ctrl Pts',(-2.49903616144612,11.7722176019029,-25.2449879188667));
#1914=CARTESIAN_POINT('Ctrl Pts',(-4.92879266914226,11.7918941621072,-24.8331830008383));
#1915=CARTESIAN_POINT('Ctrl Pts',(-7.254602274347,11.8115707223115,-23.8080367139825));
#1916=CARTESIAN_POINT('Ctrl Pts',(-9.19781225155144,11.8312472825158,-22.2923698168116));
#1917=CARTESIAN_POINT('Ctrl Pts',(-11.1410222287559,11.8509238427201,-20.7767029196406));
#1918=CARTESIAN_POINT('Ctrl Pts',(-12.70163257796,11.8706004029244,-18.7705154121545));
#1919=CARTESIAN_POINT('Ctrl Pts',(-13.6926757388663,11.8902769631287,-16.5141599908189));
#1920=CARTESIAN_POINT('Ctrl Pts',(-14.6837188997726,11.909953523333,-14.2578045694833));
#1921=CARTESIAN_POINT('Ctrl Pts',(-15.1051948723811,11.9296300835372,-11.7512812342982));
#1922=CARTESIAN_POINT('Ctrl Pts',(-14.9066066304749,11.9493066437415,-9.29488743611279));
#1923=CARTESIAN_POINT('Ctrl Pts',(-14.7080183885687,11.9689832039458,-6.83849363792748));
#1924=CARTESIAN_POINT('Ctrl Pts',(-13.8893659321479,11.9886597641501,-4.43222937674193));
#1925=CARTESIAN_POINT('Ctrl Pts',(-12.5487296836816,12.0083363243544,-2.36437972888301));
#1926=CARTESIAN_POINT('Ctrl Pts',(-11.2080934352154,12.0280128845587,-0.296530081024088));
#1927=CARTESIAN_POINT('Ctrl Pts',(-9.34547339470358,12.047689444763,1.4329049535082));
#1928=CARTESIAN_POINT('Ctrl Pts',(-7.18402254117895,12.0673660049673,2.61672825870849));
#1929=CARTESIAN_POINT('Ctrl Pts',(-5.02257168765428,12.0870425651716,3.80055156390879));
#1930=CARTESIAN_POINT('Ctrl Pts',(-2.56229002111677,12.1067191253758,4.43876313977706));
#1931=CARTESIAN_POINT('Ctrl Pts',(-0.097934678436115,12.1263956855801,4.45490135912419));
#1932=CARTESIAN_POINT('Ctrl Pts',(2.36642066424454,12.1460722457844,4.47103957847132));
#1933=CARTESIAN_POINT('Ctrl Pts',(4.83484968306832,12.1657488059887,3.86510444129731));
#1934=CARTESIAN_POINT('Ctrl Pts',(7.01161944124372,12.185425366193,2.70969068821177));
#1935=CARTESIAN_POINT('Ctrl Pts',(9.18838919941911,12.2051019263973,1.55427693512623));
#1936=CARTESIAN_POINT('Ctrl Pts',(11.0734996969461,12.2247784866016,-0.150615433870843));
#1937=CARTESIAN_POINT('Ctrl Pts',(12.4411030056366,12.2444550468059,-2.20072977076941));
#1938=CARTESIAN_POINT('Ctrl Pts',(13.8087063143271,12.2641316070102,-4.25084410766798));
#1939=CARTESIAN_POINT('Ctrl Pts',(14.6588024341811,12.2838081672145,-6.64618041246804));
#1940=CARTESIAN_POINT('Ctrl Pts',(14.8895446264804,12.3034847274187,-9.09976261318957));
#1941=CARTESIAN_POINT('Ctrl Pts',(15.1165262641471,12.3228406060048,-11.5133571990785));
#1942=CARTESIAN_POINT('Ctrl Pts',(14.7441774881044,12.3421964845908,-13.9833146097537));
#1943=CARTESIAN_POINT('Ctrl Pts',(13.8168169077843,12.3615523631768,-16.2231773088178));
#1944=CARTESIAN_POINT('Ctrl Pts',(13.8166998110516,12.4634079508232,-16.223226505081));
#1945=CARTESIAN_POINT('Ctrl Pts',(14.7085107640866,12.4447805695386,-14.0673538046909));
#1946=CARTESIAN_POINT('Ctrl Pts',(15.0885619307841,12.4261531882541,-11.6989607481655));
#1947=CARTESIAN_POINT('Ctrl Pts',(14.9126850524976,12.4075258069695,-9.37259675029305));
#1948=CARTESIAN_POINT('Ctrl Pts',(14.7269019877026,12.3878492467652,-6.91520134070913));
#1949=CARTESIAN_POINT('Ctrl Pts',(13.9208024240943,12.368172686561,-4.50470286094782));
#1950=CARTESIAN_POINT('Ctrl Pts',(12.5909620671194,12.3484961263567,-2.42989391296896));
#1951=CARTESIAN_POINT('Ctrl Pts',(11.2611217101445,12.3288195661524,-0.355084964990076));
#1952=CARTESIAN_POINT('Ctrl Pts',(9.40754055980299,12.3091430059481,1.38403445120634));
#1953=CARTESIAN_POINT('Ctrl Pts',(7.25228908229409,12.2894664457438,2.5791070915721));
#1954=CARTESIAN_POINT('Ctrl Pts',(5.09703760478519,12.2697898855395,3.77417973193786));
#1955=CARTESIAN_POINT('Ctrl Pts',(2.64011580010885,12.2501133253352,4.42520559647296));
#1956=CARTESIAN_POINT('Ctrl Pts',(0.175878072495258,12.2304367651309,4.45418776598809));
#1957=CARTESIAN_POINT('Ctrl Pts',(-2.2883596551183,12.2107602049267,4.48316993550321));
#1958=CARTESIAN_POINT('Ctrl Pts',(-4.75991330566911,12.1910836447224,3.89010840999838));
#1959=CARTESIAN_POINT('Ctrl Pts',(-6.94267549392927,12.1714070845181,2.74605562372272));
#1960=CARTESIAN_POINT('Ctrl Pts',(-9.12543768218947,12.1517305243138,1.60200283744705));
#1961=CARTESIAN_POINT('Ctrl Pts',(-11.019408408159,12.1320539641095,-0.0930412095994784));
#1962=CARTESIAN_POINT('Ctrl Pts',(-12.3976782783836,12.1123774039052,-2.13599977747711));
#1963=CARTESIAN_POINT('Ctrl Pts',(-13.7759481486081,12.0927008437009,-4.17895834535475));
#1964=CARTESIAN_POINT('Ctrl Pts',(-14.6385171630876,12.0730242834966,-6.56983143406349));
#1965=CARTESIAN_POINT('Ctrl Pts',(-14.8820442397319,12.0533477232923,-9.0221776786259));
#1966=CARTESIAN_POINT('Ctrl Pts',(-15.1255713163762,12.033671163088,-11.4745239231883));
#1967=CARTESIAN_POINT('Ctrl Pts',(-14.7500564551852,12.0139946028838,-13.9883433236043));
#1968=CARTESIAN_POINT('Ctrl Pts',(-13.8004886315186,11.9943180426795,-16.2624648062988));
#1969=CARTESIAN_POINT('Ctrl Pts',(-12.850920807852,11.9746414824752,-18.5365862889933));
#1970=CARTESIAN_POINT('Ctrl Pts',(-11.3273000217098,11.9549649222709,-20.5710098539662));
#1971=CARTESIAN_POINT('Ctrl Pts',(-9.4121654982255,11.9352883620666,-22.1219989715457));
#1972=CARTESIAN_POINT('Ctrl Pts',(-7.49703097474117,11.9156118018623,-23.6729880891253));
#1973=CARTESIAN_POINT('Ctrl Pts',(-5.19038271391473,11.895935241658,-24.7405427593114));
#1974=CARTESIAN_POINT('Ctrl Pts',(-2.76857132595603,11.8762586814537,-25.196763390364));
#1975=CARTESIAN_POINT('Ctrl Pts',(-0.346759937997367,11.8565821212494,-25.6529840214166));
#1976=CARTESIAN_POINT('Ctrl Pts',(2.19021457709355,11.8369055610452,-25.4978706133356));
#1977=CARTESIAN_POINT('Ctrl Pts',(4.53840681998724,11.8172290008409,-24.7500066115182));
#1978=CARTESIAN_POINT('Ctrl Pts',(6.88659906288092,11.7975524406366,-24.0021426097007));
#1979=CARTESIAN_POINT('Ctrl Pts',(9.04600903357737,11.7778758804323,-22.6615280141467));
#1980=CARTESIAN_POINT('Ctrl Pts',(10.7579264581029,11.758199320228,-20.8887769278754));
#1981=CARTESIAN_POINT('Ctrl Pts',(12.0569191844118,11.7432688637597,-19.5436239820428));
#1982=CARTESIAN_POINT('Ctrl Pts',(13.0982598504913,11.7283384072915,-17.9496605072163));
#1983=CARTESIAN_POINT('Ctrl Pts',(13.8157655107464,11.7134079508232,-16.2222947194434));
#1984=CARTESIAN_POINT('Origin',(-13.6,20.199980157,-11.0000001490116));
#1985=CARTESIAN_POINT('',(-12.3899160486906,19.699980157,-11.0000001490116));
#1986=CARTESIAN_POINT('',(-13.6,19.699980157,-11.0000001490116));
#1987=CARTESIAN_POINT('',(-12.3899160486906,20.599980157,-11.0000001490116));
#1988=CARTESIAN_POINT('',(-12.3899160486906,19.899980157,-11.0000001490116));
#1989=CARTESIAN_POINT('',(-14.4453499678478,20.599980157,-11.0000001490116));
#1990=CARTESIAN_POINT('',(-6.8,20.599980157,-11.0000001490116));
#1991=CARTESIAN_POINT('Ctrl Pts',(-14.9456393537915,20.099980157,-11.0000001490116));
#1992=CARTESIAN_POINT('Ctrl Pts',(-14.9456393537915,20.161675677543,-11.0000001490116));
#1993=CARTESIAN_POINT('Ctrl Pts',(-14.9311902299176,20.2342866165714,-11.0000001490116));
#1994=CARTESIAN_POINT('Ctrl Pts',(-14.8839506742099,20.3482959468415,-11.0000001490116));
#1995=CARTESIAN_POINT('Ctrl Pts',(-14.8427954801718,20.4098630707729,-11.0000001490116));
#1996=CARTESIAN_POINT('Ctrl Pts',(-14.7554892676785,20.497139329303,-11.0000001490116));
#1997=CARTESIAN_POINT('Ctrl Pts',(-14.6938838221147,20.5382849623009,-11.0000001490116));
#1998=CARTESIAN_POINT('Ctrl Pts',(-14.5797881184057,20.5855290442839,-11.0000001490116));
#1999=CARTESIAN_POINT('Ctrl Pts',(-14.5071048929694,20.599980157,-11.0000001490116));
#2000=CARTESIAN_POINT('Ctrl Pts',(-14.4453499678478,20.599980157,-11.0000001490116));
#2001=CARTESIAN_POINT('Origin',(-13.6,19.699980157,-10.5000001490116));
#2002=CARTESIAN_POINT('',(-12.389914459173,19.699980157,-10.0000001490116));
#2003=CARTESIAN_POINT('',(-13.6,19.699980157,-10.0000001490116));
#2004=CARTESIAN_POINT('Origin',(0.,19.699980157,-10.500019843));
#2005=CARTESIAN_POINT('Origin',(-13.6,20.199980157,-10.0000001490116));
#2006=CARTESIAN_POINT('',(-14.4453486045032,20.599980157,-10.0000001490116));
#2007=CARTESIAN_POINT('Ctrl Pts',(-14.4453486045032,20.599980157,-10.0000001490116));
#2008=CARTESIAN_POINT('Ctrl Pts',(-14.507103537219,20.599980157,-10.0000001490116));
#2009=CARTESIAN_POINT('Ctrl Pts',(-14.5797867717886,20.5855290434894,-10.0000001490116));
#2010=CARTESIAN_POINT('Ctrl Pts',(-14.6938824875546,20.5382849590211,-10.0000001490116));
#2011=CARTESIAN_POINT('Ctrl Pts',(-14.7554879389019,20.4971393249677,-10.0000001490116));
#2012=CARTESIAN_POINT('Ctrl Pts',(-14.8427941576482,20.4098630649081,-10.0000001490116));
#2013=CARTESIAN_POINT('Ctrl Pts',(-14.8839493542497,20.3482959412365,-10.0000001490116));
#2014=CARTESIAN_POINT('Ctrl Pts',(-14.9311889117287,20.2342866125307,-10.0000001490116));
#2015=CARTESIAN_POINT('Ctrl Pts',(-14.9456380360834,20.1616756757688,-10.0000001490116));
#2016=CARTESIAN_POINT('Ctrl Pts',(-14.9456380360834,20.099980157,-10.0000001490116));
#2017=CARTESIAN_POINT('',(-12.389914459173,20.599980157,-10.0000001490116));
#2018=CARTESIAN_POINT('',(-6.8,20.599980157,-10.0000001490116));
#2019=CARTESIAN_POINT('',(-12.389914459173,19.899980157,-10.0000001490116));
#2020=CARTESIAN_POINT('Origin',(0.,19.899980157,-10.500019843));
#2021=CARTESIAN_POINT('',(-14.9165708877375,11.299980157,-9.4426509617187));
#2022=CARTESIAN_POINT('Ctrl Pts',(13.8157655107464,11.7134079508232,-16.2222947194434));
#2023=CARTESIAN_POINT('Ctrl Pts',(14.0438467018332,11.7086618470872,-15.6731984988259));
#2024=CARTESIAN_POINT('Ctrl Pts',(14.2392049710966,11.7039157433512,-15.1106222239243));
#2025=CARTESIAN_POINT('Ctrl Pts',(14.3997144396693,11.6991696396151,-14.5382729507692));
#2026=CARTESIAN_POINT('Ctrl Pts',(15.0651601183556,11.6794930794108,-12.165407636923));
#2027=CARTESIAN_POINT('Ctrl Pts',(15.1316265973736,11.6598165192066,-9.6245645862192));
#2028=CARTESIAN_POINT('Ctrl Pts',(14.5911522689959,11.6401399590023,-7.22015326678221));
#2029=CARTESIAN_POINT('Ctrl Pts',(14.0506779406181,11.620463398798,-4.81574194734519));
#2030=CARTESIAN_POINT('Ctrl Pts',(12.9032628048448,11.6007868385937,-2.54776235917503));
#2031=CARTESIAN_POINT('Ctrl Pts',(11.2863713152622,11.5811102783894,-0.687930901790559));
#2032=CARTESIAN_POINT('Ctrl Pts',(9.66947982567966,11.5614337181851,1.17190055559393));
#2033=CARTESIAN_POINT('Ctrl Pts',(7.58311198228788,11.5417571579808,2.62358388219273));
#2034=CARTESIAN_POINT('Ctrl Pts',(5.27723344591304,11.5220805977765,3.49319534349154));
#2035=CARTESIAN_POINT('Ctrl Pts',(2.97135490953824,11.5024040375722,4.36280680479032));
#2036=CARTESIAN_POINT('Ctrl Pts',(0.445965680180351,11.482727477368,4.65034640078918));
#2037=CARTESIAN_POINT('Ctrl Pts',(-1.99638880397218,11.4630509171637,4.32137131003493));
#2038=CARTESIAN_POINT('Ctrl Pts',(-4.4387432881247,11.4433743569594,3.99239621928068));
#2039=CARTESIAN_POINT('Ctrl Pts',(-6.79806302707185,11.4236977967551,3.04690644177334));
#2040=CARTESIAN_POINT('Ctrl Pts',(-8.79166345135444,11.4040212365508,1.59816513380982));
#2041=CARTESIAN_POINT('Ctrl Pts',(-10.785263875637,11.3843446763465,0.149423825846298));
#2042=CARTESIAN_POINT('Ctrl Pts',(-12.4131449852551,11.3646681161422,-1.8025690125734));
#2043=CARTESIAN_POINT('Ctrl Pts',(-13.4803234235013,11.3449915559379,-4.02392794544402));
#2044=CARTESIAN_POINT('Ctrl Pts',(-14.2940698968541,11.329987756292,-5.71776182822442));
#2045=CARTESIAN_POINT('Ctrl Pts',(-14.781801972537,11.314983956646,-7.56821566221759));
#2046=CARTESIAN_POINT('Ctrl Pts',(-14.9165756238854,11.299980157,-9.44301083103494));
#2047=CARTESIAN_POINT('',(-9.01093093422176,11.299980157,1.43418476806166));
#2048=CARTESIAN_POINT('Origin',(0.,11.299980157,-10.500019843));
#2049=CARTESIAN_POINT('Ctrl Pts',(-9.01093093422192,11.299980157,1.43418476806153));
#2050=CARTESIAN_POINT('Ctrl Pts',(-7.04367319189916,11.3196567172043,2.91956433239825));
#2051=CARTESIAN_POINT('Ctrl Pts',(-4.7030990614908,11.3393332774086,3.90852694940108));
#2052=CARTESIAN_POINT('Ctrl Pts',(-2.2674973074395,11.3590098376129,4.28231688337191));
#2053=CARTESIAN_POINT('Ctrl Pts',(0.168104446611823,11.3786863978172,4.65610681734274));
#2054=CARTESIAN_POINT('Ctrl Pts',(2.69873382430609,11.3983629580214,4.41472406828155));
#2055=CARTESIAN_POINT('Ctrl Pts',(5.02024999479502,11.4180395182257,3.58744075102116));
#2056=CARTESIAN_POINT('Ctrl Pts',(7.34176616528396,11.43771607843,2.76015743376077));
#2057=CARTESIAN_POINT('Ctrl Pts',(9.45416912856756,11.4573926386343,1.34697354830119));
#2058=CARTESIAN_POINT('Ctrl Pts',(11.1047912572264,11.4770691988386,-0.482929129998869));
#2059=CARTESIAN_POINT('Ctrl Pts',(12.7554133858853,11.4967457590429,-2.31283180829896));
#2060=CARTESIAN_POINT('Ctrl Pts',(13.9442546799194,11.5164223192472,-4.55945327943954));
#2061=CARTESIAN_POINT('Ctrl Pts',(14.528682621105,11.5360988794515,-6.95357379234111));
#2062=CARTESIAN_POINT('Ctrl Pts',(15.1131105622907,11.5557754396558,-9.34769430524262));
#2063=CARTESIAN_POINT('Ctrl Pts',(15.0931251506279,11.57545199986,-11.8893138599051));
#2064=CARTESIAN_POINT('Ctrl Pts',(14.4712216898472,11.5951285600643,-14.2739609041774));
#2065=CARTESIAN_POINT('Ctrl Pts',(14.2981897525441,11.6006031611018,-14.9374402444217));
#2066=CARTESIAN_POINT('Ctrl Pts',(14.0785623170364,11.6060777621393,-15.5887680761064));
#2067=CARTESIAN_POINT('Ctrl Pts',(13.8154962579856,11.6115523631768,-16.222195755268));
#2068=CARTESIAN_POINT('Origin',(0.,20.099980157,-10.500019843));
#2069=CARTESIAN_POINT('',(14.4453499678478,20.599980157,-11.0000001490116));
#2070=CARTESIAN_POINT('Origin',(0.,20.599980157,-10.500019843));
#2071=CARTESIAN_POINT('Ctrl Pts',(14.4453499678478,20.599980157,-11.0000001490116));
#2072=CARTESIAN_POINT('Ctrl Pts',(14.5071048929694,20.599980157,-11.0000001490116));
#2073=CARTESIAN_POINT('Ctrl Pts',(14.5797881184057,20.5855290442839,-11.0000001490116));
#2074=CARTESIAN_POINT('Ctrl Pts',(14.6938838221147,20.5382849623009,-11.0000001490116));
#2075=CARTESIAN_POINT('Ctrl Pts',(14.7554892676785,20.497139329303,-11.0000001490116));
#2076=CARTESIAN_POINT('Ctrl Pts',(14.8427954801718,20.4098630707729,-11.0000001490116));
#2077=CARTESIAN_POINT('Ctrl Pts',(14.8839506742099,20.3482959468415,-11.0000001490116));
#2078=CARTESIAN_POINT('Ctrl Pts',(14.9311902299176,20.2342866165714,-11.0000001490116));
#2079=CARTESIAN_POINT('Ctrl Pts',(14.9456393537915,20.161675677543,-11.0000001490116));
#2080=CARTESIAN_POINT('Ctrl Pts',(14.9456393537915,20.099980157,-11.0000001490116));
#2081=CARTESIAN_POINT('Origin',(0.,20.599980157,-10.500019843));
#2082=CARTESIAN_POINT('',(11.45610620314,20.599980157,-15.2452944043271));
#2083=CARTESIAN_POINT('Origin',(0.,20.599980157,-10.500019843));
#2084=CARTESIAN_POINT('',(12.3899160486906,20.599980157,-11.0000001490116));
#2085=CARTESIAN_POINT('Origin',(0.,20.599980157,-10.500019843));
#2086=CARTESIAN_POINT('',(6.8,20.599980157,-11.0000001490116));
#2087=CARTESIAN_POINT('Origin',(13.6,20.199980157,-10.0000001490116));
#2088=CARTESIAN_POINT('',(12.389914459173,19.699980157,-10.0000001490116));
#2089=CARTESIAN_POINT('',(13.6,19.699980157,-10.0000001490116));
#2090=CARTESIAN_POINT('',(12.389914459173,20.599980157,-10.0000001490116));
#2091=CARTESIAN_POINT('',(12.389914459173,19.899980157,-10.0000001490116));
#2092=CARTESIAN_POINT('',(14.4453486045032,20.599980157,-10.0000001490116));
#2093=CARTESIAN_POINT('',(6.8,20.599980157,-10.0000001490116));
#2094=CARTESIAN_POINT('Ctrl Pts',(14.9456380360834,20.099980157,-10.0000001490116));
#2095=CARTESIAN_POINT('Ctrl Pts',(14.9456380360834,20.1616756757688,-10.0000001490116));
#2096=CARTESIAN_POINT('Ctrl Pts',(14.9311889117287,20.2342866125307,-10.0000001490116));
#2097=CARTESIAN_POINT('Ctrl Pts',(14.8839493542497,20.3482959412365,-10.0000001490116));
#2098=CARTESIAN_POINT('Ctrl Pts',(14.8427941576482,20.4098630649081,-10.0000001490116));
#2099=CARTESIAN_POINT('Ctrl Pts',(14.7554879389019,20.4971393249677,-10.0000001490116));
#2100=CARTESIAN_POINT('Ctrl Pts',(14.6938824875546,20.5382849590211,-10.0000001490116));
#2101=CARTESIAN_POINT('Ctrl Pts',(14.5797867717886,20.5855290434894,-10.0000001490116));
#2102=CARTESIAN_POINT('Ctrl Pts',(14.507103537219,20.599980157,-10.0000001490116));
#2103=CARTESIAN_POINT('Ctrl Pts',(14.4453486045032,20.599980157,-10.0000001490116));
#2104=CARTESIAN_POINT('Origin',(13.6,19.699980157,-10.5000001490116));
#2105=CARTESIAN_POINT('',(12.3899160486906,19.699980157,-11.0000001490116));
#2106=CARTESIAN_POINT('',(13.6,19.699980157,-11.0000001490116));
#2107=CARTESIAN_POINT('Origin',(0.,19.699980157,-10.500019843));
#2108=CARTESIAN_POINT('Origin',(13.6,20.199980157,-11.0000001490116));
#2109=CARTESIAN_POINT('',(12.3899160486906,19.899980157,-11.0000001490116));
#2110=CARTESIAN_POINT('Ctrl Pts',(8.13138089044948,15.5501171611264,1.53047579836628));
#2111=CARTESIAN_POINT('Ctrl Pts',(6.14825034545096,15.5304406009221,2.87086860491205));
#2112=CARTESIAN_POINT('Ctrl Pts',(1.50843827946247,15.4910874805135,4.55096400152918));
#2113=CARTESIAN_POINT('Ctrl Pts',(-5.81659400315944,15.4320577999007,3.46294007852478));
#2114=CARTESIAN_POINT('Ctrl Pts',(-11.746313333181,15.3730281192878,-0.970194491089916));
#2115=CARTESIAN_POINT('Ctrl Pts',(-14.8622438730401,15.3139984386749,-7.68707128501949));
#2116=CARTESIAN_POINT('Ctrl Pts',(-14.4166113902805,15.2549687580621,-15.0778270361777));
#2117=CARTESIAN_POINT('Ctrl Pts',(-10.5167741708641,15.1959390774492,-21.3717528893663));
#2118=CARTESIAN_POINT('Ctrl Pts',(-4.09689100355169,15.1369093968364,-25.0606425289315));
#2119=CARTESIAN_POINT('Ctrl Pts',(3.30460920053731,15.0778797162235,-25.2606445730734));
#2120=CARTESIAN_POINT('Ctrl Pts',(9.91430862684953,15.0188500356106,-21.9238099164968));
#2121=CARTESIAN_POINT('Ctrl Pts',(14.1484050363152,14.9598203549977,-15.8496984635945));
#2122=CARTESIAN_POINT('Ctrl Pts',(14.99237501428,14.9007906743849,-8.49373575196251));
#2123=CARTESIAN_POINT('Ctrl Pts',(12.243983716703,14.841760993772,-1.618504586438));
#2124=CARTESIAN_POINT('Ctrl Pts',(6.561784260755,14.7827313131591,3.12860639647926));
#2125=CARTESIAN_POINT('Ctrl Pts',(-0.692700511266699,14.7237016325463,4.61012995235544));
#2126=CARTESIAN_POINT('Ctrl Pts',(-7.78120529813209,14.6646719519334,2.47107515774093));
#2127=CARTESIAN_POINT('Ctrl Pts',(-13.0052373985364,14.6056422713205,-2.77601425166407));
#2128=CARTESIAN_POINT('Ctrl Pts',(-15.1130539160413,14.5466125907077,-9.87387075121549));
#2129=CARTESIAN_POINT('Ctrl Pts',(-13.5995961298535,14.4875829100948,-17.1217603231504));
#2130=CARTESIAN_POINT('Ctrl Pts',(-8.82750714199281,14.4285532294819,-22.7829990939234));
#2131=CARTESIAN_POINT('Ctrl Pts',(-1.9402384424209,14.3695235488691,-25.5010843553918));
#2132=CARTESIAN_POINT('Ctrl Pts',(5.41193535456557,14.3104938682562,-24.6247293060535));
#2133=CARTESIAN_POINT('Ctrl Pts',(11.4673426043249,14.2514641876433,-20.3639194413529));
#2134=CARTESIAN_POINT('Ctrl Pts',(14.7750329549227,14.1924345070305,-13.7395974208779));
#2135=CARTESIAN_POINT('Ctrl Pts',(14.5424429486295,14.1334048264176,-6.33903260677106));
#2136=CARTESIAN_POINT('Ctrl Pts',(10.8253040244291,14.0743751458048,0.0645082807345089));
#2137=CARTESIAN_POINT('Ctrl Pts',(4.5142885717336,14.0153454651919,3.93665776605598));
#2138=CARTESIAN_POINT('Ctrl Pts',(-2.87840617058715,13.956315784579,4.34960101459543));
#2139=CARTESIAN_POINT('Ctrl Pts',(-9.5813992484176,13.8972861039661,1.20439172442346));
#2140=CARTESIAN_POINT('Ctrl Pts',(-13.9885707435088,13.8382564233533,-4.74533911763117));
#2141=CARTESIAN_POINT('Ctrl Pts',(-15.0439079405498,13.7792267427404,-12.0739625272988));
#2142=CARTESIAN_POINT('Ctrl Pts',(-12.4945390145214,13.7201970621275,-19.025449832844));
#2143=CARTESIAN_POINT('Ctrl Pts',(-6.95132424282334,13.6611673815147,-23.9341388304251));
#2144=CARTESIAN_POINT('Ctrl Pts',(0.257513660879288,13.6021377009018,-25.6238470177468));
#2145=CARTESIAN_POINT('Ctrl Pts',(7.40464811134196,13.5431080202889,-23.6896994465518));
#2146=CARTESIAN_POINT('Ctrl Pts',(12.7775374327095,13.4840783396761,-18.5951417601092));
#2147=CARTESIAN_POINT('Ctrl Pts',(15.0887709925968,13.4250486590632,-11.5608928938971));
#2148=CARTESIAN_POINT('Ctrl Pts',(13.7845486881269,13.3660189784503,-4.27244574373705));
#2149=CARTESIAN_POINT('Ctrl Pts',(9.17737828957675,13.3069892978375,1.52379774656594));
#2150=CARTESIAN_POINT('Ctrl Pts',(2.37119471939387,13.2479596172246,4.4389860576571));
#2151=CARTESIAN_POINT('Ctrl Pts',(-5.00315638795846,13.1889299366118,3.77460406990188));
#2152=CARTESIAN_POINT('Ctrl Pts',(-11.1786894396826,13.1299002559989,-0.310154087836349));
#2153=CARTESIAN_POINT('Ctrl Pts',(-14.6756704535823,13.070870575386,-6.83652991738978));
#2154=CARTESIAN_POINT('Ctrl Pts',(-14.6561795937356,13.0118408947731,-14.2407231743604));
#2155=CARTESIAN_POINT('Ctrl Pts',(-11.124887110876,12.9528112141603,-20.7485977183678));
#2156=CARTESIAN_POINT('Ctrl Pts',(-4.9279342925646,12.8937815335474,-24.800786441521));
#2157=CARTESIAN_POINT('Ctrl Pts',(2.44981243833663,12.8347518529346,-25.4263348843515));
#2158=CARTESIAN_POINT('Ctrl Pts',(9.24055385583564,12.7757221723217,-22.4753539149956));
#2159=CARTESIAN_POINT('Ctrl Pts',(13.8171444556725,12.7166924917088,-16.6549350158746));
#2160=CARTESIAN_POINT('Ctrl Pts',(15.0829766133609,12.6576628110959,-9.35972243313333));
#2161=CARTESIAN_POINT('Ctrl Pts',(12.7347413107798,12.5986331304831,-2.33773919119253));
#2162=CARTESIAN_POINT('Ctrl Pts',(7.33510472749354,12.5396034498702,2.72846080801851));
#2163=CARTESIAN_POINT('Ctrl Pts',(0.177886465773516,12.4805737692573,4.62495348337923));
#2164=CARTESIAN_POINT('Ctrl Pts',(-7.02195558409329,12.4215440886445,2.89731576508157));
#2165=CARTESIAN_POINT('Ctrl Pts',(-12.5392503719338,12.3625144080316,-2.04048900544484));
#2166=CARTESIAN_POINT('Ctrl Pts',(-15.0519858976132,12.3034847274187,-9.00530184539416));
#2167=CARTESIAN_POINT('Ctrl Pts',(-13.9580797680213,12.2444550468059,-16.3282675519459));
#2168=CARTESIAN_POINT('Ctrl Pts',(-9.51964526279715,12.185425366193,-22.2547131814257));
#2169=CARTESIAN_POINT('Ctrl Pts',(-2.80018637553043,12.1263956855801,-25.3645890294474));
#2170=CARTESIAN_POINT('Ctrl Pts',(4.59023211250084,12.0673660049673,-24.9127307265736));
#2171=CARTESIAN_POINT('Ctrl Pts',(10.8807735727103,12.0083363243544,-21.0074085274849));
#2172=CARTESIAN_POINT('Ctrl Pts',(14.5641487671133,11.9493066437416,-14.5843870047704));
#2173=CARTESIAN_POINT('Ctrl Pts',(14.7577711675145,11.8902769631287,-7.18269914964648));
#2174=CARTESIAN_POINT('Ctrl Pts',(11.4152551184076,11.8312472825158,-0.575885332957611));
#2175=CARTESIAN_POINT('Ctrl Pts',(5.33749147083574,11.7722176019029,3.65298934900887));
#2176=CARTESIAN_POINT('Ctrl Pts',(-2.01917811299448,11.7131879212901,4.4906161890384));
#2177=CARTESIAN_POINT('Ctrl Pts',(-8.89207341177415,11.6541582406772,1.73632556042936));
#2178=CARTESIAN_POINT('Ctrl Pts',(-13.6342269404259,11.5951285600643,-3.94999248326791));
#2179=CARTESIAN_POINT('Ctrl Pts',(-15.1096331177382,11.5360988794515,-11.2056823536329));
#2180=CARTESIAN_POINT('Ctrl Pts',(-12.9642218958181,11.4770691988386,-18.2924776577825));
#2181=CARTESIAN_POINT('Ctrl Pts',(-7.71314939455633,11.4180395182257,-23.5117200387835));
#2182=CARTESIAN_POINT('Ctrl Pts',(-0.612423577144017,11.3590098376129,-25.6140013863718));
#2183=CARTESIAN_POINT('Ctrl Pts',(4.21683073191489,11.3196567172043,-24.5996644759411));
#2184=CARTESIAN_POINT('Ctrl Pts',(6.3680068192831,11.299980157,-23.549949716837));
#2185=CARTESIAN_POINT('Ctrl Pts',(8.21225184570976,15.4667381597509,1.6501255464078));
#2186=CARTESIAN_POINT('Ctrl Pts',(6.209398001097,15.4470615995467,3.00384928015398));
#2187=CARTESIAN_POINT('Ctrl Pts',(1.52344050925036,15.4077084791381,4.70065412889042));
#2188=CARTESIAN_POINT('Ctrl Pts',(-5.87444315814729,15.3486787985252,3.60180922293308));
#2189=CARTESIAN_POINT('Ctrl Pts',(-11.8631367353607,15.2896491179123,-0.875415253706273));
#2190=CARTESIAN_POINT('Ctrl Pts',(-15.010056879898,15.2306194372995,-7.65909499906676));
#2191=CARTESIAN_POINT('Ctrl Pts',(-14.5599923424774,15.1715897566866,-15.1233557902353));
#2192=CARTESIAN_POINT('Ctrl Pts',(-10.621369144942,15.1125600760737,-21.4798781203252));
#2193=CARTESIAN_POINT('Ctrl Pts',(-4.13763678751117,15.0535303954609,-25.2054557508995));
#2194=CARTESIAN_POINT('Ctrl Pts',(3.33747531594992,14.994500714848,-25.4074469229132));
#2195=CARTESIAN_POINT('Ctrl Pts',(10.012911757142,14.9354710342351,-22.0374256514356));
#2196=CARTESIAN_POINT('Ctrl Pts',(14.2891185321053,14.8764413536223,-15.9029038940388));
#2197=CARTESIAN_POINT('Ctrl Pts',(15.14148224531,14.8174116730094,-8.47378217788307));
#2198=CARTESIAN_POINT('Ctrl Pts',(12.3657567184479,14.7583819923965,-1.53017314155383));
#2199=CARTESIAN_POINT('Ctrl Pts',(6.62704473354904,14.6993523117837,3.26415041264587));
#2200=CARTESIAN_POINT('Ctrl Pts',(-0.699589790321525,14.6403226311708,4.76040851691163));
#2201=CARTESIAN_POINT('Ctrl Pts',(-7.85859356883472,14.5812929505579,2.6000796721788));
#2202=CARTESIAN_POINT('Ctrl Pts',(-13.134581477479,14.5222632699451,-2.69919486280223));
#2203=CARTESIAN_POINT('Ctrl Pts',(-15.2633613636393,14.4632335893322,-9.86764336181263));
#2204=CARTESIAN_POINT('Ctrl Pts',(-13.7348514259702,14.4042039087194,-17.1876170927852));
#2205=CARTESIAN_POINT('Ctrl Pts',(-8.91530144713701,14.3451742281065,-22.9051599272243));
#2206=CARTESIAN_POINT('Ctrl Pts',(-1.9595351570116,14.2861445474936,-25.6502780081529));
#2207=CARTESIAN_POINT('Ctrl Pts',(5.46575996170513,14.2271148668807,-24.7652071366262));
#2208=CARTESIAN_POINT('Ctrl Pts',(11.5813914926014,14.1680851862679,-20.4620212267516));
#2209=CARTESIAN_POINT('Ctrl Pts',(14.9219786023059,14.109055505655,-13.7718167618352));
#2210=CARTESIAN_POINT('Ctrl Pts',(14.6870753633347,14.0500258250421,-6.29764935131258));
#2211=CARTESIAN_POINT('Ctrl Pts',(10.9329674937995,13.9909961444293,0.169578193551406));
#2212=CARTESIAN_POINT('Ctrl Pts',(4.55918559894647,13.9319664638164,4.08023828758836));
#2213=CARTESIAN_POINT('Ctrl Pts',(-2.90703346769433,13.8729367832035,4.49728847877721));
#2214=CARTESIAN_POINT('Ctrl Pts',(-9.67669141593366,13.8139071025907,1.32079839101177));
#2215=CARTESIAN_POINT('Ctrl Pts',(-14.1276946013129,13.7548774219778,-4.68810572348221));
#2216=CARTESIAN_POINT('Ctrl Pts',(-15.1935276942412,13.6958477413649,-12.089616233615));
#2217=CARTESIAN_POINT('Ctrl Pts',(-12.6188039234286,13.6368180607521,-19.1102398182809));
#2218=CARTESIAN_POINT('Ctrl Pts',(-7.02045890019764,13.5777883801392,-24.067748367382));
#2219=CARTESIAN_POINT('Ctrl Pts',(0.260074772703771,13.5187586995263,-25.7742616111955));
#2220=CARTESIAN_POINT('Ctrl Pts',(7.47829131834433,13.4597290189135,-23.8208779023992));
#2221=CARTESIAN_POINT('Ctrl Pts',(12.9046169130559,13.4006993383006,-18.6756521003828));
#2222=CARTESIAN_POINT('Ctrl Pts',(15.238836933464,13.3416696576877,-11.5714438468278));
#2223=CARTESIAN_POINT('Ctrl Pts',(13.921643436886,13.2826399770749,-4.21050917070636));
#2224=CARTESIAN_POINT('Ctrl Pts',(9.26865225141205,13.223610296462,1.64338107779147));
#2225=CARTESIAN_POINT('Ctrl Pts',(2.3947775258875,13.1645806158491,4.58756250415515));
#2226=CARTESIAN_POINT('Ctrl Pts',(-5.05291546847158,13.1055509352363,3.9165728802885));
#2227=CARTESIAN_POINT('Ctrl Pts',(-11.2898675170258,13.0465212546234,-0.208810393733667));
#2228=CARTESIAN_POINT('Ctrl Pts',(-14.8216278874617,12.9874915740105,-6.80009454019344));
#2229=CARTESIAN_POINT('Ctrl Pts',(-14.8019431805334,12.9284618933977,-14.2779264803951));
#2230=CARTESIAN_POINT('Ctrl Pts',(-11.2355300951293,12.8694322127848,-20.8505253360758));
#2231=CARTESIAN_POINT('Ctrl Pts',(-4.97694524889155,12.8104025321719,-24.9430152549732));
#2232=CARTESIAN_POINT('Ctrl Pts',(2.47417714031849,12.7513728515591,-25.5747851134297));
#2233=CARTESIAN_POINT('Ctrl Pts',(9.33245613264734,12.6923431709462,-22.594455051569));
#2234=CARTESIAN_POINT('Ctrl Pts',(13.9545633868669,12.6333134903333,-16.716148956813));
#2235=CARTESIAN_POINT('Ctrl Pts',(15.232984926011,12.5742838097205,-9.3483815622457));
#2236=CARTESIAN_POINT('Ctrl Pts',(12.8613951606818,12.5152541291076,-2.25656092119051));
#2237=CARTESIAN_POINT('Ctrl Pts',(7.40805628814954,12.4562244484947,2.86002516114659));
#2238=CARTESIAN_POINT('Ctrl Pts',(0.179655642326519,12.3971947678819,4.77537947592217));
#2239=CARTESIAN_POINT('Ctrl Pts',(-7.0917927081355,12.338165087269,3.03055947155223));
#2240=CARTESIAN_POINT('Ctrl Pts',(-12.663959959332,12.2791354066561,-1.95635442251189));
#2241=CARTESIAN_POINT('Ctrl Pts',(-15.2016859909312,12.2201057260433,-8.99043607118685));
#2242=CARTESIAN_POINT('Ctrl Pts',(-14.096900376679,12.1610760454304,-16.386232609304));
#2243=CARTESIAN_POINT('Ctrl Pts',(-9.61432325372064,12.1020463648175,-22.3716199272635));
#2244=CARTESIAN_POINT('Ctrl Pts',(-2.82803573471639,12.0430166842047,-25.5124251627975));
#2245=CARTESIAN_POINT('Ctrl Pts',(4.63588443906205,11.9839870035918,-25.056072886134));
#2246=CARTESIAN_POINT('Ctrl Pts',(10.9889887165648,11.9249573229789,-21.1119101578542));
#2247=CARTESIAN_POINT('Ctrl Pts',(14.7089970578548,11.8659276423661,-14.6250082323892));
#2248=CARTESIAN_POINT('Ctrl Pts',(14.9045451371402,11.8068979617532,-7.14970661160275));
#2249=CARTESIAN_POINT('Ctrl Pts',(11.5287859686289,11.7478682811403,-0.477184478973352));
#2250=CARTESIAN_POINT('Ctrl Pts',(5.39057569352258,11.6888386005275,3.79374863560307));
#2251=CARTESIAN_POINT('Ctrl Pts',(-2.03925992505549,11.6298089199146,4.63970612495494));
#2252=CARTESIAN_POINT('Ctrl Pts',(-8.9805098631891,11.5707792393017,1.85802259504157));
#2253=CARTESIAN_POINT('Ctrl Pts',(-13.769826658575,11.5117495586889,-3.88484893917632));
#2254=CARTESIAN_POINT('Ctrl Pts',(-15.2599065436577,11.452719878076,-11.2127005467412));
#2255=CARTESIAN_POINT('Ctrl Pts',(-13.0931580535318,11.3936901974631,-18.3699778408138));
#2256=CARTESIAN_POINT('Ctrl Pts',(-7.78986081270372,11.3346605168503,-23.6411283937198));
#2257=CARTESIAN_POINT('Ctrl Pts',(-0.618514458923493,11.2756308362374,-25.7643180597224));
#2258=CARTESIAN_POINT('Ctrl Pts',(4.25876938096543,11.2362777158288,-24.7398930233008));
#2259=CARTESIAN_POINT('Ctrl Pts',(6.43134007122611,11.2166011556245,-23.6797382864779));
#2260=CARTESIAN_POINT('Ctrl Pts',(8.29312280097004,15.3833591583755,1.76977529444932));
#2261=CARTESIAN_POINT('Ctrl Pts',(6.27054565674304,15.3636825981712,3.13682995539591));
#2262=CARTESIAN_POINT('Ctrl Pts',(1.53844273903824,15.3243294777626,4.85034425625167));
#2263=CARTESIAN_POINT('Ctrl Pts',(-5.93229231313512,15.2652997971497,3.74067836734139));
#2264=CARTESIAN_POINT('Ctrl Pts',(-11.9799601375403,15.2062701165369,-0.780636016322648));
#2265=CARTESIAN_POINT('Ctrl Pts',(-15.1578698867559,15.147240435924,-7.631118713114));
#2266=CARTESIAN_POINT('Ctrl Pts',(-14.7033732946742,15.0882107553111,-15.1688845442928));
#2267=CARTESIAN_POINT('Ctrl Pts',(-10.72596411902,15.0291810746983,-21.5880033512841));
#2268=CARTESIAN_POINT('Ctrl Pts',(-4.17838257147065,14.9701513940854,-25.3502689728676));
#2269=CARTESIAN_POINT('Ctrl Pts',(3.37034143136251,14.9111217134725,-25.5542492727529));
#2270=CARTESIAN_POINT('Ctrl Pts',(10.1115148874344,14.8520920328597,-22.1510413863746));
#2271=CARTESIAN_POINT('Ctrl Pts',(14.4298320278954,14.7930623522468,-15.9561093244831));
#2272=CARTESIAN_POINT('Ctrl Pts',(15.29058947634,14.7340326716339,-8.45382860380363));
#2273=CARTESIAN_POINT('Ctrl Pts',(12.4875297201928,14.6750029910211,-1.44184169666966));
#2274=CARTESIAN_POINT('Ctrl Pts',(6.69230520634308,14.6159733104082,3.39969442881249));
#2275=CARTESIAN_POINT('Ctrl Pts',(-0.706479069376355,14.5569436297953,4.91068708146782));
#2276=CARTESIAN_POINT('Ctrl Pts',(-7.93598183953735,14.4979139491825,2.72908418661667));
#2277=CARTESIAN_POINT('Ctrl Pts',(-13.2639255564216,14.4388842685696,-2.62237547394039));
#2278=CARTESIAN_POINT('Ctrl Pts',(-15.4136688112373,14.3798545879567,-9.86141597240974));
#2279=CARTESIAN_POINT('Ctrl Pts',(-13.8701067220869,14.3208249073439,-17.25347386242));
#2280=CARTESIAN_POINT('Ctrl Pts',(-9.00309575228122,14.261795226731,-23.0273207605252));
#2281=CARTESIAN_POINT('Ctrl Pts',(-1.97883187160231,14.2027655461181,-25.7994716609141));
#2282=CARTESIAN_POINT('Ctrl Pts',(5.5195845688447,14.1437358655053,-24.905684967199));
#2283=CARTESIAN_POINT('Ctrl Pts',(11.695440380878,14.0847061848924,-20.5601230121503));
#2284=CARTESIAN_POINT('Ctrl Pts',(15.0689242496892,14.0256765042795,-13.8040361027925));
#2285=CARTESIAN_POINT('Ctrl Pts',(14.83170777804,13.9666468236667,-6.25626609585409));
#2286=CARTESIAN_POINT('Ctrl Pts',(11.04063096317,13.9076171430538,0.274648106368301));
#2287=CARTESIAN_POINT('Ctrl Pts',(4.60408262615934,13.8485874624409,4.22381880912073));
#2288=CARTESIAN_POINT('Ctrl Pts',(-2.93566076480149,13.7895577818281,4.64497594295901));
#2289=CARTESIAN_POINT('Ctrl Pts',(-9.77198358344974,13.7305281012152,1.43720505760006));
#2290=CARTESIAN_POINT('Ctrl Pts',(-14.2668184591169,13.6714984206023,-4.63087232933321));
#2291=CARTESIAN_POINT('Ctrl Pts',(-15.3431474479327,13.6124687399895,-12.1052699399312));
#2292=CARTESIAN_POINT('Ctrl Pts',(-12.7430688323357,13.5534390593766,-19.1950298037178));
#2293=CARTESIAN_POINT('Ctrl Pts',(-7.08959355757192,13.4944093787637,-24.201357904339));
#2294=CARTESIAN_POINT('Ctrl Pts',(0.262635884528236,13.4353796981509,-25.9246762046441));
#2295=CARTESIAN_POINT('Ctrl Pts',(7.55193452534671,13.376350017538,-23.9520563582466));
#2296=CARTESIAN_POINT('Ctrl Pts',(13.0316963934023,13.3173203369251,-18.7561624406565));
#2297=CARTESIAN_POINT('Ctrl Pts',(15.3889028743312,13.2582906563123,-11.5819947997584));
#2298=CARTESIAN_POINT('Ctrl Pts',(14.0587381856451,13.1992609756994,-4.14857259767568));
#2299=CARTESIAN_POINT('Ctrl Pts',(9.35992621324734,13.1402312950865,1.762964409017));
#2300=CARTESIAN_POINT('Ctrl Pts',(2.41836033238114,13.0812016144737,4.7361389506532));
#2301=CARTESIAN_POINT('Ctrl Pts',(-5.1026745489847,13.0221719338608,4.05854169067512));
#2302=CARTESIAN_POINT('Ctrl Pts',(-11.4010455943689,12.9631422532479,-0.107466699630976));
#2303=CARTESIAN_POINT('Ctrl Pts',(-14.9675853213412,12.9041125726351,-6.76365916299712));
#2304=CARTESIAN_POINT('Ctrl Pts',(-14.9477067673313,12.8450828920222,-14.3151297864299));
#2305=CARTESIAN_POINT('Ctrl Pts',(-11.3461730793825,12.7860532114093,-20.9524529537839));
#2306=CARTESIAN_POINT('Ctrl Pts',(-5.0259562052185,12.7270235307965,-25.0852440684254));
#2307=CARTESIAN_POINT('Ctrl Pts',(2.49854184230035,12.6679938501836,-25.723235342508));
#2308=CARTESIAN_POINT('Ctrl Pts',(9.42435840945905,12.6089641695707,-22.7135561881423));
#2309=CARTESIAN_POINT('Ctrl Pts',(14.0919823180612,12.5499344889579,-16.7773628977515));
#2310=CARTESIAN_POINT('Ctrl Pts',(15.382993238661,12.490904808345,-9.33704069135807));
#2311=CARTESIAN_POINT('Ctrl Pts',(12.9880490105838,12.4318751277321,-2.17538265118849));
#2312=CARTESIAN_POINT('Ctrl Pts',(7.48100784880554,12.3728454471193,2.99158951427468));
#2313=CARTESIAN_POINT('Ctrl Pts',(0.181424818879531,12.3138157665064,4.92580546846511));
#2314=CARTESIAN_POINT('Ctrl Pts',(-7.16162983217772,12.2547860858935,3.16380317802289));
#2315=CARTESIAN_POINT('Ctrl Pts',(-12.7886695467303,12.1957564052807,-1.87221983957896));
#2316=CARTESIAN_POINT('Ctrl Pts',(-15.3513860842492,12.1367267246678,-8.97557029697951));
#2317=CARTESIAN_POINT('Ctrl Pts',(-14.2357209853366,12.0776970440549,-16.4441976666622));
#2318=CARTESIAN_POINT('Ctrl Pts',(-9.70900124464413,12.0186673634421,-22.4885266731013));
#2319=CARTESIAN_POINT('Ctrl Pts',(-2.85588509390235,11.9596376828292,-25.6602612961476));
#2320=CARTESIAN_POINT('Ctrl Pts',(4.68153676562326,11.9006080022163,-25.1994150456943));
#2321=CARTESIAN_POINT('Ctrl Pts',(11.0972038604193,11.8415783216035,-21.2164117882234));
#2322=CARTESIAN_POINT('Ctrl Pts',(14.8538453485962,11.7825486409906,-14.665629460008));
#2323=CARTESIAN_POINT('Ctrl Pts',(15.0513191067658,11.7235189603777,-7.11671407355903));
#2324=CARTESIAN_POINT('Ctrl Pts',(11.6423168188501,11.6644892797649,-0.378483624989088));
#2325=CARTESIAN_POINT('Ctrl Pts',(5.44365991620941,11.605459599152,3.93450792219725));
#2326=CARTESIAN_POINT('Ctrl Pts',(-2.0593417371165,11.5464299185392,4.78879606087149));
#2327=CARTESIAN_POINT('Ctrl Pts',(-9.06894631460406,11.4874002379263,1.97971962965379));
#2328=CARTESIAN_POINT('Ctrl Pts',(-13.905426376724,11.4283705573134,-3.81970539508473));
#2329=CARTESIAN_POINT('Ctrl Pts',(-15.4101799695771,11.3693408767005,-11.2197187398495));
#2330=CARTESIAN_POINT('Ctrl Pts',(-13.2220942112455,11.3103111960877,-18.4474780238451));
#2331=CARTESIAN_POINT('Ctrl Pts',(-7.86657223085112,11.2512815154748,-23.7705367486561));
#2332=CARTESIAN_POINT('Ctrl Pts',(-0.624605340702964,11.1922518348619,-25.914634733073));
#2333=CARTESIAN_POINT('Ctrl Pts',(4.30070803001597,11.1528987144534,-24.8801215706605));
#2334=CARTESIAN_POINT('Ctrl Pts',(6.49467332316912,11.1332221542491,-23.8095268561189));
#2335=CARTESIAN_POINT('Ctrl Pts',(8.37399375623033,15.299980157,1.88942504249085));
#2336=CARTESIAN_POINT('Ctrl Pts',(6.33169331238908,15.2803035967957,3.26981063063784));
#2337=CARTESIAN_POINT('Ctrl Pts',(1.55344496882612,15.2409504763871,5.00003438361291));
#2338=CARTESIAN_POINT('Ctrl Pts',(-5.99014146812294,15.1819207957743,3.87954751174969));
#2339=CARTESIAN_POINT('Ctrl Pts',(-12.09678353972,15.1228911151614,-0.685856778939016));
#2340=CARTESIAN_POINT('Ctrl Pts',(-15.3056828936138,15.0638614345486,-7.60314242716126));
#2341=CARTESIAN_POINT('Ctrl Pts',(-14.8467542468711,15.0048317539357,-15.2144132983504));
#2342=CARTESIAN_POINT('Ctrl Pts',(-10.8305590930979,14.9458020733228,-21.696128582243));
#2343=CARTESIAN_POINT('Ctrl Pts',(-4.21912835543013,14.8867723927099,-25.4950821948357));
#2344=CARTESIAN_POINT('Ctrl Pts',(3.40320754677512,14.8277427120971,-25.7010516225926));
#2345=CARTESIAN_POINT('Ctrl Pts',(10.2101180177269,14.7687130314842,-22.2646571213135));
#2346=CARTESIAN_POINT('Ctrl Pts',(14.5705455236855,14.7096833508713,-16.0093147549274));
#2347=CARTESIAN_POINT('Ctrl Pts',(15.43969670737,14.6506536702585,-8.4338750297242));
#2348=CARTESIAN_POINT('Ctrl Pts',(12.6093027219377,14.5916239896456,-1.35351025178549));
#2349=CARTESIAN_POINT('Ctrl Pts',(6.75756567913713,14.5325943090328,3.53523844497912));
#2350=CARTESIAN_POINT('Ctrl Pts',(-0.713368348431192,14.4735646284199,5.060965646024));
#2351=CARTESIAN_POINT('Ctrl Pts',(-8.01337011023997,14.414534947807,2.85808870105454));
#2352=CARTESIAN_POINT('Ctrl Pts',(-13.3932696353641,14.3555052671941,-2.54555608507856));
#2353=CARTESIAN_POINT('Ctrl Pts',(-15.5639762588352,14.2964755865813,-9.85518858300685));
#2354=CARTESIAN_POINT('Ctrl Pts',(-14.0053620182035,14.2374459059684,-17.3193306320549));
#2355=CARTESIAN_POINT('Ctrl Pts',(-9.09089005742543,14.1784162253555,-23.1494815938261));
#2356=CARTESIAN_POINT('Ctrl Pts',(-1.99812858619301,14.1193865447427,-25.9486653136752));
#2357=CARTESIAN_POINT('Ctrl Pts',(5.57340917598426,14.0603568641298,-25.0461627977717));
#2358=CARTESIAN_POINT('Ctrl Pts',(11.8094892691545,14.0013271835169,-20.6582247975491));
#2359=CARTESIAN_POINT('Ctrl Pts',(15.2158698970724,13.9422975029041,-13.8362554437498));
#2360=CARTESIAN_POINT('Ctrl Pts',(14.9763401927452,13.8832678222912,-6.21488284039562));
#2361=CARTESIAN_POINT('Ctrl Pts',(11.1482944325405,13.8242381416783,0.379718019185201));
#2362=CARTESIAN_POINT('Ctrl Pts',(4.6489796533722,13.7652084610655,4.3673993306531));
#2363=CARTESIAN_POINT('Ctrl Pts',(-2.96428806190865,13.7061787804526,4.7926634071408));
#2364=CARTESIAN_POINT('Ctrl Pts',(-9.86727575096581,13.6471490998397,1.55361172418837));
#2365=CARTESIAN_POINT('Ctrl Pts',(-14.405942316921,13.5881194192269,-4.57363893518426));
#2366=CARTESIAN_POINT('Ctrl Pts',(-15.4927672016241,13.529089738614,-12.1209236462473));
#2367=CARTESIAN_POINT('Ctrl Pts',(-12.8673337412429,13.4700600580011,-19.2798197891548));
#2368=CARTESIAN_POINT('Ctrl Pts',(-7.15872821494622,13.4110303773883,-24.3349674412959));
#2369=CARTESIAN_POINT('Ctrl Pts',(0.265196996352718,13.3520006967754,-26.0750907980928));
#2370=CARTESIAN_POINT('Ctrl Pts',(7.62557773234908,13.2929710161625,-24.083234814094));
#2371=CARTESIAN_POINT('Ctrl Pts',(13.1587758737487,13.2339413355497,-18.8366727809302));
#2372=CARTESIAN_POINT('Ctrl Pts',(15.5389688151984,13.1749116549368,-11.592545752689));
#2373=CARTESIAN_POINT('Ctrl Pts',(14.1958329344042,13.1158819743239,-4.08663602464501));
#2374=CARTESIAN_POINT('Ctrl Pts',(9.45120017508263,13.0568522937111,1.88254774024253));
#2375=CARTESIAN_POINT('Ctrl Pts',(2.44194313887478,12.9978226130982,4.88471539715125));
#2376=CARTESIAN_POINT('Ctrl Pts',(-5.15243362949784,12.9387929324853,4.20051050106175));
#2377=CARTESIAN_POINT('Ctrl Pts',(-11.5122236717121,12.8797632518725,-0.00612300552828619));
#2378=CARTESIAN_POINT('Ctrl Pts',(-15.1135427552206,12.8207335712596,-6.7272237858008));
#2379=CARTESIAN_POINT('Ctrl Pts',(-15.0934703541292,12.7617038906467,-14.3523330924646));
#2380=CARTESIAN_POINT('Ctrl Pts',(-11.4568160636358,12.7026742100339,-21.054380571492));
#2381=CARTESIAN_POINT('Ctrl Pts',(-5.07496716154545,12.643644529421,-25.2274728818777));
#2382=CARTESIAN_POINT('Ctrl Pts',(2.52290654428221,12.5846148488082,-25.8716855715863));
#2383=CARTESIAN_POINT('Ctrl Pts',(9.51626068627075,12.5255851681952,-22.8326573247157));
#2384=CARTESIAN_POINT('Ctrl Pts',(14.2294012492555,12.4665554875824,-16.83857683869));
#2385=CARTESIAN_POINT('Ctrl Pts',(15.533001551311,12.4075258069695,-9.32569982047045));
#2386=CARTESIAN_POINT('Ctrl Pts',(13.1147028604859,12.3484961263567,-2.09420438118647));
#2387=CARTESIAN_POINT('Ctrl Pts',(7.55395940946153,12.2894664457438,3.12315386740276));
#2388=CARTESIAN_POINT('Ctrl Pts',(0.183193995432548,12.2304367651309,5.07623146100805));
#2389=CARTESIAN_POINT('Ctrl Pts',(-7.23146695621995,12.1714070845181,3.29704688449355));
#2390=CARTESIAN_POINT('Ctrl Pts',(-12.9133791341286,12.1123774039052,-1.788085256646));
#2391=CARTESIAN_POINT('Ctrl Pts',(-15.5010861775671,12.0533477232923,-8.9607045227722));
#2392=CARTESIAN_POINT('Ctrl Pts',(-14.3745415939942,11.9943180426795,-16.5021627240204));
#2393=CARTESIAN_POINT('Ctrl Pts',(-9.80367923556762,11.9352883620666,-22.6054334189391));
#2394=CARTESIAN_POINT('Ctrl Pts',(-2.88373445308832,11.8762586814537,-25.8080974294976));
#2395=CARTESIAN_POINT('Ctrl Pts',(4.72718909218447,11.8172290008409,-25.3427572052547));
#2396=CARTESIAN_POINT('Ctrl Pts',(11.2054190042739,11.758199320228,-21.3209134185927));
#2397=CARTESIAN_POINT('Ctrl Pts',(14.9986936393377,11.6991696396151,-14.7062506876268));
#2398=CARTESIAN_POINT('Ctrl Pts',(15.1980930763915,11.6401399590023,-7.08372153551529));
#2399=CARTESIAN_POINT('Ctrl Pts',(11.7558476690714,11.5811102783894,-0.279782771004838));
#2400=CARTESIAN_POINT('Ctrl Pts',(5.49674413889625,11.5220805977765,4.07526720879145));
#2401=CARTESIAN_POINT('Ctrl Pts',(-2.07942354917751,11.4630509171637,4.93788599678804));
#2402=CARTESIAN_POINT('Ctrl Pts',(-9.157382766019,11.4040212365508,2.101416664266));
#2403=CARTESIAN_POINT('Ctrl Pts',(-14.0410260948731,11.3449915559379,-3.75456185099313));
#2404=CARTESIAN_POINT('Ctrl Pts',(-15.5604533954966,11.2859618753251,-11.2267369329578));
#2405=CARTESIAN_POINT('Ctrl Pts',(-13.3510303689592,11.2269321947122,-18.5249782068764));
#2406=CARTESIAN_POINT('Ctrl Pts',(-7.94328364899853,11.1679025140993,-23.8999451035924));
#2407=CARTESIAN_POINT('Ctrl Pts',(-0.63069622248243,11.1088728334865,-26.0649514064235));
#2408=CARTESIAN_POINT('Ctrl Pts',(4.34264667906652,11.0695197130779,-25.0203501180203));
#2409=CARTESIAN_POINT('Ctrl Pts',(6.55800657511213,11.0498431528736,-23.9393154257598));
#2410=CARTESIAN_POINT('Ctrl Pts',(-14.9165756238854,11.299980157,-9.44301083103547));
#2411=CARTESIAN_POINT('Ctrl Pts',(-14.9361342878237,11.299980157,-9.7802084635638));
#2412=CARTESIAN_POINT('Ctrl Pts',(-14.9442556237023,11.299980157,-10.1174726620725));
#2413=CARTESIAN_POINT('Ctrl Pts',(-14.9408830457225,11.299980157,-10.4542312771718));
#2414=CARTESIAN_POINT('Ctrl Pts',(-14.9384012748013,11.299980157,-10.702041036788));
#2415=CARTESIAN_POINT('Ctrl Pts',(-14.9296944999585,11.299980157,-10.9495773942406));
#2416=CARTESIAN_POINT('Ctrl Pts',(-14.9147223551061,11.299980157,-11.1966150840343));
#2417=CARTESIAN_POINT('Ctrl Pts',(-14.8944327769166,11.299980157,-11.5313894648747));
#2418=CARTESIAN_POINT('Ctrl Pts',(-14.8626392732915,11.299980157,-11.8652484502162));
#2419=CARTESIAN_POINT('Ctrl Pts',(-14.819572778769,11.299980157,-12.1976485900467));
#2420=CARTESIAN_POINT('Ctrl Pts',(-14.7763331760382,11.299980157,-12.5313848310227));
#2421=CARTESIAN_POINT('Ctrl Pts',(-14.7217296191188,11.299980157,-12.8636510494013));
#2422=CARTESIAN_POINT('Ctrl Pts',(-14.6559437242147,11.299980157,-13.1938892372489));
#2423=CARTESIAN_POINT('Ctrl Pts',(-14.5903015255304,11.299980157,-13.523406085373));
#2424=CARTESIAN_POINT('Ctrl Pts',(-14.5135255876759,11.299980157,-13.8509043169894));
#2425=CARTESIAN_POINT('Ctrl Pts',(-14.4257473011421,11.299980157,-14.1758131239467));
#2426=CARTESIAN_POINT('Ctrl Pts',(-14.3786272305104,11.299980157,-14.350226712287));
#2427=CARTESIAN_POINT('Ctrl Pts',(-14.3283358732081,11.299980157,-14.523893793255));
#2428=CARTESIAN_POINT('Ctrl Pts',(-14.2748880035452,11.299980157,-14.6967232403739));
#2429=CARTESIAN_POINT('Ctrl Pts',(-14.2438673627782,11.299980157,-14.797031825671));
#2430=CARTESIAN_POINT('Ctrl Pts',(-14.2117833695821,11.299980157,-14.8970582106683));
#2431=CARTESIAN_POINT('Ctrl Pts',(-14.1786383335063,11.299980157,-14.9967842068202));
#2432=CARTESIAN_POINT('Ctrl Pts',(-14.1643057155668,11.299980157,-15.0399078467589));
#2433=CARTESIAN_POINT('Ctrl Pts',(-14.1497746898728,11.299980157,-15.082975313857));
#2434=CARTESIAN_POINT('Ctrl Pts',(-14.135045418994,11.299980157,-15.125985120028));
#2435=CARTESIAN_POINT('Ctrl Pts',(-14.1241683370628,11.299980157,-15.1577464468045));
#2436=CARTESIAN_POINT('Ctrl Pts',(-14.1131830659548,11.299980157,-15.1894764575959));
#2437=CARTESIAN_POINT('Ctrl Pts',(-14.1020946580072,11.299980157,-15.2211605773853));
#2438=CARTESIAN_POINT('Ctrl Pts',(-13.9910907401253,11.299980157,-15.538344202653));
#2439=CARTESIAN_POINT('Ctrl Pts',(-13.8696366935168,11.299980157,-15.8512779657056));
#2440=CARTESIAN_POINT('Ctrl Pts',(-13.7379721362332,11.299980157,-16.1594318024181));
#2441=CARTESIAN_POINT('Ctrl Pts',(-13.6060620481515,11.299980157,-16.4681602907987));
#2442=CARTESIAN_POINT('Ctrl Pts',(-13.463903140761,11.299980157,-16.7720915771239));
#2443=CARTESIAN_POINT('Ctrl Pts',(-13.3116858679434,11.299980157,-17.0706791335199));
#2444=CARTESIAN_POINT('Ctrl Pts',(-13.1602322680004,11.299980157,-17.3677686784662));
#2445=CARTESIAN_POINT('Ctrl Pts',(-12.9988207424086,11.299980157,-17.6595685137725));
#2446=CARTESIAN_POINT('Ctrl Pts',(-12.8275921941769,11.299980157,-17.9455187239985));
#2447=CARTESIAN_POINT('Ctrl Pts',(-12.7887419473423,11.299980157,-18.0103983037439));
#2448=CARTESIAN_POINT('Ctrl Pts',(-12.7493861411669,11.299980157,-18.0749766402356));
#2449=CARTESIAN_POINT('Ctrl Pts',(-12.7095261032708,11.299980157,-18.1392469938112));
#2450=CARTESIAN_POINT('Ctrl Pts',(-12.5329638525655,11.299980157,-18.4239360929661));
#2451=CARTESIAN_POINT('Ctrl Pts',(-12.3465112268844,11.299980157,-18.7025849614369));
#2452=CARTESIAN_POINT('Ctrl Pts',(-12.1505831421553,11.299980157,-18.9747845780182));
#2453=CARTESIAN_POINT('Ctrl Pts',(-11.9972574015484,11.299980157,-19.1877974692682));
#2454=CARTESIAN_POINT('Ctrl Pts',(-11.8381279617427,11.299980157,-19.3968602704097));
#2455=CARTESIAN_POINT('Ctrl Pts',(-11.6733781030129,11.299980157,-19.6017610416114));
#2456=CARTESIAN_POINT('Ctrl Pts',(-11.5992535790226,11.299980157,-19.6939503293453));
#2457=CARTESIAN_POINT('Ctrl Pts',(-11.5239911463786,11.299980157,-19.7852968980805));
#2458=CARTESIAN_POINT('Ctrl Pts',(-11.4476067097246,11.299980157,-19.875780408308));
#2459=CARTESIAN_POINT('Ctrl Pts',(-11.4037165823882,11.299980157,-19.9277717950315));
#2460=CARTESIAN_POINT('Ctrl Pts',(-11.3594560060692,11.299980157,-19.9794782224309));
#2461=CARTESIAN_POINT('Ctrl Pts',(-11.3148279313682,11.299980157,-20.0308957293633));
#2462=CARTESIAN_POINT('Ctrl Pts',(-11.29197585401,11.299980157,-20.0572243768314));
#2463=CARTESIAN_POINT('Ctrl Pts',(-11.2690274172849,11.299980157,-20.0834772677093));
#2464=CARTESIAN_POINT('Ctrl Pts',(-11.2459830126458,11.299980157,-20.1096538623253));
#2465=CARTESIAN_POINT('Ctrl Pts',(-11.2226158456131,11.299980157,-20.1361970891223));
#2466=CARTESIAN_POINT('Ctrl Pts',(-11.199154795767,11.299980157,-20.162656397741));
#2467=CARTESIAN_POINT('Ctrl Pts',(-11.1756052848529,11.299980157,-20.1890259133261));
#2468=CARTESIAN_POINT('Ctrl Pts',(-10.9540002654415,11.299980157,-20.4371676702578));
#2469=CARTESIAN_POINT('Ctrl Pts',(-10.7244320808971,11.299980157,-20.6775122013146));
#2470=CARTESIAN_POINT('Ctrl Pts',(-10.4873723994704,11.299980157,-20.9097207821769));
#2471=CARTESIAN_POINT('Ctrl Pts',(-10.2484034303004,11.299980157,-21.143799579833));
#2472=CARTESIAN_POINT('Ctrl Pts',(-10.0018214117865,11.299980157,-21.369611285793));
#2473=CARTESIAN_POINT('Ctrl Pts',(-9.74806760452909,11.299980157,-21.5867768090579));
#2474=CARTESIAN_POINT('Ctrl Pts',(-9.49475427739457,11.299980157,-21.8035653642));
#2475=CARTESIAN_POINT('Ctrl Pts',(-9.23429358807811,11.299980157,-22.0117381199662));
#2476=CARTESIAN_POINT('Ctrl Pts',(-8.9670893564464,11.299980157,-22.2108798993756));
#2477=CARTESIAN_POINT('Ctrl Pts',(-8.70293198064979,11.299980157,-22.4077509202388));
#2478=CARTESIAN_POINT('Ctrl Pts',(-8.43218350817416,11.299980157,-22.5957960569925));
#2479=CARTESIAN_POINT('Ctrl Pts',(-8.15520661387802,11.299980157,-22.7745718237475));
#2480=CARTESIAN_POINT('Ctrl Pts',(-7.94344490960509,11.299980157,-22.9112542035068));
#2481=CARTESIAN_POINT('Ctrl Pts',(-7.72804189759152,11.299980157,-23.0425175420688));
#2482=CARTESIAN_POINT('Ctrl Pts',(-7.50915111646008,11.299980157,-23.1681448938997));
#2483=CARTESIAN_POINT('Ctrl Pts',(-7.37800863355661,11.299980157,-23.2434111191583));
#2484=CARTESIAN_POINT('Ctrl Pts',(-7.24561407803688,11.299980157,-23.3166539753837));
#2485=CARTESIAN_POINT('Ctrl Pts',(-7.11201794179059,11.299980157,-23.3878542183099));
#2486=CARTESIAN_POINT('Ctrl Pts',(-7.03359143213647,11.299980157,-23.4296517335385));
#2487=CARTESIAN_POINT('Ctrl Pts',(-6.95475082558594,11.299980157,-23.4707452876216));
#2488=CARTESIAN_POINT('Ctrl Pts',(-6.87550626331687,11.299980157,-23.511130642858));
#2489=CARTESIAN_POINT('Ctrl Pts',(-6.83534662026279,11.299980157,-23.5315971758853));
#2490=CARTESIAN_POINT('Ctrl Pts',(-6.79508322970198,11.299980157,-23.5518818202112));
#2491=CARTESIAN_POINT('Ctrl Pts',(-6.75471740742637,11.299980157,-23.5719839989133));
#2492=CARTESIAN_POINT('Ctrl Pts',(-6.71864022689349,11.299980157,-23.5899504341116));
#2493=CARTESIAN_POINT('Ctrl Pts',(-6.68247919171193,11.299980157,-23.6077720558022));
#2494=CARTESIAN_POINT('Ctrl Pts',(-6.6462562885732,11.299980157,-23.6254383278801));
#2495=CARTESIAN_POINT('Ctrl Pts',(-6.34989749756803,11.299980157,-23.7699754737434));
#2496=CARTESIAN_POINT('Ctrl Pts',(-6.04909781069633,11.299980157,-23.9042696428436));
#2497=CARTESIAN_POINT('Ctrl Pts',(-5.74444429197843,11.299980157,-24.0282631764124));
#2498=CARTESIAN_POINT('Ctrl Pts',(-5.43691975728363,11.299980157,-24.1534252092567));
#2499=CARTESIAN_POINT('Ctrl Pts',(-5.12546787420483,11.299980157,-24.2680917563565));
#2500=CARTESIAN_POINT('Ctrl Pts',(-4.810665527012,11.299980157,-24.3721575281686));
#2501=CARTESIAN_POINT('Ctrl Pts',(-4.49472198333211,11.299980157,-24.4766005509584));
#2502=CARTESIAN_POINT('Ctrl Pts',(-4.175403064946,11.299980157,-24.5703659786185));
#2503=CARTESIAN_POINT('Ctrl Pts',(-3.8532733920121,11.299980157,-24.6532984223553));
#2504=CARTESIAN_POINT('Ctrl Pts',(-3.5330877405203,11.299980157,-24.7357303768098));
#2505=CARTESIAN_POINT('Ctrl Pts',(-3.21012457572244,11.299980157,-24.8074598086038));
#2506=CARTESIAN_POINT('Ctrl Pts',(-2.88492873920723,11.299980157,-24.8682838684158));
#2507=CARTESIAN_POINT('Ctrl Pts',(-2.56267543022288,11.299980157,-24.928557563031));
#2508=CARTESIAN_POINT('Ctrl Pts',(-2.23822912099904,11.299980157,-24.9781224274193));
#2509=CARTESIAN_POINT('Ctrl Pts',(-1.912118928835,11.299980157,-25.016730238102));
#2510=CARTESIAN_POINT('Ctrl Pts',(-1.79374876432701,11.299980157,-25.0307439457739));
#2511=CARTESIAN_POINT('Ctrl Pts',(-1.67515941077261,11.299980157,-25.0433135505243));
#2512=CARTESIAN_POINT('Ctrl Pts',(-1.55637635247917,11.299980157,-25.0544254692936));
#2513=CARTESIAN_POINT('Ctrl Pts',(-1.46365755873691,11.299980157,-25.0630991279724));
#2514=CARTESIAN_POINT('Ctrl Pts',(-1.37082074387545,11.299980157,-25.0708846099794));
#2515=CARTESIAN_POINT('Ctrl Pts',(-1.27787810075535,11.299980157,-25.0777750593381));
#2516=CARTESIAN_POINT('Ctrl Pts',(-1.23824383700822,11.299980157,-25.0807134079589));
#2517=CARTESIAN_POINT('Ctrl Pts',(-1.19858871964256,11.299980157,-25.0834890578832));
#2518=CARTESIAN_POINT('Ctrl Pts',(-1.15893275482564,11.299980157,-25.0861003211793));
#2519=CARTESIAN_POINT('Ctrl Pts',(-0.970271728051834,11.299980157,-25.0985232597433));
#2520=CARTESIAN_POINT('Ctrl Pts',(-0.781496021221203,11.299980157,-25.1072335077399));
#2521=CARTESIAN_POINT('Ctrl Pts',(-0.592708457207869,11.299980157,-25.1122037683967));
#2522=CARTESIAN_POINT('Ctrl Pts',(-0.262786584020394,11.299980157,-25.1208897097334));
#2523=CARTESIAN_POINT('Ctrl Pts',(0.0671714963091104,11.299980157,-25.1181566075492));
#2524=CARTESIAN_POINT('Ctrl Pts',(0.396613449480232,11.299980157,-25.1041948782258));
#2525=CARTESIAN_POINT('Ctrl Pts',(0.727689937989779,11.299980157,-25.0901638773972));
#2526=CARTESIAN_POINT('Ctrl Pts',(1.0582457482646,11.299980157,-25.0647924494541));
#2527=CARTESIAN_POINT('Ctrl Pts',(1.3877177782481,11.299980157,-25.0282210493059));
#2528=CARTESIAN_POINT('Ctrl Pts',(1.71679428246278,11.299980157,-24.9916935525239));
#2529=CARTESIAN_POINT('Ctrl Pts',(2.04479018807072,11.299980157,-24.9439928129109));
#2530=CARTESIAN_POINT('Ctrl Pts',(2.37113319012711,11.299980157,-24.8852081589564));
#2531=CARTESIAN_POINT('Ctrl Pts',(2.4405536966273,11.299980157,-24.8727033391004));
#2532=CARTESIAN_POINT('Ctrl Pts',(2.50989934922335,11.299980157,-24.8596967844682));
#2533=CARTESIAN_POINT('Ctrl Pts',(2.579164534434,11.299980157,-24.8461890684583));
#2534=CARTESIAN_POINT('Ctrl Pts',(2.61484011788247,11.299980157,-24.8392318121073));
#2535=CARTESIAN_POINT('Ctrl Pts',(2.65049543460879,11.299980157,-24.8321413843201));
#2536=CARTESIAN_POINT('Ctrl Pts',(2.68612634999471,11.299980157,-24.8249185358727));
#2537=CARTESIAN_POINT('Ctrl Pts',(3.0107993437316,11.299980157,-24.7591031111684));
#2538=CARTESIAN_POINT('Ctrl Pts',(3.33289229112244,11.299980157,-24.6824101385383));
#2539=CARTESIAN_POINT('Ctrl Pts',(3.6518525360411,11.299980157,-24.5950120240064));
#2540=CARTESIAN_POINT('Ctrl Pts',(3.97058567257594,11.299980157,-24.507676139313));
#2541=CARTESIAN_POINT('Ctrl Pts',(4.28619114450775,11.299980157,-24.4096501948388));
#2542=CARTESIAN_POINT('Ctrl Pts',(4.59810663469576,11.299980157,-24.3010553837765));
#2543=CARTESIAN_POINT('Ctrl Pts',(4.90670514088833,11.299980157,-24.1936153959327));
#2544=CARTESIAN_POINT('Ctrl Pts',(5.21169225251263,11.299980157,-24.0758299104847));
#2545=CARTESIAN_POINT('Ctrl Pts',(5.51250462567234,11.299980157,-23.9477694346814));
#2546=CARTESIAN_POINT('Ctrl Pts',(5.80170501879155,11.299980157,-23.8246523582251));
#2547=CARTESIAN_POINT('Ctrl Pts',(6.08704708529782,11.299980157,-23.6920378826273));
#2548=CARTESIAN_POINT('Ctrl Pts',(6.3680068192831,11.299980157,-23.549949716837));
#2549=CARTESIAN_POINT('',(-14.4855298555491,15.299980157,-9.48956393425263));
#2550=CARTESIAN_POINT('Ctrl Pts',(-14.4855298555491,15.299980157,-9.48956393425265));
#2551=CARTESIAN_POINT('Ctrl Pts',(-14.4675285935096,15.299980157,-9.15889826366499));
#2552=CARTESIAN_POINT('Ctrl Pts',(-14.4382609574084,15.299980157,-8.82925738499202));
#2553=CARTESIAN_POINT('Ctrl Pts',(-14.3977205747734,15.299980157,-8.50122411350193));
#2554=CARTESIAN_POINT('Ctrl Pts',(-14.368509904031,15.299980157,-8.26486541969455));
#2555=CARTESIAN_POINT('Ctrl Pts',(-14.3334457213613,15.299980157,-8.02934110896775));
#2556=CARTESIAN_POINT('Ctrl Pts',(-14.2925088716894,15.299980157,-7.79486866932755));
#2557=CARTESIAN_POINT('Ctrl Pts',(-14.2358189993329,15.299980157,-7.47016823974188));
#2558=CARTESIAN_POINT('Ctrl Pts',(-14.1678691629384,15.299980157,-7.14748436115325));
#2559=CARTESIAN_POINT('Ctrl Pts',(-14.0889345226345,15.299980157,-6.82733027810687));
#2560=CARTESIAN_POINT('Ctrl Pts',(-14.0268398282059,15.299980157,-6.57547798765078));
#2561=CARTESIAN_POINT('Ctrl Pts',(-13.9579462808812,15.299980157,-6.32519124311869));
#2562=CARTESIAN_POINT('Ctrl Pts',(-13.8823659511231,15.299980157,-6.07672577137574));
#2563=CARTESIAN_POINT('Ctrl Pts',(-13.8469195062786,15.299980157,-5.96019786433873));
#2564=CARTESIAN_POINT('Ctrl Pts',(-13.8100020227605,15.299980157,-5.84407064197233));
#2565=CARTESIAN_POINT('Ctrl Pts',(-13.7716236726507,15.299980157,-5.72837104924207));
#2566=CARTESIAN_POINT('Ctrl Pts',(-13.755174177342,15.299980157,-5.67878059258122));
#2567=CARTESIAN_POINT('Ctrl Pts',(-13.7384548496669,15.299980157,-5.62926466214859));
#2568=CARTESIAN_POINT('Ctrl Pts',(-13.7214757930349,15.299980157,-5.57985210912467));
#2569=CARTESIAN_POINT('Ctrl Pts',(-13.6141268563947,15.299980157,-5.26744458621115));
#2570=CARTESIAN_POINT('Ctrl Pts',(-13.4963374747129,15.299980157,-4.95897446925872));
#2571=CARTESIAN_POINT('Ctrl Pts',(-13.3684140896903,15.299980157,-4.65494375786659));
#2572=CARTESIAN_POINT('Ctrl Pts',(-13.2397349079595,15.299980157,-4.34911677278433));
#2573=CARTESIAN_POINT('Ctrl Pts',(-13.1008014256263,15.299980157,-4.04778124472159));
#2574=CARTESIAN_POINT('Ctrl Pts',(-12.951874789007,15.299980157,-3.75146176179909));
#2575=CARTESIAN_POINT('Ctrl Pts',(-12.8034219447451,15.299980157,-3.45608498402021));
#2576=CARTESIAN_POINT('Ctrl Pts',(-12.6450391681716,15.299980157,-3.16569184758956));
#2577=CARTESIAN_POINT('Ctrl Pts',(-12.4769383752855,15.299980157,-2.88082367631811));
#2578=CARTESIAN_POINT('Ctrl Pts',(-12.3942856939158,15.299980157,-2.74075819662458));
#2579=CARTESIAN_POINT('Ctrl Pts',(-12.3092829486426,15.299980157,-2.60202878431847));
#2580=CARTESIAN_POINT('Ctrl Pts',(-12.221951453316,15.299980157,-2.46470232904306));
#2581=CARTESIAN_POINT('Ctrl Pts',(-12.1711133605863,15.299980157,-2.38476077941736));
#2582=CARTESIAN_POINT('Ctrl Pts',(-12.1194860711918,15.299980157,-2.30529468768004));
#2583=CARTESIAN_POINT('Ctrl Pts',(-12.0670734090176,15.299980157,-2.22631755503854));
#2584=CARTESIAN_POINT('Ctrl Pts',(-12.0463556380098,15.299980157,-2.19509933255112));
#2585=CARTESIAN_POINT('Ctrl Pts',(-12.0255138875285,15.299980157,-2.16395564084705));
#2586=CARTESIAN_POINT('Ctrl Pts',(-12.0045524393691,15.299980157,-2.13289333022323));
#2587=CARTESIAN_POINT('Ctrl Pts',(-11.8181095286785,15.299980157,-1.85660766706471));
#2588=CARTESIAN_POINT('Ctrl Pts',(-11.6225025629673,15.299980157,-1.58720316294042));
#2589=CARTESIAN_POINT('Ctrl Pts',(-11.4180245227564,15.299980157,-1.32518128513783));
#2590=CARTESIAN_POINT('Ctrl Pts',(-11.4039287549351,15.299980157,-1.30711871201367));
#2591=CARTESIAN_POINT('Ctrl Pts',(-11.3897908118333,15.299980157,-1.28909122903882));
#2592=CARTESIAN_POINT('Ctrl Pts',(-11.3756107809869,15.299980157,-1.27109900390067));
#2593=CARTESIAN_POINT('Ctrl Pts',(-11.1717974455852,15.299980157,-1.01249199123346));
#2594=CARTESIAN_POINT('Ctrl Pts',(-10.9592930239017,15.299980157,-0.761166688779886));
#2595=CARTESIAN_POINT('Ctrl Pts',(-10.7386184292848,15.299980157,-0.517400965970264));
#2596=CARTESIAN_POINT('Ctrl Pts',(-10.5160752491959,15.299980157,-0.271571131118068));
#2597=CARTESIAN_POINT('Ctrl Pts',(-10.2852225442946,15.299980157,-0.0334290398996813));
#2598=CARTESIAN_POINT('Ctrl Pts',(-10.0465509488952,15.299980157,0.19670939991825));
#2599=CARTESIAN_POINT('Ctrl Pts',(-9.80722019305611,15.299980157,0.427483433405863));
#2600=CARTESIAN_POINT('Ctrl Pts',(-9.56002684922463,15.299980157,0.650209935314038));
#2601=CARTESIAN_POINT('Ctrl Pts',(-9.30542843436476,15.299980157,0.864533494437532));
#2602=CARTESIAN_POINT('Ctrl Pts',(-9.05170541396225,15.299980157,1.07812013752076));
#2603=CARTESIAN_POINT('Ctrl Pts',(-8.79062768053404,15.299980157,1.28336187811296));
#2604=CARTESIAN_POINT('Ctrl Pts',(-8.52261815142938,15.299980157,1.47986486440376));
#2605=CARTESIAN_POINT('Ctrl Pts',(-8.41183922432746,15.299980157,1.5610873122262));
#2606=CARTESIAN_POINT('Ctrl Pts',(-8.299875689933,15.299980157,1.64081621929029));
#2607=CARTESIAN_POINT('Ctrl Pts',(-8.18675620695678,15.299980157,1.71902143916313));
#2608=CARTESIAN_POINT('Ctrl Pts',(-8.12325353740124,15.299980157,1.76292404642794));
#2609=CARTESIAN_POINT('Ctrl Pts',(-8.0593865659001,15.299980157,1.80634644723124));
#2610=CARTESIAN_POINT('Ctrl Pts',(-7.99516027986787,15.299980157,1.84928310710401));
#2611=CARTESIAN_POINT('Ctrl Pts',(-7.96534170386383,15.299980157,1.86921746941686));
#2612=CARTESIAN_POINT('Ctrl Pts',(-7.93545148753524,15.299980157,1.88904321942833));
#2613=CARTESIAN_POINT('Ctrl Pts',(-7.90549716409492,15.299980157,1.90875541528076));
#2614=CARTESIAN_POINT('Ctrl Pts',(-7.6263276746939,15.299980157,2.092469918533));
#2615=CARTESIAN_POINT('Ctrl Pts',(-7.34140798869654,15.299980157,2.26644796274151));
#2616=CARTESIAN_POINT('Ctrl Pts',(-7.05124506016732,15.299980157,2.43039721524796));
#2617=CARTESIAN_POINT('Ctrl Pts',(-6.76027197021107,15.299980157,2.59480422905783));
#2618=CARTESIAN_POINT('Ctrl Pts',(-6.46402585135405,15.299980157,2.74912674834807));
#2619=CARTESIAN_POINT('Ctrl Pts',(-6.16298283501909,15.299980157,2.89303130871616));
#2620=CARTESIAN_POINT('Ctrl Pts',(-6.00069770089029,15.299980157,2.97060683651082));
#2621=CARTESIAN_POINT('Ctrl Pts',(-5.83701801306637,15.299980157,3.04515417478406));
#2622=CARTESIAN_POINT('Ctrl Pts',(-5.67201487489048,15.299980157,3.11661584854398));
#2623=CARTESIAN_POINT('Ctrl Pts',(-5.36651727274188,15.299980157,3.24892466533696));
#2624=CARTESIAN_POINT('Ctrl Pts',(-5.05648410793166,15.299980157,3.37065900187595));
#2625=CARTESIAN_POINT('Ctrl Pts',(-4.74249775416038,15.299980157,3.48176453042279));
#2626=CARTESIAN_POINT('Ctrl Pts',(-4.42790802592812,15.299980157,3.59308356582301));
#2627=CARTESIAN_POINT('Ctrl Pts',(-4.10934931953668,15.299980157,3.69373303216654));
#2628=CARTESIAN_POINT('Ctrl Pts',(-3.78739159991772,15.299980157,3.78360833729006));
#2629=CARTESIAN_POINT('Ctrl Pts',(-3.573870014636,15.299980157,3.84321342348077));
#2630=CARTESIAN_POINT('Ctrl Pts',(-3.35885312723792,15.299980157,3.89807867095429));
#2631=CARTESIAN_POINT('Ctrl Pts',(-3.14250528907428,15.299980157,3.94816106023371));
#2632=CARTESIAN_POINT('Ctrl Pts',(-3.04785310987769,15.299980157,3.97007210554346));
#2633=CARTESIAN_POINT('Ctrl Pts',(-2.95294616783282,15.299980157,3.99106755134665));
#2634=CARTESIAN_POINT('Ctrl Pts',(-2.85779820181638,15.299980157,4.01114318042488));
#2635=CARTESIAN_POINT('Ctrl Pts',(-2.81677560273239,15.299980157,4.01979869370083));
#2636=CARTESIAN_POINT('Ctrl Pts',(-2.77570820061403,15.299980157,4.02828322090856));
#2637=CARTESIAN_POINT('Ctrl Pts',(-2.73459709699495,15.299980157,4.03659640232177));
#2638=CARTESIAN_POINT('Ctrl Pts',(-2.70289949854593,15.299980157,4.04300605477751));
#2639=CARTESIAN_POINT('Ctrl Pts',(-2.67117787503272,15.299980157,4.0493134254181));
#2640=CARTESIAN_POINT('Ctrl Pts',(-2.63944402450275,15.299980157,4.05551625228591));
#2641=CARTESIAN_POINT('Ctrl Pts',(-2.29968340056237,15.299980157,4.12192723902742));
#2642=CARTESIAN_POINT('Ctrl Pts',(-1.95816414222571,15.299980157,4.17643195692934));
#2643=CARTESIAN_POINT('Ctrl Pts',(-1.61554558276359,15.299980157,4.2190313497363));
#2644=CARTESIAN_POINT('Ctrl Pts',(-1.28232517534835,15.299980157,4.26046222566159));
#2645=CARTESIAN_POINT('Ctrl Pts',(-0.948064234884341,15.299980157,4.29063180853815));
#2646=CARTESIAN_POINT('Ctrl Pts',(-0.613350991502424,15.299980157,4.30949040163513));
#2647=CARTESIAN_POINT('Ctrl Pts',(-0.26447736410706,15.299980157,4.32914682668374));
#2648=CARTESIAN_POINT('Ctrl Pts',(0.084888266099956,15.299980157,4.33651548661653));
#2649=CARTESIAN_POINT('Ctrl Pts',(0.434090099346616,15.299980157,4.33148079372943));
#2650=CARTESIAN_POINT('Ctrl Pts',(0.783291932593276,15.299980157,4.32644610084233));
#2651=CARTESIAN_POINT('Ctrl Pts',(1.13233070221738,15.299980157,4.30900818868342));
#2652=CARTESIAN_POINT('Ctrl Pts',(1.48055025086712,15.299980157,4.27898904375469));
#2653=CARTESIAN_POINT('Ctrl Pts',(1.78613622506125,15.299980157,4.25264523369839));
#2654=CARTESIAN_POINT('Ctrl Pts',(2.09109157527311,15.299980157,4.21661120166497));
#2655=CARTESIAN_POINT('Ctrl Pts',(2.39500136920328,15.299980157,4.1710187548477));
#2656=CARTESIAN_POINT('Ctrl Pts',(2.52796190404773,15.299980157,4.15107205936514));
#2657=CARTESIAN_POINT('Ctrl Pts',(2.66072219629121,15.299980157,4.12929536531134));
#2658=CARTESIAN_POINT('Ctrl Pts',(2.79324683387709,15.299980157,4.10569760781257));
#2659=CARTESIAN_POINT('Ctrl Pts',(2.84509310297773,15.299980157,4.09646569661673));
#2660=CARTESIAN_POINT('Ctrl Pts',(2.89690329921319,15.299980157,4.08695505267176));
#2661=CARTESIAN_POINT('Ctrl Pts',(2.94867528090148,15.299980157,4.0771661589839));
#2662=CARTESIAN_POINT('Ctrl Pts',(2.9980293467859,15.299980157,4.06783443768887));
#2663=CARTESIAN_POINT('Ctrl Pts',(3.04735544960831,15.299980157,4.05824844376454));
#2664=CARTESIAN_POINT('Ctrl Pts',(3.09661558710611,15.299980157,4.04841595097615));
#2665=CARTESIAN_POINT('Ctrl Pts',(3.42323944017637,15.299980157,3.98322070705361));
#2666=CARTESIAN_POINT('Ctrl Pts',(3.74719128218863,15.299980157,3.90715253490876));
#2667=CARTESIAN_POINT('Ctrl Pts',(4.06796435010552,15.299980157,3.82051178681072));
#2668=CARTESIAN_POINT('Ctrl Pts',(4.39198383396248,15.299980157,3.73299418234968));
#2669=CARTESIAN_POINT('Ctrl Pts',(4.71276042362728,15.299980157,3.63468880571487));
#2670=CARTESIAN_POINT('Ctrl Pts',(5.02976959412825,15.299980157,3.52585207825509));
#2671=CARTESIAN_POINT('Ctrl Pts',(5.34827575101656,15.299980157,3.41650140005));
#2672=CARTESIAN_POINT('Ctrl Pts',(5.66297939211312,15.299980157,3.29651951745258));
#2673=CARTESIAN_POINT('Ctrl Pts',(5.9733378644158,15.299980157,3.16611521996299));
#2674=CARTESIAN_POINT('Ctrl Pts',(6.28260037269833,15.299980157,3.03617141713));
#2675=CARTESIAN_POINT('Ctrl Pts',(6.58754889529781,15.299980157,2.89587846414906));
#2676=CARTESIAN_POINT('Ctrl Pts',(6.88762759485746,15.299980157,2.74539502691416));
#2677=CARTESIAN_POINT('Ctrl Pts',(7.18358796898417,15.299980157,2.59697684711909));
#2678=CARTESIAN_POINT('Ctrl Pts',(7.47481174938017,15.299980157,2.43864570645059));
#2679=CARTESIAN_POINT('Ctrl Pts',(7.76073968992999,15.299980157,2.27051083053791));
#2680=CARTESIAN_POINT('Ctrl Pts',(7.9680159154063,15.299980157,2.14862570667386));
#2681=CARTESIAN_POINT('Ctrl Pts',(8.17250858549404,15.299980157,2.02158767040638));
#2682=CARTESIAN_POINT('Ctrl Pts',(8.37399375622967,15.299980157,1.88942504249129));
#2683=CARTESIAN_POINT('Ctrl Pts',(-14.4855298555491,15.299980157,-9.48956393425263));
#2684=CARTESIAN_POINT('Ctrl Pts',(-14.6106803633894,15.284976357354,-11.3104442551461));
#2685=CARTESIAN_POINT('Ctrl Pts',(-14.1079021891883,15.2502959975038,-15.5760511190183));
#2686=CARTESIAN_POINT('Ctrl Pts',(-10.5167741708641,15.1959390774492,-21.3717528893663));
#2687=CARTESIAN_POINT('Ctrl Pts',(-4.09689100355169,15.1369093968364,-25.0606425289315));
#2688=CARTESIAN_POINT('Ctrl Pts',(3.30460920053731,15.0778797162235,-25.2606445730734));
#2689=CARTESIAN_POINT('Ctrl Pts',(9.77529106873647,15.0200915689279,-21.9939914143025));
#2690=CARTESIAN_POINT('Ctrl Pts',(12.5573572040574,14.9819799818366,-18.1280917496958));
#2691=CARTESIAN_POINT('Ctrl Pts',(13.4164724279484,14.9635449549496,-16.0571431451144));
#2692=CARTESIAN_POINT('Origin',(0.,15.299980157,-10.500019843));
#2693=CARTESIAN_POINT('',(-5.67629912840592,15.299980157,-23.8653409677376));
#2694=CARTESIAN_POINT('Ctrl Pts',(14.8408133915211,15.299980157,-8.66378624332401));
#2695=CARTESIAN_POINT('Ctrl Pts',(14.8779330645654,15.299980157,-8.99895867198629));
#2696=CARTESIAN_POINT('Ctrl Pts',(14.9036903581976,15.299980157,-9.33496639852337));
#2697=CARTESIAN_POINT('Ctrl Pts',(14.9179638904085,15.299980157,-9.67124518908253));
#2698=CARTESIAN_POINT('Ctrl Pts',(14.9284850082256,15.299980157,-9.91911857617415));
#2699=CARTESIAN_POINT('Ctrl Pts',(14.9327656663906,15.299980157,-10.1671395670187));
#2700=CARTESIAN_POINT('Ctrl Pts',(14.9307392212346,15.299980157,-10.4150842292531));
#2701=CARTESIAN_POINT('Ctrl Pts',(14.9279883720729,15.299980157,-10.7516629736839));
#2702=CARTESIAN_POINT('Ctrl Pts',(14.9136171587094,15.299980157,-11.0881015165863));
#2703=CARTESIAN_POINT('Ctrl Pts',(14.8877945755569,15.299980157,-11.4238354359096));
#2704=CARTESIAN_POINT('Ctrl Pts',(14.8675213262559,15.299980157,-11.6874193463588));
#2705=CARTESIAN_POINT('Ctrl Pts',(14.8401886237235,15.299980157,-11.9505690120948));
#2706=CARTESIAN_POINT('Ctrl Pts',(14.8058561079572,15.299980157,-12.2130072559925));
#2707=CARTESIAN_POINT('Ctrl Pts',(14.7901498258993,15.299980157,-12.3330663017529));
#2708=CARTESIAN_POINT('Ctrl Pts',(14.772978333036,15.299980157,-12.4529763905231));
#2709=CARTESIAN_POINT('Ctrl Pts',(14.7543460238396,15.299980157,-12.5727105696526));
#2710=CARTESIAN_POINT('Ctrl Pts',(14.745138819636,15.299980157,-12.6318775266716));
#2711=CARTESIAN_POINT('Ctrl Pts',(14.7355737172018,15.299980157,-12.6910081232198));
#2712=CARTESIAN_POINT('Ctrl Pts',(14.7256573739767,15.299980157,-12.7500633244657));
#2713=CARTESIAN_POINT('Ctrl Pts',(14.6700644030141,15.299980157,-13.0811384005792));
#2714=CARTESIAN_POINT('Ctrl Pts',(14.6034131811536,15.299980157,-13.4100097177638));
#2715=CARTESIAN_POINT('Ctrl Pts',(14.5259044791431,15.299980157,-13.7361257799083));
#2716=CARTESIAN_POINT('Ctrl Pts',(14.4481929867582,15.299980157,-14.0630950778392));
#2717=CARTESIAN_POINT('Ctrl Pts',(14.3595669800082,15.299980157,-14.3872952636895));
#2718=CARTESIAN_POINT('Ctrl Pts',(14.2601775196799,15.299980157,-14.7081611173245));
#2719=CARTESIAN_POINT('Ctrl Pts',(14.1612722651328,15.299980157,-15.0274637760209));
#2720=CARTESIAN_POINT('Ctrl Pts',(14.051707981263,15.299980157,-15.3434650649948));
#2721=CARTESIAN_POINT('Ctrl Pts',(13.9315854519402,15.299980157,-15.6555902562167));
#2722=CARTESIAN_POINT('Ctrl Pts',(13.8718801727545,15.299980157,-15.8107278626914));
#2723=CARTESIAN_POINT('Ctrl Pts',(13.8095658002112,15.299980157,-15.9649075704416));
#2724=CARTESIAN_POINT('Ctrl Pts',(13.7446504786933,15.299980157,-16.1180565203949));
#2725=CARTESIAN_POINT('Ctrl Pts',(13.7116378341759,15.299980157,-16.1959403192392));
#2726=CARTESIAN_POINT('Ctrl Pts',(13.6779524817384,15.299980157,-16.2735575138549));
#2727=CARTESIAN_POINT('Ctrl Pts',(13.6435952214277,15.299980157,-16.3508983412632));
#2728=CARTESIAN_POINT('Ctrl Pts',(13.6255005675014,15.299980157,-16.3916307947148));
#2729=CARTESIAN_POINT('Ctrl Pts',(13.6072195417318,15.299980157,-16.4322865893554));
#2730=CARTESIAN_POINT('Ctrl Pts',(13.5887522408888,15.299980157,-16.4728642842987));
#2731=CARTESIAN_POINT('Ctrl Pts',(13.5737785596309,15.299980157,-16.5057655445006));
#2732=CARTESIAN_POINT('Ctrl Pts',(13.5586847849286,15.299980157,-16.5386102082277));
#2733=CARTESIAN_POINT('Ctrl Pts',(13.5434742418977,15.299980157,-16.5713908644037));
#2734=CARTESIAN_POINT('Ctrl Pts',(13.4029395673471,15.299980157,-16.8742609748202));
#2735=CARTESIAN_POINT('Ctrl Pts',(13.2523604204929,15.299980157,-17.1718457182782));
#2736=CARTESIAN_POINT('Ctrl Pts',(13.0919145087382,15.299980157,-17.4636124052377));
#2737=CARTESIAN_POINT('Ctrl Pts',(12.9316355908519,15.299980157,-17.7550754182229));
#2738=CARTESIAN_POINT('Ctrl Pts',(12.7615104190205,15.299980157,-18.0407331141816));
#2739=CARTESIAN_POINT('Ctrl Pts',(12.5819949671603,15.299980157,-18.3202115736681));
#2740=CARTESIAN_POINT('Ctrl Pts',(12.4012674245446,15.299980157,-18.6015770754875));
#2741=CARTESIAN_POINT('Ctrl Pts',(12.2110220002714,15.299980157,-18.8766800706604));
#2742=CARTESIAN_POINT('Ctrl Pts',(12.0116780872035,15.299980157,-19.1451121349007));
#2743=CARTESIAN_POINT('Ctrl Pts',(11.8121919065826,15.299980157,-19.4137357734525));
#2744=CARTESIAN_POINT('Ctrl Pts',(11.6035938367706,15.299980157,-19.6756793953631));
#2745=CARTESIAN_POINT('Ctrl Pts',(11.3862642844394,15.299980157,-19.9305001766878));
#2746=CARTESIAN_POINT('Ctrl Pts',(11.1701169100726,15.299980157,-20.1839348441162));
#2747=CARTESIAN_POINT('Ctrl Pts',(10.9453323555559,15.299980157,-20.4303243497168));
#2748=CARTESIAN_POINT('Ctrl Pts',(10.712251741918,15.299980157,-20.6691936980814));
#2749=CARTESIAN_POINT('Ctrl Pts',(10.6160351685335,15.299980157,-20.7677998834158));
#2750=CARTESIAN_POINT('Ctrl Pts',(10.5184045334733,15.299980157,-20.8651240817325));
#2751=CARTESIAN_POINT('Ctrl Pts',(10.419382435153,15.299980157,-20.961130661391));
#2752=CARTESIAN_POINT('Ctrl Pts',(10.3649013906828,15.299980157,-21.0139525953283));
#2753=CARTESIAN_POINT('Ctrl Pts',(10.3099991231097,15.299980157,-21.0663756492209));
#2754=CARTESIAN_POINT('Ctrl Pts',(10.2546793025288,15.299980157,-21.1183937080746));
#2755=CARTESIAN_POINT('Ctrl Pts',(10.2334151299466,15.299980157,-21.1383887291943));
#2756=CARTESIAN_POINT('Ctrl Pts',(10.2120901368506,15.299980157,-21.1583230607288));
#2757=CARTESIAN_POINT('Ctrl Pts',(10.1907118063146,15.299980157,-21.1781896962738));
#2758=CARTESIAN_POINT('Ctrl Pts',(9.94592830288297,15.299980157,-21.4056641775911));
#2759=CARTESIAN_POINT('Ctrl Pts',(9.69389904029234,15.299980157,-21.6245078221889));
#2760=CARTESIAN_POINT('Ctrl Pts',(9.43505683839659,15.299980157,-21.8343420163056));
#2761=CARTESIAN_POINT('Ctrl Pts',(9.17615160776714,15.299980157,-22.0442273055816));
#2762=CARTESIAN_POINT('Ctrl Pts',(8.91042969582913,15.299980157,-22.2450991757894));
#2763=CARTESIAN_POINT('Ctrl Pts',(8.63828617592593,15.299980157,-22.4365434189098));
#2764=CARTESIAN_POINT('Ctrl Pts',(8.48158322658075,15.299980157,-22.5467789209081));
#2765=CARTESIAN_POINT('Ctrl Pts',(8.32275047864391,15.299980157,-22.6538879406279));
#2766=CARTESIAN_POINT('Ctrl Pts',(8.16185845948695,15.299980157,-22.7577852609806));
#2767=CARTESIAN_POINT('Ctrl Pts',(7.88216685512806,15.299980157,-22.938398372621));
#2768=CARTESIAN_POINT('Ctrl Pts',(7.5962534463193,15.299980157,-23.1093084934902));
#2769=CARTESIAN_POINT('Ctrl Pts',(7.30468068160166,15.299980157,-23.2703453498825));
#2770=CARTESIAN_POINT('Ctrl Pts',(7.01315776722573,15.299980157,-23.4313546737228));
#2771=CARTESIAN_POINT('Ctrl Pts',(6.71597685949364,15.299980157,-23.5824943009729));
#2772=CARTESIAN_POINT('Ctrl Pts',(6.41368048054284,15.299980157,-23.7235458567341));
#2773=CARTESIAN_POINT('Ctrl Pts',(6.21504216113683,15.299980157,-23.8162305395055));
#2774=CARTESIAN_POINT('Ctrl Pts',(6.01419471095415,15.299980157,-23.9045584284724));
#2775=CARTESIAN_POINT('Ctrl Pts',(5.81128924535742,15.299980157,-23.9884556140516));
#2776=CARTESIAN_POINT('Ctrl Pts',(5.72251810415885,15.299980157,-24.0251606327426));
#2777=CARTESIAN_POINT('Ctrl Pts',(5.63335302561015,15.299980157,-24.0610174618722));
#2778=CARTESIAN_POINT('Ctrl Pts',(5.54380659250876,15.299980157,-24.0960193192642));
#2779=CARTESIAN_POINT('Ctrl Pts',(5.505083211257,15.299980157,-24.1111554918773));
#2780=CARTESIAN_POINT('Ctrl Pts',(5.46628851496204,15.299980157,-24.1261317770599));
#2781=CARTESIAN_POINT('Ctrl Pts',(5.42742351982879,15.299980157,-24.1409476050096));
#2782=CARTESIAN_POINT('Ctrl Pts',(5.39731970618095,15.299980157,-24.1524235597115));
#2783=CARTESIAN_POINT('Ctrl Pts',(5.36717562881024,15.299980157,-24.1638024896352));
#2784=CARTESIAN_POINT('Ctrl Pts',(5.33700248484759,15.299980157,-24.1750802382173));
#2785=CARTESIAN_POINT('Ctrl Pts',(5.01648104619056,15.299980157,-24.2948808199805));
#2786=CARTESIAN_POINT('Ctrl Pts',(4.69234629412458,15.299980157,-24.4033965969927));
#2787=CARTESIAN_POINT('Ctrl Pts',(4.36522532382062,15.299980157,-24.5005037038084));
#2788=CARTESIAN_POINT('Ctrl Pts',(4.04640454470025,15.299980157,-24.5951468672361));
#2789=CARTESIAN_POINT('Ctrl Pts',(3.72474646199641,15.299980157,-24.678952937299));
#2790=CARTESIAN_POINT('Ctrl Pts',(3.40080942518311,15.299980157,-24.7517587611463));
#2791=CARTESIAN_POINT('Ctrl Pts',(3.06422230635,15.299980157,-24.8274077289954));
#2792=CARTESIAN_POINT('Ctrl Pts',(2.7251742015984,15.299980157,-24.8911810992666));
#2793=CARTESIAN_POINT('Ctrl Pts',(2.38427652675542,15.299980157,-24.9428380652585));
#2794=CARTESIAN_POINT('Ctrl Pts',(2.04337885191244,15.299980157,-24.9944950312504));
#2795=CARTESIAN_POINT('Ctrl Pts',(1.70063091419997,15.299980157,-25.0340358207114));
#2796=CARTESIAN_POINT('Ctrl Pts',(1.35663921311533,15.299980157,-25.0611574456099));
#2797=CARTESIAN_POINT('Ctrl Pts',(1.05760893164473,15.299980157,-25.084734139762));
#2798=CARTESIAN_POINT('Ctrl Pts',(0.757638397161097,15.299980157,-25.0989248114979));
#2799=CARTESIAN_POINT('Ctrl Pts',(0.45714970983785,15.299980157,-25.1037746347551));
#2800=CARTESIAN_POINT('Ctrl Pts',(0.32568590913393,15.299980157,-25.1058964324301));
#2801=CARTESIAN_POINT('Ctrl Pts',(0.194123005782484,15.299980157,-25.1062298910839));
#2802=CARTESIAN_POINT('Ctrl Pts',(0.06249681607387,15.299980157,-25.1047767481238));
#2803=CARTESIAN_POINT('Ctrl Pts',(0.0132521842439314,15.299980157,-25.1042330911948));
#2804=CARTESIAN_POINT('Ctrl Pts',(-0.0360013020952168,15.299980157,-25.1034393522982));
#2805=CARTESIAN_POINT('Ctrl Pts',(-0.085261753366033,15.299980157,-25.102395578181));
#2806=CARTESIAN_POINT('Ctrl Pts',(-0.11736821416744,15.299980157,-25.1017152780231));
#2807=CARTESIAN_POINT('Ctrl Pts',(-0.149478202573482,15.299980157,-25.1009287456599));
#2808=CARTESIAN_POINT('Ctrl Pts',(-0.181589460514211,15.299980157,-25.1000360369036));
#2809=CARTESIAN_POINT('Ctrl Pts',(-0.509692868569713,15.299980157,-25.0909146008677));
#2810=CARTESIAN_POINT('Ctrl Pts',(-0.836976688249061,15.299980157,-25.0707393735892));
#2811=CARTESIAN_POINT('Ctrl Pts',(-1.16289580761071,15.299980157,-25.0397067747378));
#2812=CARTESIAN_POINT('Ctrl Pts',(-1.49171594660751,15.299980157,-25.0083979534335));
#2813=CARTESIAN_POINT('Ctrl Pts',(-1.81914755730776,15.299980157,-24.9660375665715));
#2814=CARTESIAN_POINT('Ctrl Pts',(-2.14463372233843,15.299980157,-24.9127743620935));
#2815=CARTESIAN_POINT('Ctrl Pts',(-2.4708251411728,15.299980157,-24.8593957484782));
#2816=CARTESIAN_POINT('Ctrl Pts',(-2.79506326236462,15.299980157,-24.7950669175513));
#2817=CARTESIAN_POINT('Ctrl Pts',(-3.11678165242397,15.299980157,-24.7198858525867));
#2818=CARTESIAN_POINT('Ctrl Pts',(-3.43690084765185,15.299980157,-24.6450784969724));
#2819=CARTESIAN_POINT('Ctrl Pts',(-3.75452586443934,15.299980157,-24.5595263789883));
#2820=CARTESIAN_POINT('Ctrl Pts',(-4.0690842474116,15.299980157,-24.4632768184691));
#2821=CARTESIAN_POINT('Ctrl Pts',(-4.37874736101204,15.299980157,-24.3685251278244));
#2822=CARTESIAN_POINT('Ctrl Pts',(-4.68543903465423,15.299980157,-24.2634061474989));
#2823=CARTESIAN_POINT('Ctrl Pts',(-4.98859137501136,15.299980157,-24.1479200029841));
#2824=CARTESIAN_POINT('Ctrl Pts',(-5.21997757436144,15.299980157,-24.0597732315444));
#2825=CARTESIAN_POINT('Ctrl Pts',(-5.44930146695021,15.299980157,-23.965585878779));
#2826=CARTESIAN_POINT('Ctrl Pts',(-5.67629912840632,15.299980157,-23.8653409677375));
#2827=CARTESIAN_POINT('Origin',(0.,15.299980157,-10.500019843));
#2828=CARTESIAN_POINT('Origin',(5.55111512312578E-16,16.9864153590504,-10.500019843));
#2829=CARTESIAN_POINT('Ctrl Pts',(-5.67629912840632,15.299980157,-23.8653409677375));
#2830=CARTESIAN_POINT('Ctrl Pts',(-3.47313332740273,15.2803035967957,-24.8010332716676));
#2831=CARTESIAN_POINT('Ctrl Pts',(1.40258977669003,15.2409504763871,-25.5612347141871));
#2832=CARTESIAN_POINT('Ctrl Pts',(8.38355818977,15.1819207957743,-23.0902137238428));
#2833=CARTESIAN_POINT('Ctrl Pts',(12.0194869985143,15.1387424233287,-19.0767094758477));
#2834=CARTESIAN_POINT('Ctrl Pts',(13.2378541613841,15.1152406110874,-16.4873866841899));
#2835=CARTESIAN_POINT('Ctrl Pts',(13.4154881521452,15.1114153590504,-16.0573243580689));
#2836=CARTESIAN_POINT('Ctrl Pts',(-5.84566066946874,15.5501171611264,-24.2641168833956));
#2837=CARTESIAN_POINT('Ctrl Pts',(-3.57675986281566,15.5304406009221,-25.2277270765998));
#2838=CARTESIAN_POINT('Ctrl Pts',(1.44443830522683,15.4910874805135,-26.0106103554551));
#2839=CARTESIAN_POINT('Ctrl Pts',(8.63369517206899,15.4320577999007,-23.465862467804));
#2840=CARTESIAN_POINT('Ctrl Pts',(13.7527274080995,15.3730281192878,-17.8152409332126));
#2841=CARTESIAN_POINT('Ctrl Pts',(15.5771616577153,15.313998438675,-10.4113700144472));
#2842=CARTESIAN_POINT('Ctrl Pts',(13.6687534941195,15.2549687580621,-3.02895559387838));
#2843=CARTESIAN_POINT('Ctrl Pts',(8.48532463174406,15.1959390774492,2.56340718777971));
#2844=CARTESIAN_POINT('Ctrl Pts',(1.26861624144308,15.1369093968363,5.0255575832715));
#2845=CARTESIAN_POINT('Ctrl Pts',(-6.25202266266835,15.0778797162235,3.76761494541554));
#2846=CARTESIAN_POINT('Ctrl Pts',(-12.2746225939847,15.0188500356106,-0.909042742438125));
#2847=CARTESIAN_POINT('Ctrl Pts',(-15.3560599059149,14.9598203549978,-7.8838101857134));
#2848=CARTESIAN_POINT('Ctrl Pts',(-14.7580013767689,14.9007906743849,-15.4854571798547));
#2849=CARTESIAN_POINT('Ctrl Pts',(-10.6237405861884,14.841760993772,-21.8925301127184));
#2850=CARTESIAN_POINT('Ctrl Pts',(-3.94390180111881,14.7827313131591,-25.5698177532674));
#2851=CARTESIAN_POINT('Ctrl Pts',(3.68094528402219,14.7237016325463,-25.6361952846532));
#2852=CARTESIAN_POINT('Ctrl Pts',(10.423792059107,14.6646719519334,-22.0757584756888));
#2853=CARTESIAN_POINT('Ctrl Pts',(14.6689697132466,14.6056422713205,-15.7416316310043));
#2854=CARTESIAN_POINT('Ctrl Pts',(15.3992809824764,14.5466125907077,-8.15154992625364));
#2855=CARTESIAN_POINT('Ctrl Pts',(12.4397344049949,14.4875829100948,-1.12419058817447));
#2856=CARTESIAN_POINT('Ctrl Pts',(6.49947382012574,14.4285532294819,3.65660426267158));
#2857=CARTESIAN_POINT('Ctrl Pts',(-0.998140943961034,14.3695235488691,5.04529716137796));
#2858=CARTESIAN_POINT('Ctrl Pts',(-8.25658881738358,14.3104938682562,2.70914012989592));
#2859=CARTESIAN_POINT('Ctrl Pts',(-13.5366560448482,14.2514641876433,-2.79209475218022));
#2860=CARTESIAN_POINT('Ctrl Pts',(-15.5731733182932,14.1924345070305,-10.1402436737287));
#2861=CARTESIAN_POINT('Ctrl Pts',(-13.8781659474265,14.1334048264176,-17.5745994079579));
#2862=CARTESIAN_POINT('Ctrl Pts',(-8.85777863141616,14.0743751458048,-23.31379851311));
#2863=CARTESIAN_POINT('Ctrl Pts',(-1.71495816849123,14.0153454651919,-25.9826580086416));
#2864=CARTESIAN_POINT('Ctrl Pts',(5.83878744990588,13.956315784579,-24.9416862012568));
#2865=CARTESIAN_POINT('Ctrl Pts',(11.9934874908889,13.8972861039661,-20.4403127911118));
#2866=CARTESIAN_POINT('Ctrl Pts',(15.2743998188334,13.8382564233533,-13.5571224357625));
#2867=CARTESIAN_POINT('Ctrl Pts',(14.8953773232947,13.7792267427404,-5.94141254635224));
#2868=CARTESIAN_POINT('Ctrl Pts',(10.9472384748184,13.7201970621275,0.581998739539796));
#2869=CARTESIAN_POINT('Ctrl Pts',(4.37600609793761,13.6611673815147,4.45002151878716));
#2870=CARTESIAN_POINT('Ctrl Pts',(-3.2437713802663,13.6021377009018,4.73582976642081));
#2871=CARTESIAN_POINT('Ctrl Pts',(-10.0863011777158,13.5431080202889,1.3709402968005));
#2872=CARTESIAN_POINT('Ctrl Pts',(-14.5120286550471,13.4840783396761,-4.83837781939782));
#2873=CARTESIAN_POINT('Ctrl Pts',(-15.4604948544149,13.4250486590632,-12.404295281306));
#2874=CARTESIAN_POINT('Ctrl Pts',(-12.7044355616346,13.3660189784503,-19.5139248318825));
#2875=CARTESIAN_POINT('Ctrl Pts',(-6.90423661843461,13.3069892978375,-24.4637114324398));
#2876=CARTESIAN_POINT('Ctrl Pts',(0.55030268046901,13.2479596172246,-26.0676250874874));
#2877=CARTESIAN_POINT('Ctrl Pts',(7.87298266132494,13.1889299366117,-23.9413482781961));
#2878=CARTESIAN_POINT('Ctrl Pts',(13.309198771342,13.1299002559989,-18.5943631859284));
#2879=CARTESIAN_POINT('Ctrl Pts',(15.556366497544,13.070870575386,-11.3078734698808));
#2880=CARTESIAN_POINT('Ctrl Pts',(14.0760367019577,13.0118408947731,-3.82781204846951));
#2881=CARTESIAN_POINT('Ctrl Pts',(9.22291468454104,12.9528112141603,2.05350598881587));
#2882=CARTESIAN_POINT('Ctrl Pts',(2.15986841289331,12.8937815335474,4.92684421057128));
#2883=CARTESIAN_POINT('Ctrl Pts',(-5.4207090031196,12.8347518529345,4.10371529535942));
#2884=CARTESIAN_POINT('Ctrl Pts',(-11.7024176005668,12.7757221723217,-0.218648903690256));
#2885=CARTESIAN_POINT('Ctrl Pts',(-15.1800824250016,12.7166924917088,-7.00455654675645));
#2886=CARTESIAN_POINT('Ctrl Pts',(-15.0204120386562,12.6576628110959,-14.6280203617216));
#2887=CARTESIAN_POINT('Ctrl Pts',(-11.2616654366871,12.5986331304831,-21.2623642750623));
#2888=CARTESIAN_POINT('Ctrl Pts',(-4.80448472493542,12.5396034498702,-25.3179175554544));
#2889=CARTESIAN_POINT('Ctrl Pts',(2.80390986176542,12.4805737692573,-25.822919555447));
#2890=CARTESIAN_POINT('Ctrl Pts',(9.74045301306409,12.4215440886445,-22.6563655565799));
#2891=CARTESIAN_POINT('Ctrl Pts',(14.3430633482687,12.3625144080316,-16.577001007197));
#2892=CARTESIAN_POINT('Ctrl Pts',(15.5088985540351,12.3034847274187,-9.04151671726807));
#2893=CARTESIAN_POINT('Ctrl Pts',(12.9586101944731,12.2444550468059,-1.85550780286791));
#2894=CARTESIAN_POINT('Ctrl Pts',(7.30327870189211,12.185425366193,3.2591693041233));
#2895=CARTESIAN_POINT('Ctrl Pts',(-0.102008354579248,12.1263956855801,5.07697471564533));
#2896=CARTESIAN_POINT('Ctrl Pts',(-7.48285335419177,12.0673660049673,3.16233998804052));
#2897=CARTESIAN_POINT('Ctrl Pts',(-13.0707134757271,12.0083363243544,-2.02596511555638));
#2898=CARTESIAN_POINT('Ctrl Pts',(-15.5266708449895,11.9493066437415,-9.24475789911307));
#2899=CARTESIAN_POINT('Ctrl Pts',(-14.2622429271642,11.8902769631287,-16.7643279046683));
#2900=CARTESIAN_POINT('Ctrl Pts',(-9.58041187955175,11.8312472825158,-22.7828904271267));
#2901=CARTESIAN_POINT('Ctrl Pts',(-2.60298306393741,11.7722176019029,-25.8583292876941));
#2902=CARTESIAN_POINT('Ctrl Pts',(4.99812716662525,11.7131879212901,-25.2537199352971));
#2903=CARTESIAN_POINT('Ctrl Pts',(11.4016752092688,11.6541582406772,-21.113957016214));
#2904=CARTESIAN_POINT('Ctrl Pts',(15.0731397389652,11.5951285600643,-14.4309334145676));
#2905=CARTESIAN_POINT('Ctrl Pts',(15.1330959739534,11.5360988794515,-6.80607475058001));
#2906=CARTESIAN_POINT('Ctrl Pts',(11.5665720918512,11.4770691988386,-0.0662103371583878));
#2907=CARTESIAN_POINT('Ctrl Pts',(5.22936320200035,11.4180395182257,4.17334131922035));
#2908=CARTESIAN_POINT('Ctrl Pts',(-2.36252493108241,11.3590098376129,4.89748956640394));
#2909=CARTESIAN_POINT('Ctrl Pts',(-7.04367319189916,11.3196567172043,2.91956433239825));
#2910=CARTESIAN_POINT('Ctrl Pts',(-9.01093093422192,11.299980157,1.43418476806153));
#2911=CARTESIAN_POINT('Ctrl Pts',(-5.78920682244793,15.4667381597509,-24.1311915781762));
#2912=CARTESIAN_POINT('Ctrl Pts',(-3.54221768434468,15.4470615995467,-25.0854958082891));
#2913=CARTESIAN_POINT('Ctrl Pts',(1.43048879571456,15.4077084791381,-25.8608184750324));
#2914=CARTESIAN_POINT('Ctrl Pts',(8.55031617796933,15.3486787985252,-23.340646219817));
#2915=CARTESIAN_POINT('Ctrl Pts',(13.6199119038964,15.2896491179124,-17.7445949625172));
#2916=CARTESIAN_POINT('Ctrl Pts',(15.4267268735281,15.2306194372995,-10.4122261407505));
#2917=CARTESIAN_POINT('Ctrl Pts',(13.5367489590714,15.1715897566866,-3.10110660332807));
#2918=CARTESIAN_POINT('Ctrl Pts',(8.40337851037847,15.1125600760737,2.43724852875681));
#2919=CARTESIAN_POINT('Ctrl Pts',(1.25636471483692,15.0535303954609,4.87562096832049));
#2920=CARTESIAN_POINT('Ctrl Pts',(-6.1916444178598,14.994500714848,3.62982677787773));
#2921=CARTESIAN_POINT('Ctrl Pts',(-12.1560817300276,14.9354710342352,-1.00166658508488));
#2922=CARTESIAN_POINT('Ctrl Pts',(-15.2077603884115,14.8764413536223,-7.90907595259895));
#2923=CARTESIAN_POINT('Ctrl Pts',(-14.6154775459882,14.8174116730094,-15.4373108483003));
#2924=CARTESIAN_POINT('Ctrl Pts',(-10.5211429398738,14.7583819923966,-21.7825081548396));
#2925=CARTESIAN_POINT('Ctrl Pts',(-3.90581398837452,14.6993523117837,-25.4242827805818));
#2926=CARTESIAN_POINT('Ctrl Pts',(3.64539694591193,14.6403226311708,-25.4900192780085));
#2927=CARTESIAN_POINT('Ctrl Pts',(10.3231253944552,14.5812929505579,-21.9639670093562));
#2928=CARTESIAN_POINT('Ctrl Pts',(14.5273056962999,14.5222632699451,-15.6910113218974));
#2929=CARTESIAN_POINT('Ctrl Pts',(15.2505640620168,14.4632335893322,-8.17423002503278));
#2930=CARTESIAN_POINT('Ctrl Pts',(12.3195989912602,14.4042039087194,-1.21473666335287));
#2931=CARTESIAN_POINT('Ctrl Pts',(6.43670584204697,14.3451742281065,3.51988816901142));
#2932=CARTESIAN_POINT('Ctrl Pts',(-0.988501503811881,14.2861445474936,4.89516991354802));
#2933=CARTESIAN_POINT('Ctrl Pts',(-8.1768516878501,14.2271148668807,2.5815740704635));
#2934=CARTESIAN_POINT('Ctrl Pts',(-13.4059272268858,14.1680851862679,-2.86653322005053));
#2935=CARTESIAN_POINT('Ctrl Pts',(-15.4227770510703,14.109055505655,-10.14371817387));
#2936=CARTESIAN_POINT('Ctrl Pts',(-13.7441390338533,14.0500258250421,-17.5062774072331));
#2937=CARTESIAN_POINT('Ctrl Pts',(-8.77223557510879,13.9909961444293,-23.190050806614));
#2938=CARTESIAN_POINT('Ctrl Pts',(-1.69839614213265,13.9319664638164,-25.8331360750393));
#2939=CARTESIAN_POINT('Ctrl Pts',(5.78239998027297,13.8729367832035,-24.802217342318));
#2940=CARTESIAN_POINT('Ctrl Pts',(11.8776616593293,13.8139071025907,-20.3443154677698));
#2941=CARTESIAN_POINT('Ctrl Pts',(15.1268889249475,13.7548774219778,-13.5275987921818));
#2942=CARTESIAN_POINT('Ctrl Pts',(14.7515267989017,13.6958477413649,-5.98543681212889));
#2943=CARTESIAN_POINT('Ctrl Pts',(10.8415166820045,13.6368180607521,0.474975322151239));
#2944=CARTESIAN_POINT('Ctrl Pts',(4.33374528384258,13.5777883801392,4.30564308224857));
#2945=CARTESIAN_POINT('Ctrl Pts',(-3.2124450026973,13.5187586995264,4.58869116708771));
#2946=CARTESIAN_POINT('Ctrl Pts',(-9.98889379540464,13.4597290189134,1.25629776011982));
#2947=CARTESIAN_POINT('Ctrl Pts',(-14.3718802797005,13.4006993383006,-4.89305452589165));
#2948=CARTESIAN_POINT('Ctrl Pts',(-15.3111867674888,13.3416696576877,-12.3859049435225));
#2949=CARTESIAN_POINT('Ctrl Pts',(-12.5817438245948,13.2826399770749,-19.4268740018608));
#2950=CARTESIAN_POINT('Ctrl Pts',(-6.8375596866229,13.223610296462,-24.3288585640629));
#2951=CARTESIAN_POINT('Ctrl Pts',(0.544988190782568,13.1645806158491,-25.9172825933459));
#2952=CARTESIAN_POINT('Ctrl Pts',(7.79695016749901,13.1055509352363,-23.8115400764987));
#2953=CARTESIAN_POINT('Ctrl Pts',(13.1806665978392,13.0465212546234,-18.5161929248316));
#2954=CARTESIAN_POINT('Ctrl Pts',(15.4061325404074,12.9874915740105,-11.300071709285));
#2955=CARTESIAN_POINT('Ctrl Pts',(13.9400988725893,12.9284618933977,-3.89224818655921));
#2956=CARTESIAN_POINT('Ctrl Pts',(9.1338453655834,12.8694322127848,1.93227164646301));
#2957=CARTESIAN_POINT('Ctrl Pts',(2.13900971310538,12.8104025321719,4.77786090953232));
#2958=CARTESIAN_POINT('Ctrl Pts',(-5.36835908168049,12.7513728515591,3.9626812743908));
#2959=CARTESIAN_POINT('Ctrl Pts',(-11.5894027455571,12.6923431709462,-0.317940151504796));
#2960=CARTESIAN_POINT('Ctrl Pts',(-15.0334823913287,12.6333134903333,-7.03831361227064));
#2961=CARTESIAN_POINT('Ctrl Pts',(-14.8753540047801,12.5742838097205,-14.5881546351661));
#2962=CARTESIAN_POINT('Ctrl Pts',(-11.1529070988858,12.5152541291076,-21.1584280768279));
#2963=CARTESIAN_POINT('Ctrl Pts',(-4.75808592401084,12.4562244484947,-25.1748152821737));
#2964=CARTESIAN_POINT('Ctrl Pts',(2.77683140009162,12.3971947678819,-25.6749402789899));
#2965=CARTESIAN_POINT('Ctrl Pts',(9.64638562266887,12.338165087269,-22.5389669390326));
#2966=CARTESIAN_POINT('Ctrl Pts',(14.2045467374257,12.2791354066561,-16.518313207068));
#2967=CARTESIAN_POINT('Ctrl Pts',(15.3591230135211,12.2201057260433,-9.05560205629047));
#2968=CARTESIAN_POINT('Ctrl Pts',(12.8334637929138,12.1610760454304,-1.93899125972199));
#2969=CARTESIAN_POINT('Ctrl Pts',(7.2327480635435,12.1020463648175,3.12629139636192));
#2970=CARTESIAN_POINT('Ctrl Pts',(-0.101023219729675,12.0430166842047,4.92654154519968));
#2971=CARTESIAN_POINT('Ctrl Pts',(-7.41058849271205,11.9839870035918,3.03039719911451));
#2972=CARTESIAN_POINT('Ctrl Pts',(-12.9444844486361,11.9249573229789,-2.10780239901821));
#2973=CARTESIAN_POINT('Ctrl Pts',(-15.3767236704634,11.8659276423661,-9.25688045800902));
#2974=CARTESIAN_POINT('Ctrl Pts',(-14.1245068309537,11.8068979617532,-16.7038310149238));
#2975=CARTESIAN_POINT('Ctrl Pts',(-9.48789006940473,11.7478682811403,-22.6642699090809));
#2976=CARTESIAN_POINT('Ctrl Pts',(-2.57784503147227,11.6888386005275,-25.7100080455088));
#2977=CARTESIAN_POINT('Ctrl Pts',(4.94985828438772,11.6298089199146,-25.1112376437143));
#2978=CARTESIAN_POINT('Ctrl Pts',(11.2915647419599,11.5707792393017,-21.0114540453189));
#2979=CARTESIAN_POINT('Ctrl Pts',(14.9275724929239,11.5117495586889,-14.3929710342706));
#2980=CARTESIAN_POINT('Ctrl Pts',(14.9869497069409,11.452719878076,-6.8417486329591));
#2981=CARTESIAN_POINT('Ctrl Pts',(11.4548691504131,11.3936901974631,-0.166973744238009));
#2982=CARTESIAN_POINT('Ctrl Pts',(5.17886118231182,11.3346605168503,4.0316348923216));
#2983=CARTESIAN_POINT('Ctrl Pts',(-2.33970909749515,11.2756308362374,4.74878975472313));
#2984=CARTESIAN_POINT('Ctrl Pts',(-6.97564966618942,11.2362777158288,2.78996612358028));
#2985=CARTESIAN_POINT('Ctrl Pts',(-8.92390882581723,11.2166011556245,1.31893145461713));
#2986=CARTESIAN_POINT('Ctrl Pts',(-5.73275297542712,15.3833591583755,-23.9982662729568));
#2987=CARTESIAN_POINT('Ctrl Pts',(-3.50767550587371,15.3636825981712,-24.9432645399783));
#2988=CARTESIAN_POINT('Ctrl Pts',(1.41653928620229,15.3243294777626,-25.7110265946098));
#2989=CARTESIAN_POINT('Ctrl Pts',(8.46693718386967,15.2652997971497,-23.2154299718299));
#2990=CARTESIAN_POINT('Ctrl Pts',(13.4870963996933,15.2062701165369,-17.6739489918219));
#2991=CARTESIAN_POINT('Ctrl Pts',(15.2762920893409,15.147240435924,-10.4130822670538));
#2992=CARTESIAN_POINT('Ctrl Pts',(13.4047444240233,15.0882107553111,-3.17325761277776));
#2993=CARTESIAN_POINT('Ctrl Pts',(8.32143238901287,15.0291810746983,2.31108986973391));
#2994=CARTESIAN_POINT('Ctrl Pts',(1.24411318823077,14.9701513940854,4.72568435336948));
#2995=CARTESIAN_POINT('Ctrl Pts',(-6.13126617305126,14.9111217134725,3.49203861033993));
#2996=CARTESIAN_POINT('Ctrl Pts',(-12.0375408660705,14.8520920328597,-1.09429042773162));
#2997=CARTESIAN_POINT('Ctrl Pts',(-15.0594608709081,14.7930623522468,-7.9343417194845));
#2998=CARTESIAN_POINT('Ctrl Pts',(-14.4729537152075,14.7340326716339,-15.389164516746));
#2999=CARTESIAN_POINT('Ctrl Pts',(-10.4185452935592,14.6750029910211,-21.6724861969609));
#3000=CARTESIAN_POINT('Ctrl Pts',(-3.86772617563021,14.6159733104082,-25.2787478078961));
#3001=CARTESIAN_POINT('Ctrl Pts',(3.60984860780167,14.5569436297953,-25.3438432713637));
#3002=CARTESIAN_POINT('Ctrl Pts',(10.2224587298035,14.4979139491825,-21.8521755430236));
#3003=CARTESIAN_POINT('Ctrl Pts',(14.3856416793531,14.4388842685696,-15.6403910127906));
#3004=CARTESIAN_POINT('Ctrl Pts',(15.1018471415572,14.3798545879567,-8.19691012381193));
#3005=CARTESIAN_POINT('Ctrl Pts',(12.1994635775256,14.3208249073439,-1.30528273853126));
#3006=CARTESIAN_POINT('Ctrl Pts',(6.3739378639682,14.261795226731,3.38317207535126));
#3007=CARTESIAN_POINT('Ctrl Pts',(-0.97886206366274,14.2027655461181,4.74504266571808));
#3008=CARTESIAN_POINT('Ctrl Pts',(-8.09711455831659,14.1437358655053,2.45400801103108));
#3009=CARTESIAN_POINT('Ctrl Pts',(-13.2751984089234,14.0847061848924,-2.94097168792084));
#3010=CARTESIAN_POINT('Ctrl Pts',(-15.2723807838475,14.0256765042795,-10.1471926740112));
#3011=CARTESIAN_POINT('Ctrl Pts',(-13.61011212028,13.9666468236667,-17.4379554065083));
#3012=CARTESIAN_POINT('Ctrl Pts',(-8.68669251880143,13.9076171430538,-23.0663031001179));
#3013=CARTESIAN_POINT('Ctrl Pts',(-1.68183411577405,13.8485874624409,-25.683614141437));
#3014=CARTESIAN_POINT('Ctrl Pts',(5.72601251064006,13.7895577818281,-24.6627484833791));
#3015=CARTESIAN_POINT('Ctrl Pts',(11.7618358277697,13.7305281012152,-20.2483181444277));
#3016=CARTESIAN_POINT('Ctrl Pts',(14.9793780310616,13.6714984206024,-13.4980751486012));
#3017=CARTESIAN_POINT('Ctrl Pts',(14.6076762745088,13.6124687399895,-6.02946107790556));
#3018=CARTESIAN_POINT('Ctrl Pts',(10.7357948891907,13.5534390593766,0.367951904762689));
#3019=CARTESIAN_POINT('Ctrl Pts',(4.29148446974754,13.4944093787637,4.16126464570997));
#3020=CARTESIAN_POINT('Ctrl Pts',(-3.1811186251283,13.4353796981509,4.44155256775462));
#3021=CARTESIAN_POINT('Ctrl Pts',(-9.89148641309344,13.376350017538,1.14165522343913));
#3022=CARTESIAN_POINT('Ctrl Pts',(-14.2317319043539,13.3173203369252,-4.94773123238546));
#3023=CARTESIAN_POINT('Ctrl Pts',(-15.1618786805628,13.2582906563123,-12.3675146057389));
#3024=CARTESIAN_POINT('Ctrl Pts',(-12.459052087555,13.1992609756994,-19.3398231718391));
#3025=CARTESIAN_POINT('Ctrl Pts',(-6.7708827548112,13.1402312950865,-24.194005695686));
#3026=CARTESIAN_POINT('Ctrl Pts',(0.539673701096126,13.0812016144737,-25.7669400992045));
#3027=CARTESIAN_POINT('Ctrl Pts',(7.72091767367308,13.0221719338608,-23.6817318748013));
#3028=CARTESIAN_POINT('Ctrl Pts',(13.0521344243364,12.9631422532479,-18.4380226637348));
#3029=CARTESIAN_POINT('Ctrl Pts',(15.2558985832708,12.9041125726351,-11.2922699486893));
#3030=CARTESIAN_POINT('Ctrl Pts',(13.8041610432209,12.8450828920222,-3.95668432464892));
#3031=CARTESIAN_POINT('Ctrl Pts',(9.04477604662576,12.7860532114093,1.81103730411015));
#3032=CARTESIAN_POINT('Ctrl Pts',(2.11815101331745,12.7270235307965,4.62887760849336));
#3033=CARTESIAN_POINT('Ctrl Pts',(-5.31600916024138,12.6679938501836,3.82164725342218));
#3034=CARTESIAN_POINT('Ctrl Pts',(-11.4763878905474,12.6089641695707,-0.417231399319339));
#3035=CARTESIAN_POINT('Ctrl Pts',(-14.8868823576559,12.5499344889579,-7.07207067778484));
#3036=CARTESIAN_POINT('Ctrl Pts',(-14.7302959709041,12.490904808345,-14.5482889086105));
#3037=CARTESIAN_POINT('Ctrl Pts',(-11.0441487610844,12.4318751277321,-21.0544918785935));
#3038=CARTESIAN_POINT('Ctrl Pts',(-4.71168712308627,12.3728454471193,-25.0317130088929));
#3039=CARTESIAN_POINT('Ctrl Pts',(2.74975293841784,12.3138157665064,-25.5269610025328));
#3040=CARTESIAN_POINT('Ctrl Pts',(9.55231823227365,12.2547860858935,-22.4215683214853));
#3041=CARTESIAN_POINT('Ctrl Pts',(14.0660301265828,12.1957564052807,-16.459625406939));
#3042=CARTESIAN_POINT('Ctrl Pts',(15.2093474730072,12.1367267246678,-9.06968739531289));
#3043=CARTESIAN_POINT('Ctrl Pts',(12.7083173913544,12.077697044055,-2.02247471657605));
#3044=CARTESIAN_POINT('Ctrl Pts',(7.1622174251949,12.0186673634421,2.99341348860053));
#3045=CARTESIAN_POINT('Ctrl Pts',(-0.100038084880101,11.9596376828292,4.77610837475402));
#3046=CARTESIAN_POINT('Ctrl Pts',(-7.33832363123232,11.9006080022163,2.89845441018851));
#3047=CARTESIAN_POINT('Ctrl Pts',(-12.818255421545,11.8415783216035,-2.18963968248006));
#3048=CARTESIAN_POINT('Ctrl Pts',(-15.2267764959373,11.7825486409906,-9.26900301690493));
#3049=CARTESIAN_POINT('Ctrl Pts',(-13.9867707347433,11.7235189603777,-16.6433341251793));
#3050=CARTESIAN_POINT('Ctrl Pts',(-9.39536825925771,11.6644892797649,-22.545649391035));
#3051=CARTESIAN_POINT('Ctrl Pts',(-2.55270699900713,11.605459599152,-25.5616868033236));
#3052=CARTESIAN_POINT('Ctrl Pts',(4.90158940215017,11.5464299185391,-24.9687553521315));
#3053=CARTESIAN_POINT('Ctrl Pts',(11.1814542746509,11.4874002379263,-20.9089510744238));
#3054=CARTESIAN_POINT('Ctrl Pts',(14.7820052468825,11.4283705573134,-14.3550086539737));
#3055=CARTESIAN_POINT('Ctrl Pts',(14.8408034399284,11.3693408767005,-6.87742251533818));
#3056=CARTESIAN_POINT('Ctrl Pts',(11.343166208975,11.3103111960877,-0.267737151317631));
#3057=CARTESIAN_POINT('Ctrl Pts',(5.12835916262329,11.2512815154748,3.88992846542284));
#3058=CARTESIAN_POINT('Ctrl Pts',(-2.31689326390789,11.1922518348619,4.60008994304232));
#3059=CARTESIAN_POINT('Ctrl Pts',(-6.90762614047968,11.1528987144534,2.66036791476232));
#3060=CARTESIAN_POINT('Ctrl Pts',(-8.83688671741253,11.1332221542491,1.20367814117274));
#3061=CARTESIAN_POINT('Ctrl Pts',(-5.67629912840632,15.299980157,-23.8653409677375));
#3062=CARTESIAN_POINT('Ctrl Pts',(-3.47313332740273,15.2803035967957,-24.8010332716676));
#3063=CARTESIAN_POINT('Ctrl Pts',(1.40258977669003,15.2409504763871,-25.5612347141871));
#3064=CARTESIAN_POINT('Ctrl Pts',(8.38355818977,15.1819207957743,-23.0902137238428));
#3065=CARTESIAN_POINT('Ctrl Pts',(13.3542808954902,15.1228911151614,-17.6033030211265));
#3066=CARTESIAN_POINT('Ctrl Pts',(15.1258573051537,15.0638614345486,-10.4139383933572));
#3067=CARTESIAN_POINT('Ctrl Pts',(13.2727398889752,15.0048317539357,-3.24540862222745));
#3068=CARTESIAN_POINT('Ctrl Pts',(8.23948626764728,14.9458020733228,2.18493121071101));
#3069=CARTESIAN_POINT('Ctrl Pts',(1.23186166162461,14.88677239271,4.57574773841847));
#3070=CARTESIAN_POINT('Ctrl Pts',(-6.0708879282427,14.8277427120971,3.35425044280212));
#3071=CARTESIAN_POINT('Ctrl Pts',(-11.9190000021134,14.7687130314842,-1.18691427037838));
#3072=CARTESIAN_POINT('Ctrl Pts',(-14.9111613534047,14.7096833508713,-7.95960748637005));
#3073=CARTESIAN_POINT('Ctrl Pts',(-14.3304298844267,14.6506536702585,-15.3410181851916));
#3074=CARTESIAN_POINT('Ctrl Pts',(-10.3159476472446,14.5916239896456,-21.5624642390822));
#3075=CARTESIAN_POINT('Ctrl Pts',(-3.8296383628859,14.5325943090327,-25.1332128352105));
#3076=CARTESIAN_POINT('Ctrl Pts',(3.5743002696914,14.4735646284199,-25.197667264719));
#3077=CARTESIAN_POINT('Ctrl Pts',(10.1217920651517,14.414534947807,-21.740384076691));
#3078=CARTESIAN_POINT('Ctrl Pts',(14.2439776624064,14.3555052671941,-15.5897707036837));
#3079=CARTESIAN_POINT('Ctrl Pts',(14.9531302210976,14.2964755865813,-8.21959022259108));
#3080=CARTESIAN_POINT('Ctrl Pts',(12.0793281637909,14.2374459059684,-1.39582881370966));
#3081=CARTESIAN_POINT('Ctrl Pts',(6.31116988588945,14.1784162253555,3.24645598169109));
#3082=CARTESIAN_POINT('Ctrl Pts',(-0.969222623513596,14.1193865447427,4.59491541788814));
#3083=CARTESIAN_POINT('Ctrl Pts',(-8.01737742878311,14.0603568641298,2.32644195159866));
#3084=CARTESIAN_POINT('Ctrl Pts',(-13.144469590961,14.0013271835169,-3.01541015579115));
#3085=CARTESIAN_POINT('Ctrl Pts',(-15.1219845166247,13.9422975029041,-10.1506671741525));
#3086=CARTESIAN_POINT('Ctrl Pts',(-13.4760852067068,13.8832678222912,-17.3696334057834));
#3087=CARTESIAN_POINT('Ctrl Pts',(-8.60114946249406,13.8242381416783,-22.9425553936219));
#3088=CARTESIAN_POINT('Ctrl Pts',(-1.66527208941547,13.7652084610655,-25.5340922078348));
#3089=CARTESIAN_POINT('Ctrl Pts',(5.66962504100715,13.7061787804526,-24.5232796244403));
#3090=CARTESIAN_POINT('Ctrl Pts',(11.6460099962101,13.6471490998397,-20.1523208210857));
#3091=CARTESIAN_POINT('Ctrl Pts',(14.8318671371757,13.5881194192269,-13.4685515050206));
#3092=CARTESIAN_POINT('Ctrl Pts',(14.4638257501158,13.529089738614,-6.07348534368222));
#3093=CARTESIAN_POINT('Ctrl Pts',(10.6300730963768,13.4700600580011,0.260928487374136));
#3094=CARTESIAN_POINT('Ctrl Pts',(4.2492236556525,13.4110303773883,4.01688620917138));
#3095=CARTESIAN_POINT('Ctrl Pts',(-3.14979224755931,13.3520006967754,4.29441396842151));
#3096=CARTESIAN_POINT('Ctrl Pts',(-9.79407903078222,13.2929710161625,1.02701268675846));
#3097=CARTESIAN_POINT('Ctrl Pts',(-14.0915835290073,13.2339413355497,-5.00240793887928));
#3098=CARTESIAN_POINT('Ctrl Pts',(-15.0125705936368,13.1749116549368,-12.3491242679554));
#3099=CARTESIAN_POINT('Ctrl Pts',(-12.3363603505153,13.1158819743239,-19.2527723418174));
#3100=CARTESIAN_POINT('Ctrl Pts',(-6.70420582299949,13.0568522937111,-24.0591528273091));
#3101=CARTESIAN_POINT('Ctrl Pts',(0.534359211409684,12.9978226130982,-25.616597605063));
#3102=CARTESIAN_POINT('Ctrl Pts',(7.64488517984715,12.9387929324853,-23.5519236731039));
#3103=CARTESIAN_POINT('Ctrl Pts',(12.9236022508335,12.8797632518725,-18.3598524026381));
#3104=CARTESIAN_POINT('Ctrl Pts',(15.1056646261343,12.8207335712596,-11.2844681880935));
#3105=CARTESIAN_POINT('Ctrl Pts',(13.6682232138526,12.7617038906467,-4.02112046273862));
#3106=CARTESIAN_POINT('Ctrl Pts',(8.95570672766813,12.7026742100339,1.68980296175728));
#3107=CARTESIAN_POINT('Ctrl Pts',(2.09729231352952,12.643644529421,4.4798943074544));
#3108=CARTESIAN_POINT('Ctrl Pts',(-5.26365923880227,12.5846148488081,3.68061323245356));
#3109=CARTESIAN_POINT('Ctrl Pts',(-11.3633730355377,12.5255851681953,-0.516522647133878));
#3110=CARTESIAN_POINT('Ctrl Pts',(-14.740282323983,12.4665554875824,-7.10582774329903));
#3111=CARTESIAN_POINT('Ctrl Pts',(-14.585237937028,12.4075258069695,-14.5084231820549));
#3112=CARTESIAN_POINT('Ctrl Pts',(-10.935390423283,12.3484961263567,-20.9505556803592));
#3113=CARTESIAN_POINT('Ctrl Pts',(-4.66528832216169,12.2894664457438,-24.8886107356121));
#3114=CARTESIAN_POINT('Ctrl Pts',(2.72267447674404,12.2304367651309,-25.3789817260758));
#3115=CARTESIAN_POINT('Ctrl Pts',(9.45825084187845,12.1714070845181,-22.3041697039379));
#3116=CARTESIAN_POINT('Ctrl Pts',(13.9275135157398,12.1123774039052,-16.4009376068099));
#3117=CARTESIAN_POINT('Ctrl Pts',(15.0595719324933,12.0533477232923,-9.08377273433529));
#3118=CARTESIAN_POINT('Ctrl Pts',(12.5831709897951,11.9943180426795,-2.10595817343012));
#3119=CARTESIAN_POINT('Ctrl Pts',(7.0916867868463,11.9352883620666,2.86053558083915));
#3120=CARTESIAN_POINT('Ctrl Pts',(-0.0990529500305333,11.8762586814537,
4.62567520430836));
#3121=CARTESIAN_POINT('Ctrl Pts',(-7.2660587697526,11.8172290008409,2.76651162126251));
#3122=CARTESIAN_POINT('Ctrl Pts',(-12.692026394454,11.758199320228,-2.27147696594189));
#3123=CARTESIAN_POINT('Ctrl Pts',(-15.0768293214111,11.6991696396151,-9.28112557580087));
#3124=CARTESIAN_POINT('Ctrl Pts',(-13.8490346385328,11.6401399590023,-16.5828372354348));
#3125=CARTESIAN_POINT('Ctrl Pts',(-9.30284644911069,11.5811102783894,-22.4270288729892));
#3126=CARTESIAN_POINT('Ctrl Pts',(-2.52756896654199,11.5220805977765,-25.4133655611384));
#3127=CARTESIAN_POINT('Ctrl Pts',(4.85332051991264,11.4630509171637,-24.8262730605487));
#3128=CARTESIAN_POINT('Ctrl Pts',(11.0713438073419,11.4040212365508,-20.8064481035287));
#3129=CARTESIAN_POINT('Ctrl Pts',(14.6364380008412,11.3449915559379,-14.3170462736767));
#3130=CARTESIAN_POINT('Ctrl Pts',(14.6946571729158,11.2859618753251,-6.91309639771727));
#3131=CARTESIAN_POINT('Ctrl Pts',(11.231463267537,11.2269321947122,-0.368500558397251));
#3132=CARTESIAN_POINT('Ctrl Pts',(5.07785714293477,11.1679025140993,3.74822203852409));
#3133=CARTESIAN_POINT('Ctrl Pts',(-2.29407743032064,11.1088728334865,4.45139013136152));
#3134=CARTESIAN_POINT('Ctrl Pts',(-6.83960261476994,11.0695197130779,2.53076970594436));
#3135=CARTESIAN_POINT('Ctrl Pts',(-8.74986460900783,11.0498431528736,1.08842482772834));
#3136=CARTESIAN_POINT('Ctrl Pts',(14.4127947421169,11.299980157,-8.73283461039966));
#3137=CARTESIAN_POINT('Ctrl Pts',(14.3774593781004,11.299980157,-8.40306898612912));
#3138=CARTESIAN_POINT('Ctrl Pts',(14.3309106007445,11.299980157,-8.07508602804465));
#3139=CARTESIAN_POINT('Ctrl Pts',(14.273206751658,11.299980157,-7.74946652627236));
#3140=CARTESIAN_POINT('Ctrl Pts',(14.2316925435363,11.299980157,-7.51520423737692));
#3141=CARTESIAN_POINT('Ctrl Pts',(14.1844035271859,11.299980157,-7.28216496845263));
#3142=CARTESIAN_POINT('Ctrl Pts',(14.1313447939433,11.299980157,-7.05056380889416));
#3143=CARTESIAN_POINT('Ctrl Pts',(14.0579909256101,11.299980157,-6.73037446539088));
#3144=CARTESIAN_POINT('Ctrl Pts',(13.9736114965032,11.299980157,-6.41293321990772));
#3145=CARTESIAN_POINT('Ctrl Pts',(13.8785380933842,11.299980157,-6.09872415139329));
#3146=CARTESIAN_POINT('Ctrl Pts',(13.7829004742014,11.299980157,-5.7826503994025));
#3147=CARTESIAN_POINT('Ctrl Pts',(13.6764413635491,11.299980157,-5.46984675754228));
#3148=CARTESIAN_POINT('Ctrl Pts',(13.5594467278517,11.299980157,-5.16081841664803));
#3149=CARTESIAN_POINT('Ctrl Pts',(13.44246702427,11.299980157,-4.8518295172797));
#3150=CARTESIAN_POINT('Ctrl Pts',(13.3149542258306,11.299980157,-4.54661441434587));
#3151=CARTESIAN_POINT('Ctrl Pts',(13.1771464239116,11.299980157,-4.24569863883507));
#3152=CARTESIAN_POINT('Ctrl Pts',(13.1033749051526,11.299980157,-4.08461186821059));
#3153=CARTESIAN_POINT('Ctrl Pts',(13.0266523629288,11.299980157,-3.92475755177224));
#3154=CARTESIAN_POINT('Ctrl Pts',(12.947010085337,11.299980157,-3.76621955583868));
#3155=CARTESIAN_POINT('Ctrl Pts',(12.8992247133649,11.299980157,-3.67109674749546));
#3156=CARTESIAN_POINT('Ctrl Pts',(12.850388167911,11.299980157,-3.57644786157062));
#3157=CARTESIAN_POINT('Ctrl Pts',(12.8005066087899,11.299980157,-3.48229147618743));
#3158=CARTESIAN_POINT('Ctrl Pts',(12.7819452994417,11.299980157,-3.44725516563499));
#3159=CARTESIAN_POINT('Ctrl Pts',(12.7632392888481,11.299980157,-3.41228705237975));
#3160=CARTESIAN_POINT('Ctrl Pts',(12.7443888789763,11.299980157,-3.37738810693264));
#3161=CARTESIAN_POINT('Ctrl Pts',(12.7305389846183,11.299980157,-3.3517469293171));
#3162=CARTESIAN_POINT('Ctrl Pts',(12.7166115641978,11.299980157,-3.32614391822778));
#3163=CARTESIAN_POINT('Ctrl Pts',(12.702611744446,11.299980157,-3.30058844484685));
#3164=CARTESIAN_POINT('Ctrl Pts',(12.5430146617332,11.299980157,-3.00925762264701));
#3165=CARTESIAN_POINT('Ctrl Pts',(12.3738433142925,11.299980157,-2.72378860884085));
#3166=CARTESIAN_POINT('Ctrl Pts',(12.1954412334355,11.299980157,-2.4446605172014));
#3167=CARTESIAN_POINT('Ctrl Pts',(12.0163824410966,11.299980157,-2.16450493405624));
#3168=CARTESIAN_POINT('Ctrl Pts',(11.828024578464,11.299980157,-1.89073649706205));
#3169=CARTESIAN_POINT('Ctrl Pts',(11.630665523291,11.299980157,-1.62385726172945));
#3170=CARTESIAN_POINT('Ctrl Pts',(11.4338253650883,11.299980157,-1.35767970601595));
#3171=CARTESIAN_POINT('Ctrl Pts',(11.2280309913904,11.299980157,-1.09835465081664));
#3172=CARTESIAN_POINT('Ctrl Pts',(11.013532997855,11.299980157,-0.846405677571933));
#3173=CARTESIAN_POINT('Ctrl Pts',(10.9684121247908,11.299980157,-0.793406777894388));
#3174=CARTESIAN_POINT('Ctrl Pts',(10.9229059708543,11.299980157,-0.740734372217202));
#3175=CARTESIAN_POINT('Ctrl Pts',(10.8770166331791,11.299980157,-0.688393511845221));
#3176=CARTESIAN_POINT('Ctrl Pts',(10.6584829309372,11.299980157,-0.439136438740957));
#3177=CARTESIAN_POINT('Ctrl Pts',(10.4312621632209,11.299980157,-0.197395321621709));
#3178=CARTESIAN_POINT('Ctrl Pts',(10.195836692299,11.299980157,0.0365159905467537));
#3179=CARTESIAN_POINT('Ctrl Pts',(10.0105140287063,11.299980157,0.220646735813061));
#3180=CARTESIAN_POINT('Ctrl Pts',(9.82010641202963,11.299980157,0.399925071088413));
#3181=CARTESIAN_POINT('Ctrl Pts',(9.62483461780943,11.299980157,0.57418043208992));
#3182=CARTESIAN_POINT('Ctrl Pts',(9.53819677696067,11.299980157,0.651493739389537));
#3183=CARTESIAN_POINT('Ctrl Pts',(9.45060126799555,11.299980157,0.727818058094542));
#3184=CARTESIAN_POINT('Ctrl Pts',(9.36206669193875,11.299980157,0.803137426834767));
#3185=CARTESIAN_POINT('Ctrl Pts',(9.3124452969104,11.299980157,0.845352031749657));
#3186=CARTESIAN_POINT('Ctrl Pts',(9.26252890384662,11.299980157,0.887250937668192));
#3187=CARTESIAN_POINT('Ctrl Pts',(9.21232073655762,11.299980157,0.928831239598824));
#3188=CARTESIAN_POINT('Ctrl Pts',(9.18130243831087,11.299980157,0.954519295469306));
#3189=CARTESIAN_POINT('Ctrl Pts',(9.15017277810303,11.299980157,0.980085748634805));
#3190=CARTESIAN_POINT('Ctrl Pts',(9.1189325095197,11.299980157,1.0055299007894));
#3191=CARTESIAN_POINT('Ctrl Pts',(9.09404791212866,11.299980157,1.02579757168456));
#3192=CARTESIAN_POINT('Ctrl Pts',(9.06910088699444,11.299980157,1.04598132666314));
#3193=CARTESIAN_POINT('Ctrl Pts',(9.04409217819875,11.299980157,1.06608076747942));
#3194=CARTESIAN_POINT('Ctrl Pts',(8.78606871208243,11.299980157,1.27345362422237));
#3195=CARTESIAN_POINT('Ctrl Pts',(8.52147430052665,11.299980157,1.47186084636013));
#3196=CARTESIAN_POINT('Ctrl Pts',(8.25084343485015,11.299980157,1.66105908178457));
#3197=CARTESIAN_POINT('Ctrl Pts',(7.97723863125114,11.299980157,1.85233639937797));
#3198=CARTESIAN_POINT('Ctrl Pts',(7.69746355221096,11.299980157,2.03420162053104));
#3199=CARTESIAN_POINT('Ctrl Pts',(7.41203117224415,11.299980157,2.206367516307));
#3200=CARTESIAN_POINT('Ctrl Pts',(7.1265899525857,11.299980157,2.37853874397078));
#3201=CARTESIAN_POINT('Ctrl Pts',(6.83549058676964,11.299980157,2.54101038792357));
#3202=CARTESIAN_POINT('Ctrl Pts',(6.53921400868306,11.299980157,2.69345415654315));
#3203=CARTESIAN_POINT('Ctrl Pts',(6.24563171676618,11.299980157,2.84451162881727));
#3204=CARTESIAN_POINT('Ctrl Pts',(5.94696543440271,11.299980157,2.98572305125899));
#3205=CARTESIAN_POINT('Ctrl Pts',(5.64365914718445,11.299980157,3.11672424325317));
#3206=CARTESIAN_POINT('Ctrl Pts',(5.41553783604825,11.299980157,3.21525224922428));
#3207=CARTESIAN_POINT('Ctrl Pts',(5.18479124621216,11.299980157,3.30800367977754));
#3208=CARTESIAN_POINT('Ctrl Pts',(4.95160181530193,11.299980157,3.39480522002942));
#3209=CARTESIAN_POINT('Ctrl Pts',(4.80869699207274,11.299980157,3.44799956386095));
#3210=CARTESIAN_POINT('Ctrl Pts',(4.66487463757683,11.299980157,3.49895904998679));
#3211=CARTESIAN_POINT('Ctrl Pts',(4.52018858581248,11.299980157,3.54767478994285));
#3212=CARTESIAN_POINT('Ctrl Pts',(4.43265739401044,11.299980157,3.57714650975187));
#3213=CARTESIAN_POINT('Ctrl Pts',(4.34481008739501,11.299980157,3.60579699161383));
#3214=CARTESIAN_POINT('Ctrl Pts',(4.25665853301623,11.299980157,3.63362386564391));
#3215=CARTESIAN_POINT('Ctrl Pts',(4.20906118778147,11.299980157,3.64864895895449));
#3216=CARTESIAN_POINT('Ctrl Pts',(4.1613751401015,11.299980157,3.66343392833104));
#3217=CARTESIAN_POINT('Ctrl Pts',(4.11360225511901,11.299980157,3.67797836368087));
#3218=CARTESIAN_POINT('Ctrl Pts',(4.08558988978072,11.299980157,3.6865067168839));
#3219=CARTESIAN_POINT('Ctrl Pts',(4.05754890442675,11.299980157,3.69495197104889));
#3220=CARTESIAN_POINT('Ctrl Pts',(4.02948913636775,11.299980157,3.70331130655597));
#3221=CARTESIAN_POINT('Ctrl Pts',(3.71273606791295,11.299980157,3.7976757776572));
#3222=CARTESIAN_POINT('Ctrl Pts',(3.39326353453977,11.299980157,3.88119579329797));
#3223=CARTESIAN_POINT('Ctrl Pts',(3.07166582870172,11.299980157,3.95392884835927));
#3224=CARTESIAN_POINT('Ctrl Pts',(2.74653064197809,11.299980157,4.02746194579451));
#3225=CARTESIAN_POINT('Ctrl Pts',(2.41922273547645,11.299980157,4.08996961301978));
#3226=CARTESIAN_POINT('Ctrl Pts',(2.09033323167667,11.299980157,4.14146292039791));
#3227=CARTESIAN_POINT('Ctrl Pts',(1.75957349394651,11.299980157,4.19324904505823));
#3228=CARTESIAN_POINT('Ctrl Pts',(1.42721353947538,11.299980157,4.23389530041477));
#3229=CARTESIAN_POINT('Ctrl Pts',(1.09383999129005,11.299980157,4.26336244902955));
#3230=CARTESIAN_POINT('Ctrl Pts',(0.761436847944125,11.299980157,4.29274382280173));
#3231=CARTESIAN_POINT('Ctrl Pts',(0.428025408329471,11.299980157,4.31101112713574));
#3232=CARTESIAN_POINT('Ctrl Pts',(0.0941815186687172,11.299980157,4.31807428668071));
#3233=CARTESIAN_POINT('Ctrl Pts',(-0.237126690724093,11.299980157,4.32508379865315));
#3234=CARTESIAN_POINT('Ctrl Pts',(-0.568861379034325,11.299980157,4.32105873748705));
#3235=CARTESIAN_POINT('Ctrl Pts',(-0.900456616907923,11.299980157,4.30586013883617));
#3236=CARTESIAN_POINT('Ctrl Pts',(-1.13462652898815,11.299980157,4.29512700969764));
#3237=CARTESIAN_POINT('Ctrl Pts',(-1.36872684657835,11.299980157,4.27882050393205));
#3238=CARTESIAN_POINT('Ctrl Pts',(-1.60255496659141,11.299980157,4.25687608228161));
#3239=CARTESIAN_POINT('Ctrl Pts',(-1.63879175422184,11.299980157,4.25347531360171));
#3240=CARTESIAN_POINT('Ctrl Pts',(-1.6750132856839,11.299980157,4.24993992660737));
#3241=CARTESIAN_POINT('Ctrl Pts',(-1.71121545267375,11.299980157,4.24627021402209));
#3242=CARTESIAN_POINT('Ctrl Pts',(-1.89196129216535,11.299980157,4.22794851294532));
#3243=CARTESIAN_POINT('Ctrl Pts',(-2.0722515701498,11.299980157,4.2062763072015));
#3244=CARTESIAN_POINT('Ctrl Pts',(-2.25199413903939,11.299980157,4.18124816110011));
#3245=CARTESIAN_POINT('Ctrl Pts',(-2.58232346502078,11.299980157,4.1352516524082));
#3246=CARTESIAN_POINT('Ctrl Pts',(-2.91080317549784,11.299980157,4.07792374123445));
#3247=CARTESIAN_POINT('Ctrl Pts',(-3.23692658009199,11.299980157,4.00956205646923));
#3248=CARTESIAN_POINT('Ctrl Pts',(-3.56526538386885,11.299980157,3.94073598178773));
#3249=CARTESIAN_POINT('Ctrl Pts',(-3.89121631020668,11.299980157,3.86072555827969));
#3250=CARTESIAN_POINT('Ctrl Pts',(-4.21425534054362,11.299980157,3.76978178096648));
#3251=CARTESIAN_POINT('Ctrl Pts',(-4.53760384092434,11.299980157,3.6787508798939));
#3252=CARTESIAN_POINT('Ctrl Pts',(-4.85803541989201,11.299980157,3.57676546318898));
#3253=CARTESIAN_POINT('Ctrl Pts',(-5.17500931030549,11.299980157,3.46402738460433));
#3254=CARTESIAN_POINT('Ctrl Pts',(-5.236020893492,11.299980157,3.44232739962802));
#3255=CARTESIAN_POINT('Ctrl Pts',(-5.29690431269259,11.299980157,3.42022889538882));
#3256=CARTESIAN_POINT('Ctrl Pts',(-5.35765561980544,11.299980157,3.39773310935086));
#3257=CARTESIAN_POINT('Ctrl Pts',(-5.39953397716111,11.299980157,3.38222584520353));
#3258=CARTESIAN_POINT('Ctrl Pts',(-5.44134955539517,11.299980157,3.36652979506629));
#3259=CARTESIAN_POINT('Ctrl Pts',(-5.48310105170405,11.299980157,3.35064534673661));
#3260=CARTESIAN_POINT('Ctrl Pts',(-5.52260826352252,11.299980157,3.33561474136291));
#3261=CARTESIAN_POINT('Ctrl Pts',(-5.56205008804922,11.299980157,3.32041847900554));
#3262=CARTESIAN_POINT('Ctrl Pts',(-5.60142067016509,11.299980157,3.30505900674796));
#3263=CARTESIAN_POINT('Ctrl Pts',(-5.91579422277004,11.299980157,3.18241383361992));
#3264=CARTESIAN_POINT('Ctrl Pts',(-6.22572494586337,11.299980157,3.04932912956459));
#3265=CARTESIAN_POINT('Ctrl Pts',(-6.53069418750866,11.299980157,2.90608352483681));
#3266=CARTESIAN_POINT('Ctrl Pts',(-6.83585220647374,11.299980157,2.76274925044127));
#3267=CARTESIAN_POINT('Ctrl Pts',(-7.13604315400761,11.299980157,2.60924126997554));
#3268=CARTESIAN_POINT('Ctrl Pts',(-7.43073157928422,11.299980157,2.44578898061526));
#3269=CARTESIAN_POINT('Ctrl Pts',(-7.7229282951844,11.299980157,2.28371874622241));
#3270=CARTESIAN_POINT('Ctrl Pts',(-8.009715655085,11.299980157,2.11187138199593));
#3271=CARTESIAN_POINT('Ctrl Pts',(-8.29054824212327,11.299980157,1.93042544371723));
#3272=CARTESIAN_POINT('Ctrl Pts',(-8.53532669311819,11.299980157,1.77227408322314));
#3273=CARTESIAN_POINT('Ctrl Pts',(-8.77558107098776,11.299980157,1.60682976727038));
#3274=CARTESIAN_POINT('Ctrl Pts',(-9.01093093422192,11.299980157,1.43418476806153));
#3275=CARTESIAN_POINT('Origin',(0.,20.099980157,-10.500019843));
#3276=CARTESIAN_POINT('Origin',(0.,20.599980157,-10.500019843));
#3277=CARTESIAN_POINT('Origin',(0.,20.599980157,-10.500019843));
#3278=CARTESIAN_POINT('Origin',(0.,20.599980157,-10.500019843));
#3279=CARTESIAN_POINT('Origin',(0.,19.899980157,-10.500019843));
#3280=CARTESIAN_POINT('',(11.45610620314,15.299980157,-15.2452944043271));
#3281=CARTESIAN_POINT('',(11.45610620314,19.899980157,-15.2452944043271));
#3282=CARTESIAN_POINT('Origin',(0.,15.299980157,-10.500019843));
#3283=CARTESIAN_POINT('Origin',(0.,11.299980157,-10.500019843));
#3284=CARTESIAN_POINT('',(12.5185676655279,11.299980157,-15.685380351547));
#3285=CARTESIAN_POINT('Origin',(0.,11.299980157,-10.500019843));
#3286=CARTESIAN_POINT('Origin',(0.,15.899980157,-10.500019843));
#3287=CARTESIAN_POINT('',(12.5185676655279,15.299980157,-15.685380351547));
#3288=CARTESIAN_POINT('Origin',(0.,15.299980157,-10.500019843));
#3289=CARTESIAN_POINT('',(12.5185676655279,15.899980157,-15.685380351547));
#3290=CARTESIAN_POINT('Origin',(0.,15.299980157,-10.500019843));
#3291=CARTESIAN_POINT('Origin',(6.16120326107795,17.799980157,4.37444063043171));
#3292=CARTESIAN_POINT('',(6.87676329578336,17.799980157,0.614390918428905));
#3293=CARTESIAN_POINT('',(8.10135027935165,17.799980157,3.57080542246503));
#3294=CARTESIAN_POINT('Origin',(4.93661627750966,17.799980157,1.41802612639559));
#3295=CARTESIAN_POINT('Origin',(4.93661627750966,17.799980157,1.41802612639559));
#3296=CARTESIAN_POINT('Origin',(14.8744604732966,17.799980157,-4.33881658197803));
#3297=CARTESIAN_POINT('',(12.7216811776196,17.799980157,-7.50355058367009));
#3298=CARTESIAN_POINT('',(15.6780956812633,17.799980157,-6.27896360025173));
#3299=CARTESIAN_POINT('Origin',(11.9180459689952,17.799980157,-5.5634035656562));
#3300=CARTESIAN_POINT('Origin',(11.9180459689952,17.799980157,-5.5634035656562));
#3301=CARTESIAN_POINT('Origin',(14.8744604734317,17.799980157,-16.661223104078));
#3302=CARTESIAN_POINT('',(11.1144107614289,17.799980157,-17.3767831387834));
#3303=CARTESIAN_POINT('',(14.070825265465,17.799980157,-18.6013701223517));
#3304=CARTESIAN_POINT('Origin',(11.9180459693956,17.799980157,-15.4366361205097));
#3305=CARTESIAN_POINT('Origin',(11.9180459693956,17.799980157,-15.4366361205097));
#3306=CARTESIAN_POINT('Origin',(6.16120326102198,17.799980157,-25.3744803162966));
#3307=CARTESIAN_POINT('',(2.99646925932992,17.799980157,-23.2217010206196));
#3308=CARTESIAN_POINT('',(4.22105624274828,17.799980157,-26.1781155242633));
#3309=CARTESIAN_POINT('Origin',(4.9366162773438,17.799980157,-22.4180658119952));
#3310=CARTESIAN_POINT('Origin',(4.9366162773438,17.799980157,-22.4180658119952));
#3311=CARTESIAN_POINT('Origin',(-6.16120326107795,17.799980157,-25.3744803164317));
#3312=CARTESIAN_POINT('',(-6.87676329578336,17.799980157,-21.6144306044289));
#3313=CARTESIAN_POINT('',(-8.10135027935165,17.799980157,-24.570845108465));
#3314=CARTESIAN_POINT('Origin',(-4.93661627750966,17.799980157,-22.4180658123956));
#3315=CARTESIAN_POINT('Origin',(-4.93661627750966,17.799980157,-22.4180658123956));
#3316=CARTESIAN_POINT('Origin',(-14.8744604732966,17.799980157,-16.661223104022));
#3317=CARTESIAN_POINT('',(-12.7216811776196,17.799980157,-13.4964891023299));
#3318=CARTESIAN_POINT('',(-15.6780956812633,17.799980157,-14.7210760857483));
#3319=CARTESIAN_POINT('Origin',(-11.9180459689952,17.799980157,-15.4366361203438));
#3320=CARTESIAN_POINT('Origin',(-11.9180459689952,17.799980157,-15.4366361203438));
#3321=CARTESIAN_POINT('Origin',(-14.8744604734317,17.799980157,-4.33881658192206));
#3322=CARTESIAN_POINT('',(-11.1144107614289,17.799980157,-3.62325654721664));
#3323=CARTESIAN_POINT('',(-14.070825265465,17.799980157,-2.39866956364836));
#3324=CARTESIAN_POINT('Origin',(-11.9180459693956,17.799980157,-5.56340356549035));
#3325=CARTESIAN_POINT('Origin',(-11.9180459693956,17.799980157,-5.56340356549035));
#3326=CARTESIAN_POINT('Origin',(-6.16120326102198,17.799980157,4.37444063029659));
#3327=CARTESIAN_POINT('',(-2.99646925932992,17.799980157,2.22166133461962));
#3328=CARTESIAN_POINT('',(-4.22105624274827,17.799980157,5.17807583826328));
#3329=CARTESIAN_POINT('Origin',(-4.9366162773438,17.799980157,1.41802612599518));
#3330=CARTESIAN_POINT('Origin',(-4.9366162773438,17.799980157,1.41802612599518));
#3331=UNCERTAINTY_MEASURE_WITH_UNIT(LENGTH_MEASURE(0.01),#3335,
'DISTANCE_ACCURACY_VALUE',
'Maximum model space distance between geometric entities at asserted c
onnectivities');
#3332=UNCERTAINTY_MEASURE_WITH_UNIT(LENGTH_MEASURE(0.01),#3335,
'DISTANCE_ACCURACY_VALUE',
'Maximum model space distance between geometric entities at asserted c
onnectivities');
#3333=(
GEOMETRIC_REPRESENTATION_CONTEXT(3)
GLOBAL_UNCERTAINTY_ASSIGNED_CONTEXT((#3331))
GLOBAL_UNIT_ASSIGNED_CONTEXT((#3335,#3337,#3338))
REPRESENTATION_CONTEXT('','3D')
);
#3334=(
GEOMETRIC_REPRESENTATION_CONTEXT(3)
GLOBAL_UNCERTAINTY_ASSIGNED_CONTEXT((#3332))
GLOBAL_UNIT_ASSIGNED_CONTEXT((#3335,#3337,#3338))
REPRESENTATION_CONTEXT('','3D')
);
#3335=(
LENGTH_UNIT()
NAMED_UNIT(*)
SI_UNIT(.MILLI.,.METRE.)
);
#3336=(
LENGTH_UNIT()
NAMED_UNIT(*)
SI_UNIT($,.METRE.)
);
#3337=(
NAMED_UNIT(*)
PLANE_ANGLE_UNIT()
SI_UNIT($,.RADIAN.)
);
#3338=(
NAMED_UNIT(*)
SI_UNIT($,.STERADIAN.)
SOLID_ANGLE_UNIT()
);
#3339=SHAPE_DEFINITION_REPRESENTATION(#3340,#3341);
#3340=PRODUCT_DEFINITION_SHAPE('',$,#3343);
#3341=SHAPE_REPRESENTATION('',(#787),#3333);
#3342=PRODUCT_DEFINITION_CONTEXT('part definition',#3347,'design');
#3343=PRODUCT_DEFINITION('2025-09-07-12-03-13-868','middle',#3344,#3342);
#3344=PRODUCT_DEFINITION_FORMATION('',$,#3349);
#3345=PRODUCT_RELATED_PRODUCT_CATEGORY('middle','middle',(#3349));
#3346=APPLICATION_PROTOCOL_DEFINITION('international standard',
'automotive_design',2009,#3347);
#3347=APPLICATION_CONTEXT(
'Core Data for Automotive Mechanical Design Process');
#3348=PRODUCT_CONTEXT('part definition',#3347,'mechanical');
#3349=PRODUCT('2025-09-07-12-03-13-868','middle',$,(#3348));
#3350=PRESENTATION_STYLE_ASSIGNMENT((#3352));
#3351=PRESENTATION_STYLE_ASSIGNMENT((#3353));
#3352=SURFACE_STYLE_USAGE(.BOTH.,#3354);
#3353=SURFACE_STYLE_USAGE(.BOTH.,#3355);
#3354=SURFACE_SIDE_STYLE('',(#3356));
#3355=SURFACE_SIDE_STYLE('',(#3357));
#3356=SURFACE_STYLE_FILL_AREA(#3358);
#3357=SURFACE_STYLE_FILL_AREA(#3359);
#3358=FILL_AREA_STYLE('Steel - Satin',(#3360));
#3359=FILL_AREA_STYLE('Opaque(173,173,173)',(#3361));
#3360=FILL_AREA_STYLE_COLOUR('Steel - Satin',#3362);
#3361=FILL_AREA_STYLE_COLOUR('Opaque(173,173,173)',#3363);
#3362=COLOUR_RGB('Steel - Satin',0.627450980392157,0.627450980392157,0.627450980392157);
#3363=COLOUR_RGB('Opaque(173,173,173)',0.67843137254902,0.67843137254902,
0.67843137254902);
ENDSEC;
END-ISO-10303-21;
